model,zone,tech_type,planning_year,existing,unit,start_value,end_value,retired_value,new_build_value
USENSYS,BASN,Battery,2027,True,MW,0.0,936,0.0,0.0
USENSYS,BASN,Battery,2027,True,MWh,0.0,2196,0.0,0.0
USENSYS,BASN,Battery,2030,True,MW,936.0,936,0.0,0.0
USENSYS,BASN,Battery,2030,True,MWh,2196.0,2196,0.0,0.0
USENSYS,BASN,Battery,2035,True,MW,936.0,935,1.0,0.0
USENSYS,BASN,Battery,2035,True,MWh,2196.0,2195,1.0,0.0
USENSYS,BASN,Battery,2040,False,MW,0.0,2656,0.0,0.0
USENSYS,BASN,Battery,2040,False,MWh,0.0,8662,0.0,0.0
USENSYS,BASN,Coal,2027,True,MW,0.0,3000,0.0,0.0
USENSYS,BASN,Coal,2030,True,MW,3000.0,3000,0.0,0.0
USENSYS,BASN,Coal,2035,True,MW,3000.0,3000,0.0,0.0
USENSYS,BASN,Coal,2040,True,MW,3000.0,2091,909.0,0.0
USENSYS,BASN,Distributed Solar,2027,True,MW,0.0,1193,0.0,0.0
USENSYS,BASN,Distributed Solar,2030,True,MW,1193.0,1641,0.0,448.0
USENSYS,BASN,Distributed Solar,2035,True,MW,1641.0,2007,0.0,366.0
USENSYS,BASN,Distributed Solar,2040,True,MW,2007.0,2009,0.0,2.0
USENSYS,BASN,Geothermal,2027,True,MW,0.0,462,0.0,0.0
USENSYS,BASN,Geothermal,2030,True,MW,462.0,433,29.0,0.0
USENSYS,BASN,Geothermal,2035,True,MW,433.0,414,19.0,0.0
USENSYS,BASN,Geothermal,2040,True,MW,414.0,287,127.0,0.0
USENSYS,BASN,Hydro,2027,True,MW,0.0,2663,0.0,0.0
USENSYS,BASN,Hydro,2030,True,MW,2663.0,2663,0.0,0.0
USENSYS,BASN,Hydro,2035,True,MW,2663.0,2653,10.0,0.0
USENSYS,BASN,Hydro,2040,True,MW,2653.0,1860,793.0,0.0
USENSYS,BASN,Natural Gas CC,2027,True,MW,0.0,8312,0.0,0.0
USENSYS,BASN,Natural Gas CC,2030,True,MW,8312.0,8219,93.0,0.0
USENSYS,BASN,Natural Gas CC,2035,True,MW,8219.0,8029,190.0,0.0
USENSYS,BASN,Natural Gas CC,2040,False,MW,0.0,925,0.0,0.0
USENSYS,BASN,Natural Gas CC,2040,True,MW,8029.0,7529,500.0,0.0
USENSYS,BASN,Natural Gas CT,2027,True,MW,0.0,2183,0.0,0.0
USENSYS,BASN,Natural Gas CT,2030,True,MW,2183.0,2183,0.0,0.0
USENSYS,BASN,Natural Gas CT,2035,True,MW,2183.0,2061,122.0,0.0
USENSYS,BASN,Natural Gas CT,2040,True,MW,2061.0,2061,0.0,0.0
USENSYS,BASN,Natural Gas Other,2027,True,MW,0.0,689,0.0,0.0
USENSYS,BASN,Natural Gas Other,2030,True,MW,689.0,463,226.0,0.0
USENSYS,BASN,Natural Gas Other,2035,True,MW,463.0,226,237.0,0.0
USENSYS,BASN,Natural Gas Other,2040,True,MW,226.0,226,0.0,0.0
USENSYS,BASN,Other,2027,True,MW,0.0,55,0.0,0.0
USENSYS,BASN,Other,2030,True,MW,55.0,55,0.0,0.0
USENSYS,BASN,Other,2035,True,MW,55.0,51,4.0,0.0
USENSYS,BASN,Other,2040,True,MW,51.0,39,12.0,0.0
USENSYS,BASN,Solar,2027,True,MW,0.0,8006,0.0,0.0
USENSYS,BASN,Solar,2030,False,MW,0.0,5388,0.0,0.0
USENSYS,BASN,Solar,2030,True,MW,8006.0,8006,0.0,0.0
USENSYS,BASN,Solar,2035,False,MW,5388.0,11593,0.0,5967.0
USENSYS,BASN,Solar,2035,True,MW,8006.0,8006,0.0,0.0
USENSYS,BASN,Solar,2040,False,MW,11593.0,20750,0.0,5517.0
USENSYS,BASN,Solar,2040,True,MW,8006.0,7934,72.0,0.0
USENSYS,BASN,Wind,2027,False,MW,0.0,11485,0.0,11485.0
USENSYS,BASN,Wind,2027,True,MW,0.0,2030,0.0,0.0
USENSYS,BASN,Wind,2030,False,MW,11485.0,24299,0.0,5208.0
USENSYS,BASN,Wind,2030,True,MW,2030.0,2030,0.0,0.0
USENSYS,BASN,Wind,2035,False,MW,24299.0,33370,0.0,3.0
USENSYS,BASN,Wind,2035,True,MW,2030.0,2020,10.0,0.0
USENSYS,BASN,Wind,2040,False,MW,33370.0,34180,0.0,0.0
USENSYS,BASN,Wind,2040,True,MW,2020.0,1454,566.0,0.0
USENSYS,CANO,Battery,2027,True,MW,0.0,2651,0.0,0.0
USENSYS,CANO,Battery,2027,True,MWh,0.0,10571,0.0,0.0
USENSYS,CANO,Battery,2030,True,MW,2651.0,2651,0.0,0.0
USENSYS,CANO,Battery,2030,True,MWh,10571.0,10571,0.0,0.0
USENSYS,CANO,Battery,2035,True,MW,2651.0,2646,5.0,0.0
USENSYS,CANO,Battery,2035,True,MWh,10571.0,10561,10.0,0.0
USENSYS,CANO,Battery,2040,False,MW,0.0,3095,0.0,0.0
USENSYS,CANO,Battery,2040,False,MWh,0.0,15247,0.0,0.0
USENSYS,CANO,Distributed Solar,2027,True,MW,0.0,4470,0.0,0.0
USENSYS,CANO,Distributed Solar,2030,True,MW,4470.0,5319,0.0,849.0
USENSYS,CANO,Distributed Solar,2035,True,MW,5319.0,6156,0.0,837.0
USENSYS,CANO,Distributed Solar,2040,True,MW,6156.0,6415,0.0,259.0
USENSYS,CANO,Hydro,2027,True,MW,0.0,9704,0.0,0.0
USENSYS,CANO,Hydro,2027,True,MWh,0.0,35292,0.0,0.0
USENSYS,CANO,Hydro,2030,True,MW,9704.0,9466,238.0,0.0
USENSYS,CANO,Hydro,2030,True,MWh,35292.0,35292,0.0,0.0
USENSYS,CANO,Hydro,2035,True,MW,9466.0,9397,69.0,0.0
USENSYS,CANO,Hydro,2035,True,MWh,35292.0,35292,0.0,0.0
USENSYS,CANO,Hydro,2040,True,MW,9397.0,9394,3.0,0.0
USENSYS,CANO,Hydro,2040,True,MWh,35292.0,35292,0.0,0.0
USENSYS,CANO,Natural Gas CC,2027,True,MW,0.0,11410,0.0,0.0
USENSYS,CANO,Natural Gas CC,2030,True,MW,11410.0,11410,0.0,0.0
USENSYS,CANO,Natural Gas CC,2035,True,MW,11410.0,11410,0.0,0.0
USENSYS,CANO,Natural Gas CC,2040,False,MW,0.0,566,0.0,0.0
USENSYS,CANO,Natural Gas CC,2040,True,MW,11410.0,11410,0.0,0.0
USENSYS,CANO,Natural Gas CT,2027,True,MW,0.0,4676,0.0,0.0
USENSYS,CANO,Natural Gas CT,2030,True,MW,4676.0,4670,6.0,0.0
USENSYS,CANO,Natural Gas CT,2035,True,MW,4670.0,4587,83.0,0.0
USENSYS,CANO,Natural Gas CT,2040,True,MW,4587.0,3503,1084.0,0.0
USENSYS,CANO,Natural Gas Other,2027,True,MW,0.0,447,0.0,0.0
USENSYS,CANO,Natural Gas Other,2030,True,MW,447.0,447,0.0,0.0
USENSYS,CANO,Natural Gas Other,2035,True,MW,447.0,447,0.0,0.0
USENSYS,CANO,Natural Gas Other,2040,True,MW,447.0,447,0.0,0.0
USENSYS,CANO,Other,2027,True,MW,0.0,405,0.0,0.0
USENSYS,CANO,Other,2030,True,MW,405.0,397,8.0,0.0
USENSYS,CANO,Other,2035,True,MW,397.0,387,10.0,0.0
USENSYS,CANO,Other,2040,True,MW,387.0,238,149.0,0.0
USENSYS,CANO,Solar,2027,True,MW,0.0,6328,0.0,0.0
USENSYS,CANO,Solar,2030,False,MW,0.0,14069,0.0,0.0
USENSYS,CANO,Solar,2030,True,MW,6328.0,6328,0.0,0.0
USENSYS,CANO,Solar,2035,False,MW,14069.0,22729,0.0,1417.0
USENSYS,CANO,Solar,2035,True,MW,6328.0,6328,0.0,0.0
USENSYS,CANO,Solar,2040,False,MW,22729.0,30003,0.0,7274.0
USENSYS,CANO,Solar,2040,True,MW,6328.0,6287,41.0,0.0
USENSYS,CANO,Wind,2027,True,MW,0.0,1442,0.0,0.0
USENSYS,CANO,Wind,2030,True,MW,1442.0,1442,0.0,0.0
USENSYS,CANO,Wind,2035,False,MW,0.0,511,0.0,0.0
USENSYS,CANO,Wind,2035,True,MW,1442.0,1262,180.0,0.0
USENSYS,CANO,Wind,2040,False,MW,511.0,511,0.0,0.0
USENSYS,CANO,Wind,2040,True,MW,1262.0,698,564.0,0.0
USENSYS,CASO,Battery,2027,True,MW,0.0,8928,0.0,0.0
USENSYS,CASO,Battery,2027,True,MWh,0.0,33569,0.0,0.0
USENSYS,CASO,Battery,2030,True,MW,8928.0,8920,8.0,0.0
USENSYS,CASO,Battery,2030,True,MWh,33569.0,33541,28.0,0.0
USENSYS,CASO,Battery,2035,False,MWh,0.0,1,0.0,0.0
USENSYS,CASO,Battery,2035,True,MW,8920.0,8440,480.0,0.0
USENSYS,CASO,Battery,2035,True,MWh,33541.0,32541,1000.0,0.0
USENSYS,CASO,Battery,2040,False,MW,0.0,9834,0.0,0.0
USENSYS,CASO,Battery,2040,False,MWh,1.0,43436,0.0,43435.0
USENSYS,CASO,Battery,2040,True,MW,8440.0,84,8356.0,0.0
USENSYS,CASO,Battery,2040,True,MWh,32541.0,336,32205.0,0.0
USENSYS,CASO,Distributed Solar,2027,True,MW,0.0,6944,0.0,0.0
USENSYS,CASO,Distributed Solar,2030,True,MW,6944.0,8263,0.0,1319.0
USENSYS,CASO,Distributed Solar,2035,True,MW,8263.0,9563,0.0,1300.0
USENSYS,CASO,Distributed Solar,2040,True,MW,9563.0,9965,0.0,402.0
USENSYS,CASO,Geothermal,2027,True,MW,0.0,24,0.0,0.0
USENSYS,CASO,Geothermal,2030,True,MW,24.0,24,0.0,0.0
USENSYS,CASO,Geothermal,2035,True,MW,24.0,24,0.0,0.0
USENSYS,CASO,Geothermal,2040,True,MW,24.0,24,0.0,0.0
USENSYS,CASO,Hydro,2027,True,MW,0.0,2706,0.0,0.0
USENSYS,CASO,Hydro,2027,True,MWh,0.0,25808,0.0,0.0
USENSYS,CASO,Hydro,2030,True,MW,2706.0,2703,3.0,0.0
USENSYS,CASO,Hydro,2030,True,MWh,25808.0,25808,0.0,0.0
USENSYS,CASO,Hydro,2035,True,MW,2703.0,2687,16.0,0.0
USENSYS,CASO,Hydro,2035,True,MWh,25808.0,25808,0.0,0.0
USENSYS,CASO,Hydro,2040,True,MW,2687.0,2687,0.0,0.0
USENSYS,CASO,Hydro,2040,True,MWh,25808.0,25808,0.0,0.0
USENSYS,CASO,Natural Gas CC,2027,True,MW,0.0,9587,0.0,0.0
USENSYS,CASO,Natural Gas CC,2030,True,MW,9587.0,9587,0.0,0.0
USENSYS,CASO,Natural Gas CC,2035,True,MW,9587.0,9587,0.0,0.0
USENSYS,CASO,Natural Gas CC,2040,False,MW,0.0,4853,0.0,0.0
USENSYS,CASO,Natural Gas CC,2040,True,MW,9587.0,9469,118.0,0.0
USENSYS,CASO,Natural Gas CT,2027,True,MW,0.0,6445,0.0,0.0
USENSYS,CASO,Natural Gas CT,2030,True,MW,6445.0,6445,0.0,0.0
USENSYS,CASO,Natural Gas CT,2035,True,MW,6445.0,5994,451.0,0.0
USENSYS,CASO,Natural Gas CT,2040,True,MW,5994.0,5415,579.0,0.0
USENSYS,CASO,Natural Gas Other,2027,True,MW,0.0,52,0.0,0.0
USENSYS,CASO,Natural Gas Other,2030,True,MW,52.0,52,0.0,0.0
USENSYS,CASO,Natural Gas Other,2035,True,MW,50.0,50,0.0,0.0
USENSYS,CASO,Natural Gas Other,2040,True,MW,50.0,50,0.0,0.0
USENSYS,CASO,Other,2027,True,MW,0.0,155,0.0,0.0
USENSYS,CASO,Other,2030,True,MW,155.0,143,12.0,0.0
USENSYS,CASO,Other,2035,True,MW,143.0,131,12.0,0.0
USENSYS,CASO,Other,2040,True,MW,131.0,94,37.0,0.0
USENSYS,CASO,Solar,2027,True,MW,0.0,13797,0.0,0.0
USENSYS,CASO,Solar,2030,False,MW,0.0,12297,0.0,0.0
USENSYS,CASO,Solar,2030,True,MW,13797.0,13797,0.0,0.0
USENSYS,CASO,Solar,2035,False,MW,12297.0,20047,0.0,7750.0
USENSYS,CASO,Solar,2035,True,MW,13797.0,13796,1.0,0.0
USENSYS,CASO,Solar,2040,False,MW,20047.0,20048,0.0,1.0
USENSYS,CASO,Solar,2040,True,MW,13796.0,13757,39.0,0.0
USENSYS,CASO,Wind,2027,True,MW,0.0,4056,0.0,0.0
USENSYS,CASO,Wind,2030,False,MW,0.0,1627,0.0,0.0
USENSYS,CASO,Wind,2030,True,MW,4056.0,3945,111.0,0.0
USENSYS,CASO,Wind,2035,False,MW,1627.0,1788,0.0,0.0
USENSYS,CASO,Wind,2035,True,MW,3945.0,3671,274.0,0.0
USENSYS,CASO,Wind,2040,False,MW,1788.0,2682,0.0,0.0
USENSYS,CASO,Wind,2040,True,MW,3671.0,3464,207.0,0.0
USENSYS,FRCC,Battery,2027,True,MW,0.0,555,0.0,0.0
USENSYS,FRCC,Battery,2027,True,MWh,0.0,1129,0.0,0.0
USENSYS,FRCC,Battery,2030,True,MW,555.0,555,0.0,0.0
USENSYS,FRCC,Battery,2030,True,MWh,1129.0,1129,0.0,0.0
USENSYS,FRCC,Battery,2035,False,MW,0.0,1,0.0,0.0
USENSYS,FRCC,Battery,2035,False,MWh,0.0,6,0.0,0.0
USENSYS,FRCC,Battery,2035,True,MW,555.0,514,41.0,0.0
USENSYS,FRCC,Battery,2035,True,MWh,1129.0,1032,97.0,0.0
USENSYS,FRCC,Battery,2040,False,MW,1.0,3237,0.0,3236.0
USENSYS,FRCC,Battery,2040,False,MWh,6.0,15526,0.0,15520.0
USENSYS,FRCC,Coal,2027,True,MW,0.0,3577,0.0,0.0
USENSYS,FRCC,Coal,2030,True,MW,3577.0,3577,0.0,0.0
USENSYS,FRCC,Coal,2035,True,MW,3577.0,3284,293.0,0.0
USENSYS,FRCC,Coal,2040,True,MW,3284.0,2991,293.0,0.0
USENSYS,FRCC,Distributed Solar,2027,True,MW,0.0,2945,0.0,0.0
USENSYS,FRCC,Distributed Solar,2030,True,MW,2945.0,5591,0.0,2646.0
USENSYS,FRCC,Distributed Solar,2035,True,MW,5591.0,7154,0.0,1563.0
USENSYS,FRCC,Distributed Solar,2040,True,MW,7154.0,7445,0.0,291.0
USENSYS,FRCC,Hydro,2027,True,MW,0.0,44,0.0,0.0
USENSYS,FRCC,Hydro,2030,True,MW,44.0,44,0.0,0.0
USENSYS,FRCC,Hydro,2035,True,MW,44.0,44,0.0,0.0
USENSYS,FRCC,Hydro,2040,True,MW,44.0,44,0.0,0.0
USENSYS,FRCC,Natural Gas CC,2027,True,MW,0.0,33813,0.0,0.0
USENSYS,FRCC,Natural Gas CC,2030,True,MW,33813.0,32625,1188.0,0.0
USENSYS,FRCC,Natural Gas CC,2035,False,MW,0.0,1954,0.0,0.0
USENSYS,FRCC,Natural Gas CC,2035,True,MW,32625.0,31437,1188.0,0.0
USENSYS,FRCC,Natural Gas CC,2040,False,MW,1954.0,1954,0.0,0.0
USENSYS,FRCC,Natural Gas CC,2040,True,MW,31437.0,31074,363.0,0.0
USENSYS,FRCC,Natural Gas CT,2027,True,MW,0.0,8933,0.0,0.0
USENSYS,FRCC,Natural Gas CT,2030,True,MW,8933.0,8803,130.0,0.0
USENSYS,FRCC,Natural Gas CT,2035,True,MW,8803.0,8800,3.0,0.0
USENSYS,FRCC,Natural Gas CT,2040,True,MW,8800.0,8656,144.0,0.0
USENSYS,FRCC,Natural Gas Other,2027,True,MW,0.0,997,0.0,0.0
USENSYS,FRCC,Natural Gas Other,2030,True,MW,997.0,483,514.0,0.0
USENSYS,FRCC,Natural Gas Other,2035,True,MW,251.0,251,0.0,0.0
USENSYS,FRCC,Natural Gas Other,2040,True,MW,251.0,251,0.0,0.0
USENSYS,FRCC,Nuclear,2027,True,MW,0.0,3737,0.0,0.0
USENSYS,FRCC,Nuclear,2030,False,MW,0.0,1793,0.0,0.0
USENSYS,FRCC,Nuclear,2030,True,MW,3737.0,3737,0.0,0.0
USENSYS,FRCC,Nuclear,2035,False,MW,1793.0,4827,0.0,3034.0
USENSYS,FRCC,Nuclear,2035,True,MW,3737.0,3737,0.0,0.0
USENSYS,FRCC,Nuclear,2040,False,MW,4827.0,7373,0.0,2546.0
USENSYS,FRCC,Nuclear,2040,True,MW,3737.0,3737,0.0,0.0
USENSYS,FRCC,Other,2027,True,MW,0.0,654,0.0,0.0
USENSYS,FRCC,Other,2030,True,MW,654.0,620,34.0,0.0
USENSYS,FRCC,Other,2035,True,MW,620.0,482,138.0,0.0
USENSYS,FRCC,Other,2040,True,MW,482.0,274,208.0,0.0
USENSYS,FRCC,Solar,2027,True,MW,0.0,9458,0.0,0.0
USENSYS,FRCC,Solar,2030,False,MW,0.0,31848,0.0,0.0
USENSYS,FRCC,Solar,2030,True,MW,9458.0,9458,0.0,0.0
USENSYS,FRCC,Solar,2035,False,MW,31848.0,40065,0.0,8217.0
USENSYS,FRCC,Solar,2035,True,MW,9458.0,9458,0.0,0.0
USENSYS,FRCC,Solar,2040,False,MW,40065.0,45687,0.0,1.0
USENSYS,FRCC,Solar,2040,True,MW,9458.0,9410,48.0,0.0
USENSYS,FRCC,Wind,2030,False,MW,0.0,15881,0.0,0.0
USENSYS,FRCC,Wind,2035,False,MW,15881.0,15882,0.0,1.0
USENSYS,FRCC,Wind,2040,False,MW,15882.0,15882,0.0,0.0
USENSYS,ISNE,Battery,2027,True,MW,0.0,368,0.0,0.0
USENSYS,ISNE,Battery,2027,True,MWh,0.0,761,0.0,0.0
USENSYS,ISNE,Battery,2030,True,MW,368.0,366,2.0,0.0
USENSYS,ISNE,Battery,2030,True,MWh,761.0,757,4.0,0.0
USENSYS,ISNE,Battery,2035,False,MW,0.0,2586,0.0,0.0
USENSYS,ISNE,Battery,2035,False,MWh,0.0,10727,0.0,0.0
USENSYS,ISNE,Battery,2035,True,MW,366.0,245,121.0,0.0
USENSYS,ISNE,Battery,2035,True,MWh,757.0,512,245.0,0.0
USENSYS,ISNE,Battery,2040,False,MW,2586.0,8896,0.0,6310.0
USENSYS,ISNE,Battery,2040,False,MWh,10727.0,40272,0.0,29545.0
USENSYS,ISNE,Coal,2027,True,MW,0.0,330,0.0,0.0
USENSYS,ISNE,Coal,2030,True,MW,330.0,330,0.0,0.0
USENSYS,ISNE,Distributed Solar,2027,True,MW,0.0,4179,0.0,0.0
USENSYS,ISNE,Distributed Solar,2030,True,MW,4179.0,5006,0.0,827.0
USENSYS,ISNE,Distributed Solar,2035,True,MW,5006.0,5636,0.0,630.0
USENSYS,ISNE,Distributed Solar,2040,True,MW,5636.0,5651,0.0,15.0
USENSYS,ISNE,Hydro,2027,True,MW,0.0,2969,0.0,0.0
USENSYS,ISNE,Hydro,2027,True,MWh,0.0,28365,0.0,0.0
USENSYS,ISNE,Hydro,2030,True,MW,2969.0,2648,321.0,0.0
USENSYS,ISNE,Hydro,2030,True,MWh,28365.0,27916,449.0,0.0
USENSYS,ISNE,Hydro,2035,True,MW,2648.0,2610,38.0,0.0
USENSYS,ISNE,Hydro,2035,True,MWh,27916.0,27916,0.0,0.0
USENSYS,ISNE,Hydro,2040,True,MW,2610.0,2545,65.0,0.0
USENSYS,ISNE,Hydro,2040,True,MWh,27916.0,27916,0.0,0.0
USENSYS,ISNE,Natural Gas CC,2027,False,MW,0.0,4969,0.0,4969.0
USENSYS,ISNE,Natural Gas CC,2027,True,MW,0.0,13884,0.0,0.0
USENSYS,ISNE,Natural Gas CC,2030,False,MW,4969.0,4969,0.0,0.0
USENSYS,ISNE,Natural Gas CC,2030,True,MW,13884.0,13884,0.0,0.0
USENSYS,ISNE,Natural Gas CC,2035,False,MW,4969.0,10569,0.0,5600.0
USENSYS,ISNE,Natural Gas CC,2035,True,MW,13884.0,13775,109.0,0.0
USENSYS,ISNE,Natural Gas CC,2040,False,MW,10569.0,15670,0.0,5101.0
USENSYS,ISNE,Natural Gas CC,2040,True,MW,13775.0,13679,96.0,0.0
USENSYS,ISNE,Natural Gas CT,2027,True,MW,0.0,1776,0.0,0.0
USENSYS,ISNE,Natural Gas CT,2030,True,MW,1776.0,1776,0.0,0.0
USENSYS,ISNE,Natural Gas CT,2035,True,MW,1776.0,1776,0.0,0.0
USENSYS,ISNE,Natural Gas CT,2040,True,MW,1776.0,1728,48.0,0.0
USENSYS,ISNE,Natural Gas Other,2027,True,MW,0.0,106,0.0,0.0
USENSYS,ISNE,Natural Gas Other,2030,True,MW,106.0,81,25.0,0.0
USENSYS,ISNE,Natural Gas Other,2035,True,MW,81.0,72,9.0,0.0
USENSYS,ISNE,Natural Gas Other,2040,True,MW,72.0,72,0.0,0.0
USENSYS,ISNE,Nuclear,2027,True,MW,0.0,3356,0.0,0.0
USENSYS,ISNE,Nuclear,2030,True,MW,3356.0,3356,0.0,0.0
USENSYS,ISNE,Nuclear,2035,True,MW,3356.0,3356,0.0,0.0
USENSYS,ISNE,Nuclear,2040,True,MW,3356.0,3356,0.0,0.0
USENSYS,ISNE,Other,2027,True,MW,0.0,1236,0.0,0.0
USENSYS,ISNE,Other,2030,True,MW,1236.0,1195,41.0,0.0
USENSYS,ISNE,Other,2035,True,MW,1195.0,1106,89.0,0.0
USENSYS,ISNE,Other,2040,True,MW,1106.0,879,227.0,0.0
USENSYS,ISNE,Solar,2027,True,MW,0.0,2682,0.0,0.0
USENSYS,ISNE,Solar,2030,False,MW,0.0,3439,0.0,0.0
USENSYS,ISNE,Solar,2030,True,MW,2682.0,2682,0.0,0.0
USENSYS,ISNE,Solar,2035,False,MW,3439.0,3439,0.0,0.0
USENSYS,ISNE,Solar,2035,True,MW,2682.0,2682,0.0,0.0
USENSYS,ISNE,Solar,2040,False,MW,3439.0,14170,0.0,10731.0
USENSYS,ISNE,Solar,2040,True,MW,2682.0,2679,3.0,0.0
USENSYS,ISNE,Wind,2027,False,MW,0.0,273,0.0,273.0
USENSYS,ISNE,Wind,2027,True,MW,0.0,1571,0.0,0.0
USENSYS,ISNE,Wind,2030,False,MW,273.0,19454,0.0,1.0
USENSYS,ISNE,Wind,2030,True,MW,1571.0,1571,0.0,0.0
USENSYS,ISNE,Wind,2035,False,MW,19454.0,29979,0.0,564.0
USENSYS,ISNE,Wind,2035,True,MW,1571.0,1571,0.0,0.0
USENSYS,ISNE,Wind,2040,False,MW,29979.0,31617,0.0,2.0
USENSYS,ISNE,Wind,2040,True,MW,1571.0,1270,301.0,0.0
USENSYS,MISC,Battery,2027,True,MW,0.0,36,0.0,0.0
USENSYS,MISC,Battery,2027,True,MWh,0.0,60,0.0,0.0
USENSYS,MISC,Battery,2030,True,MW,36.0,36,0.0,0.0
USENSYS,MISC,Battery,2030,True,MWh,60.0,60,0.0,0.0
USENSYS,MISC,Battery,2035,False,MWh,0.0,1,0.0,0.0
USENSYS,MISC,Battery,2040,False,MW,0.0,316,0.0,0.0
USENSYS,MISC,Battery,2040,False,MWh,1.0,1029,0.0,1028.0
USENSYS,MISC,Coal,2027,True,MW,0.0,15493,0.0,0.0
USENSYS,MISC,Coal,2030,True,MW,15493.0,13646,1847.0,0.0
USENSYS,MISC,Coal,2035,True,MW,13646.0,11783,1863.0,0.0
USENSYS,MISC,Coal,2040,True,MW,11783.0,7940,3843.0,0.0
USENSYS,MISC,Distributed Solar,2027,True,MW,0.0,745,0.0,0.0
USENSYS,MISC,Distributed Solar,2030,True,MW,745.0,1486,0.0,741.0
USENSYS,MISC,Distributed Solar,2035,True,MW,1486.0,2606,0.0,1120.0
USENSYS,MISC,Distributed Solar,2040,True,MW,2606.0,3143,0.0,537.0
USENSYS,MISC,Hydro,2027,True,MW,0.0,939,0.0,0.0
USENSYS,MISC,Hydro,2027,True,MWh,0.0,7300,0.0,0.0
USENSYS,MISC,Hydro,2030,True,MW,939.0,937,2.0,0.0
USENSYS,MISC,Hydro,2030,True,MWh,7300.0,7300,0.0,0.0
USENSYS,MISC,Hydro,2035,True,MW,937.0,765,172.0,0.0
USENSYS,MISC,Hydro,2035,True,MWh,7300.0,7300,0.0,0.0
USENSYS,MISC,Hydro,2040,True,MW,765.0,765,0.0,0.0
USENSYS,MISC,Hydro,2040,True,MWh,7300.0,7300,0.0,0.0
USENSYS,MISC,Natural Gas CC,2027,True,MW,0.0,4776,0.0,0.0
USENSYS,MISC,Natural Gas CC,2030,True,MW,4776.0,4776,0.0,0.0
USENSYS,MISC,Natural Gas CC,2035,True,MW,4776.0,4776,0.0,0.0
USENSYS,MISC,Natural Gas CC,2040,True,MW,4776.0,4776,0.0,0.0
USENSYS,MISC,Natural Gas CT,2027,True,MW,0.0,9633,0.0,0.0
USENSYS,MISC,Natural Gas CT,2030,True,MW,9633.0,9478,155.0,0.0
USENSYS,MISC,Natural Gas CT,2035,True,MW,9478.0,9478,0.0,0.0
USENSYS,MISC,Natural Gas CT,2040,True,MW,9478.0,9358,120.0,0.0
USENSYS,MISC,Natural Gas Other,2027,True,MW,0.0,278,0.0,0.0
USENSYS,MISC,Natural Gas Other,2030,True,MW,278.0,276,2.0,0.0
USENSYS,MISC,Natural Gas Other,2035,True,MW,276.0,246,30.0,0.0
USENSYS,MISC,Natural Gas Other,2040,True,MW,246.0,134,112.0,0.0
USENSYS,MISC,Nuclear,2027,True,MW,0.0,2373,0.0,0.0
USENSYS,MISC,Nuclear,2030,True,MW,2373.0,2373,0.0,0.0
USENSYS,MISC,Nuclear,2035,True,MW,2373.0,2373,0.0,0.0
USENSYS,MISC,Nuclear,2040,True,MW,2373.0,2373,0.0,0.0
USENSYS,MISC,Other,2027,True,MW,0.0,523,0.0,0.0
USENSYS,MISC,Other,2030,True,MW,523.0,513,10.0,0.0
USENSYS,MISC,Other,2035,True,MW,513.0,476,37.0,0.0
USENSYS,MISC,Other,2040,True,MW,476.0,286,190.0,0.0
USENSYS,MISC,Solar,2027,True,MW,0.0,3922,0.0,0.0
USENSYS,MISC,Solar,2030,False,MW,0.0,11033,0.0,0.0
USENSYS,MISC,Solar,2030,True,MW,3922.0,3922,0.0,0.0
USENSYS,MISC,Solar,2035,False,MW,11033.0,24698,0.0,13665.0
USENSYS,MISC,Solar,2035,True,MW,3922.0,3922,0.0,0.0
USENSYS,MISC,Solar,2040,False,MW,24698.0,32091,0.0,5340.0
USENSYS,MISC,Solar,2040,True,MW,3922.0,3922,0.0,0.0
USENSYS,MISC,Wind,2027,False,MW,0.0,17101,0.0,17101.0
USENSYS,MISC,Wind,2027,True,MW,0.0,6437,0.0,0.0
USENSYS,MISC,Wind,2030,False,MW,17101.0,29213,0.0,917.0
USENSYS,MISC,Wind,2030,True,MW,6437.0,6437,0.0,0.0
USENSYS,MISC,Wind,2035,False,MW,29213.0,44637,0.0,2617.0
USENSYS,MISC,Wind,2035,True,MW,6437.0,6382,55.0,0.0
USENSYS,MISC,Wind,2040,False,MW,44637.0,45047,0.0,410.0
USENSYS,MISC,Wind,2040,True,MW,6382.0,5587,795.0,0.0
USENSYS,MISE,Battery,2027,True,MW,0.0,1,0.0,0.0
USENSYS,MISE,Battery,2027,True,MWh,0.0,2,0.0,0.0
USENSYS,MISE,Battery,2030,True,MW,1.0,1,0.0,0.0
USENSYS,MISE,Battery,2030,True,MWh,2.0,2,0.0,0.0
USENSYS,MISE,Battery,2035,False,MWh,0.0,2,0.0,0.0
USENSYS,MISE,Battery,2040,False,MW,0.0,1380,0.0,0.0
USENSYS,MISE,Battery,2040,False,MWh,2.0,4865,0.0,4863.0
USENSYS,MISE,Coal,2027,True,MW,0.0,4358,0.0,0.0
USENSYS,MISE,Coal,2030,True,MW,4358.0,3088,1270.0,0.0
USENSYS,MISE,Coal,2035,True,MW,3088.0,3088,0.0,0.0
USENSYS,MISE,Coal,2040,True,MW,3088.0,2,3086.0,0.0
USENSYS,MISE,Distributed Solar,2027,True,MW,0.0,642,0.0,0.0
USENSYS,MISE,Distributed Solar,2030,True,MW,642.0,1564,0.0,922.0
USENSYS,MISE,Distributed Solar,2035,True,MW,1564.0,3345,0.0,1781.0
USENSYS,MISE,Distributed Solar,2040,True,MW,3345.0,3710,0.0,365.0
USENSYS,MISE,Hydro,2027,True,MW,0.0,2159,0.0,0.0
USENSYS,MISE,Hydro,2027,True,MWh,0.0,32782,0.0,0.0
USENSYS,MISE,Hydro,2030,True,MW,2159.0,2159,0.0,0.0
USENSYS,MISE,Hydro,2030,True,MWh,32782.0,32782,0.0,0.0
USENSYS,MISE,Hydro,2035,True,MW,2127.0,2126,1.0,0.0
USENSYS,MISE,Hydro,2035,True,MWh,32782.0,32782,0.0,0.0
USENSYS,MISE,Hydro,2040,True,MW,2126.0,2126,0.0,0.0
USENSYS,MISE,Hydro,2040,True,MWh,32782.0,32782,0.0,0.0
USENSYS,MISE,Natural Gas CC,2027,True,MW,0.0,6761,0.0,0.0
USENSYS,MISE,Natural Gas CC,2030,False,MW,0.0,3,0.0,0.0
USENSYS,MISE,Natural Gas CC,2030,True,MW,6761.0,6761,0.0,0.0
USENSYS,MISE,Natural Gas CC,2035,False,MW,3.0,2668,0.0,2665.0
USENSYS,MISE,Natural Gas CC,2035,True,MW,6761.0,6716,45.0,0.0
USENSYS,MISE,Natural Gas CC,2040,False,MW,2668.0,4348,0.0,1680.0
USENSYS,MISE,Natural Gas CC,2040,True,MW,6716.0,6716,0.0,0.0
USENSYS,MISE,Natural Gas CT,2027,True,MW,0.0,4400,0.0,0.0
USENSYS,MISE,Natural Gas CT,2030,True,MW,4400.0,4400,0.0,0.0
USENSYS,MISE,Natural Gas CT,2035,True,MW,4400.0,4400,0.0,0.0
USENSYS,MISE,Natural Gas CT,2040,True,MW,4400.0,4393,7.0,0.0
USENSYS,MISE,Natural Gas Other,2027,True,MW,0.0,927,0.0,0.0
USENSYS,MISE,Natural Gas Other,2030,True,MW,927.0,142,785.0,0.0
USENSYS,MISE,Natural Gas Other,2035,True,MW,142.0,123,19.0,0.0
USENSYS,MISE,Natural Gas Other,2040,True,MW,123.0,99,24.0,0.0
USENSYS,MISE,Nuclear,2027,True,MW,0.0,1161,0.0,0.0
USENSYS,MISE,Nuclear,2030,True,MW,1161.0,1161,0.0,0.0
USENSYS,MISE,Nuclear,2035,True,MW,1161.0,1161,0.0,0.0
USENSYS,MISE,Nuclear,2040,True,MW,1161.0,1161,0.0,0.0
USENSYS,MISE,Other,2027,True,MW,0.0,181,0.0,0.0
USENSYS,MISE,Other,2030,True,MW,181.0,165,16.0,0.0
USENSYS,MISE,Other,2035,True,MW,165.0,149,16.0,0.0
USENSYS,MISE,Other,2040,True,MW,149.0,107,42.0,0.0
USENSYS,MISE,Solar,2027,True,MW,0.0,1181,0.0,0.0
USENSYS,MISE,Solar,2030,False,MW,0.0,14176,0.0,0.0
USENSYS,MISE,Solar,2030,True,MW,1181.0,1181,0.0,0.0
USENSYS,MISE,Solar,2035,False,MW,14176.0,16024,0.0,1848.0
USENSYS,MISE,Solar,2035,True,MW,1181.0,1181,0.0,0.0
USENSYS,MISE,Solar,2040,False,MW,16024.0,20059,0.0,4035.0
USENSYS,MISE,Solar,2040,True,MW,1181.0,1181,0.0,0.0
USENSYS,MISE,Wind,2027,False,MW,0.0,3093,0.0,3093.0
USENSYS,MISE,Wind,2027,True,MW,0.0,3677,0.0,0.0
USENSYS,MISE,Wind,2030,False,MW,3093.0,6106,0.0,1.0
USENSYS,MISE,Wind,2030,True,MW,3677.0,3677,0.0,0.0
USENSYS,MISE,Wind,2035,False,MW,6106.0,6106,0.0,0.0
USENSYS,MISE,Wind,2035,True,MW,3677.0,3675,2.0,0.0
USENSYS,MISE,Wind,2040,False,MW,6106.0,6106,0.0,0.0
USENSYS,MISE,Wind,2040,True,MW,3675.0,3494,181.0,0.0
USENSYS,MISS,Battery,2027,True,MW,0.0,10,0.0,0.0
USENSYS,MISS,Battery,2027,True,MWh,0.0,30,0.0,0.0
USENSYS,MISS,Battery,2030,True,MW,10.0,10,0.0,0.0
USENSYS,MISS,Battery,2030,True,MWh,30.0,30,0.0,0.0
USENSYS,MISS,Battery,2035,False,MWh,0.0,1,0.0,0.0
USENSYS,MISS,Battery,2035,True,MW,10.0,10,0.0,0.0
USENSYS,MISS,Battery,2035,True,MWh,30.0,30,0.0,0.0
USENSYS,MISS,Battery,2040,False,MW,0.0,2499,0.0,0.0
USENSYS,MISS,Battery,2040,False,MWh,1.0,8152,0.0,8151.0
USENSYS,MISS,Coal,2027,True,MW,0.0,6095,0.0,0.0
USENSYS,MISS,Coal,2030,True,MW,6095.0,6095,0.0,0.0
USENSYS,MISS,Coal,2035,True,MW,6095.0,6095,0.0,0.0
USENSYS,MISS,Coal,2040,True,MW,6095.0,6095,0.0,0.0
USENSYS,MISS,Distributed Solar,2027,True,MW,0.0,1873,0.0,0.0
USENSYS,MISS,Distributed Solar,2030,True,MW,1873.0,3250,0.0,1377.0
USENSYS,MISS,Distributed Solar,2035,True,MW,3250.0,4224,0.0,974.0
USENSYS,MISS,Distributed Solar,2040,True,MW,4224.0,4435,0.0,211.0
USENSYS,MISS,Hydro,2027,True,MW,0.0,586,0.0,0.0
USENSYS,MISS,Hydro,2030,True,MW,586.0,586,0.0,0.0
USENSYS,MISS,Hydro,2035,True,MW,586.0,524,62.0,0.0
USENSYS,MISS,Hydro,2040,True,MW,524.0,524,0.0,0.0
USENSYS,MISS,Natural Gas CC,2027,True,MW,0.0,20032,0.0,0.0
USENSYS,MISS,Natural Gas CC,2030,True,MW,20032.0,19747,285.0,0.0
USENSYS,MISS,Natural Gas CC,2035,True,MW,19747.0,19747,0.0,0.0
USENSYS,MISS,Natural Gas CC,2040,True,MW,19747.0,19725,22.0,0.0
USENSYS,MISS,Natural Gas CT,2027,True,MW,0.0,5453,0.0,0.0
USENSYS,MISS,Natural Gas CT,2030,True,MW,5453.0,5318,135.0,0.0
USENSYS,MISS,Natural Gas CT,2035,True,MW,5318.0,5258,60.0,0.0
USENSYS,MISS,Natural Gas CT,2040,True,MW,5258.0,4839,419.0,0.0
USENSYS,MISS,Natural Gas Other,2027,True,MW,0.0,4448,0.0,0.0
USENSYS,MISS,Natural Gas Other,2030,True,MW,4448.0,3482,966.0,0.0
USENSYS,MISS,Natural Gas Other,2035,True,MW,170.0,154,16.0,0.0
USENSYS,MISS,Natural Gas Other,2040,True,MW,154.0,138,16.0,0.0
USENSYS,MISS,Nuclear,2027,True,MW,0.0,5426,0.0,0.0
USENSYS,MISS,Nuclear,2030,True,MW,5426.0,5426,0.0,0.0
USENSYS,MISS,Nuclear,2035,True,MW,5426.0,5426,0.0,0.0
USENSYS,MISS,Nuclear,2040,True,MW,5426.0,5426,0.0,0.0
USENSYS,MISS,Other,2027,True,MW,0.0,132,0.0,0.0
USENSYS,MISS,Other,2030,True,MW,132.0,122,10.0,0.0
USENSYS,MISS,Other,2035,True,MW,122.0,87,35.0,0.0
USENSYS,MISS,Other,2040,True,MW,87.0,82,5.0,0.0
USENSYS,MISS,Solar,2027,True,MW,0.0,2208,0.0,0.0
USENSYS,MISS,Solar,2030,False,MW,0.0,9219,0.0,0.0
USENSYS,MISS,Solar,2030,True,MW,2208.0,2208,0.0,0.0
USENSYS,MISS,Solar,2035,False,MW,9219.0,13611,0.0,0.0
USENSYS,MISS,Solar,2035,True,MW,2208.0,2208,0.0,0.0
USENSYS,MISS,Solar,2040,False,MW,13611.0,22133,0.0,1916.0
USENSYS,MISS,Solar,2040,True,MW,2208.0,2208,0.0,0.0
USENSYS,MISS,Wind,2027,False,MW,0.0,1517,0.0,1517.0
USENSYS,MISS,Wind,2027,True,MW,0.0,184,0.0,0.0
USENSYS,MISS,Wind,2030,False,MW,1517.0,9277,0.0,1.0
USENSYS,MISS,Wind,2030,True,MW,184.0,184,0.0,0.0
USENSYS,MISS,Wind,2035,False,MW,9277.0,13898,0.0,1.0
USENSYS,MISS,Wind,2035,True,MW,184.0,184,0.0,0.0
USENSYS,MISS,Wind,2040,False,MW,13898.0,14974,0.0,1.0
USENSYS,MISS,Wind,2040,True,MW,184.0,184,0.0,0.0
USENSYS,MISW,Battery,2027,True,MW,0.0,31,0.0,0.0
USENSYS,MISW,Battery,2027,True,MWh,0.0,63,0.0,0.0
USENSYS,MISW,Battery,2030,True,MW,31.0,31,0.0,0.0
USENSYS,MISW,Battery,2030,True,MWh,63.0,63,0.0,0.0
USENSYS,MISW,Battery,2035,False,MWh,0.0,1,0.0,0.0
USENSYS,MISW,Battery,2035,True,MW,31.0,15,16.0,0.0
USENSYS,MISW,Battery,2035,True,MWh,63.0,28,35.0,0.0
USENSYS,MISW,Battery,2040,False,MW,0.0,3765,0.0,0.0
USENSYS,MISW,Battery,2040,False,MWh,1.0,12278,0.0,12277.0
USENSYS,MISW,Coal,2027,True,MW,0.0,12275,0.0,0.0
USENSYS,MISW,Coal,2030,True,MW,12275.0,12217,58.0,0.0
USENSYS,MISW,Coal,2035,True,MW,12217.0,10900,1317.0,0.0
USENSYS,MISW,Coal,2040,True,MW,10900.0,9557,1343.0,0.0
USENSYS,MISW,Distributed Solar,2027,True,MW,0.0,1594,0.0,0.0
USENSYS,MISW,Distributed Solar,2030,True,MW,1594.0,2764,0.0,1170.0
USENSYS,MISW,Distributed Solar,2035,True,MW,2764.0,4566,0.0,1802.0
USENSYS,MISW,Distributed Solar,2040,True,MW,4566.0,4682,0.0,116.0
USENSYS,MISW,Hydro,2027,True,MW,0.0,560,0.0,0.0
USENSYS,MISW,Hydro,2030,True,MW,560.0,543,17.0,0.0
USENSYS,MISW,Hydro,2035,True,MW,543.0,520,23.0,0.0
USENSYS,MISW,Hydro,2040,True,MW,520.0,460,60.0,0.0
USENSYS,MISW,Natural Gas CC,2027,True,MW,0.0,8433,0.0,0.0
USENSYS,MISW,Natural Gas CC,2030,True,MW,8433.0,8433,0.0,0.0
USENSYS,MISW,Natural Gas CC,2035,True,MW,8433.0,8135,298.0,0.0
USENSYS,MISW,Natural Gas CC,2040,True,MW,8135.0,8135,0.0,0.0
USENSYS,MISW,Natural Gas CT,2027,True,MW,0.0,6824,0.0,0.0
USENSYS,MISW,Natural Gas CT,2030,True,MW,6824.0,6417,407.0,0.0
USENSYS,MISW,Natural Gas CT,2035,True,MW,6417.0,6400,17.0,0.0
USENSYS,MISW,Natural Gas CT,2040,True,MW,6400.0,6306,94.0,0.0
USENSYS,MISW,Natural Gas Other,2027,True,MW,0.0,875,0.0,0.0
USENSYS,MISW,Natural Gas Other,2030,True,MW,875.0,847,28.0,0.0
USENSYS,MISW,Natural Gas Other,2035,True,MW,847.0,733,114.0,0.0
USENSYS,MISW,Natural Gas Other,2040,True,MW,733.0,731,2.0,0.0
USENSYS,MISW,Nuclear,2027,True,MW,0.0,2928,0.0,0.0
USENSYS,MISW,Nuclear,2030,True,MW,2928.0,2928,0.0,0.0
USENSYS,MISW,Nuclear,2035,True,MW,2928.0,2928,0.0,0.0
USENSYS,MISW,Nuclear,2040,True,MW,2928.0,2928,0.0,0.0
USENSYS,MISW,Other,2027,True,MW,0.0,1486,0.0,0.0
USENSYS,MISW,Other,2030,True,MW,1486.0,1295,191.0,0.0
USENSYS,MISW,Other,2035,True,MW,1295.0,1100,195.0,0.0
USENSYS,MISW,Other,2040,True,MW,1100.0,844,256.0,0.0
USENSYS,MISW,Solar,2027,True,MW,0.0,3132,0.0,0.0
USENSYS,MISW,Solar,2030,False,MW,0.0,18724,0.0,0.0
USENSYS,MISW,Solar,2030,True,MW,3132.0,3132,0.0,0.0
USENSYS,MISW,Solar,2035,False,MW,18724.0,29500,0.0,10776.0
USENSYS,MISW,Solar,2035,True,MW,3132.0,3132,0.0,0.0
USENSYS,MISW,Solar,2040,False,MW,29500.0,36237,0.0,1.0
USENSYS,MISW,Solar,2040,True,MW,3132.0,3132,0.0,0.0
USENSYS,MISW,Wind,2027,False,MW,0.0,7995,0.0,7995.0
USENSYS,MISW,Wind,2027,True,MW,0.0,23793,0.0,0.0
USENSYS,MISW,Wind,2030,False,MW,7995.0,49586,0.0,0.0
USENSYS,MISW,Wind,2030,True,MW,23793.0,23321,472.0,0.0
USENSYS,MISW,Wind,2035,False,MW,49586.0,62295,0.0,7325.0
USENSYS,MISW,Wind,2035,True,MW,23321.0,22368,953.0,0.0
USENSYS,MISW,Wind,2040,False,MW,62295.0,72300,0.0,757.0
USENSYS,MISW,Wind,2040,True,MW,22368.0,16194,6174.0,0.0
USENSYS,NWPP,Battery,2027,True,MW,0.0,141,0.0,0.0
USENSYS,NWPP,Battery,2027,True,MWh,0.0,343,0.0,0.0
USENSYS,NWPP,Battery,2030,True,MW,141.0,135,6.0,0.0
USENSYS,NWPP,Battery,2030,True,MWh,343.0,331,12.0,0.0
USENSYS,NWPP,Battery,2035,True,MW,135.0,131,4.0,0.0
USENSYS,NWPP,Battery,2035,True,MWh,331.0,321,10.0,0.0
USENSYS,NWPP,Battery,2040,False,MWh,0.0,1,0.0,0.0
USENSYS,NWPP,Coal,2027,True,MW,0.0,1630,0.0,0.0
USENSYS,NWPP,Coal,2030,True,MW,1630.0,1630,0.0,0.0
USENSYS,NWPP,Coal,2035,True,MW,1630.0,1630,0.0,0.0
USENSYS,NWPP,Coal,2040,True,MW,1630.0,1630,0.0,0.0
USENSYS,NWPP,Distributed Solar,2027,True,MW,0.0,1289,0.0,0.0
USENSYS,NWPP,Distributed Solar,2030,True,MW,1289.0,2187,0.0,898.0
USENSYS,NWPP,Distributed Solar,2035,True,MW,2187.0,3021,0.0,834.0
USENSYS,NWPP,Distributed Solar,2040,True,MW,3021.0,3085,0.0,64.0
USENSYS,NWPP,Geothermal,2027,True,MW,0.0,22,0.0,0.0
USENSYS,NWPP,Geothermal,2030,True,MW,22.0,22,0.0,0.0
USENSYS,NWPP,Geothermal,2035,True,MW,22.0,22,0.0,0.0
USENSYS,NWPP,Geothermal,2040,True,MW,22.0,22,0.0,0.0
USENSYS,NWPP,Hydro,2027,True,MW,0.0,32515,0.0,0.0
USENSYS,NWPP,Hydro,2027,True,MWh,0.0,4867,0.0,0.0
USENSYS,NWPP,Hydro,2030,True,MW,32515.0,32305,210.0,0.0
USENSYS,NWPP,Hydro,2030,True,MWh,4867.0,4867,0.0,0.0
USENSYS,NWPP,Hydro,2035,True,MW,32305.0,32135,170.0,0.0
USENSYS,NWPP,Hydro,2035,True,MWh,4867.0,4867,0.0,0.0
USENSYS,NWPP,Hydro,2040,True,MW,32135.0,31772,363.0,0.0
USENSYS,NWPP,Hydro,2040,True,MWh,4867.0,4867,0.0,0.0
USENSYS,NWPP,Natural Gas CC,2027,True,MW,0.0,6915,0.0,0.0
USENSYS,NWPP,Natural Gas CC,2030,True,MW,6915.0,6915,0.0,0.0
USENSYS,NWPP,Natural Gas CC,2035,True,MW,6915.0,6398,517.0,0.0
USENSYS,NWPP,Natural Gas CC,2040,True,MW,6398.0,6398,0.0,0.0
USENSYS,NWPP,Natural Gas CT,2027,True,MW,0.0,1342,0.0,0.0
USENSYS,NWPP,Natural Gas CT,2030,True,MW,1342.0,1342,0.0,0.0
USENSYS,NWPP,Natural Gas CT,2035,True,MW,1018.0,724,294.0,0.0
USENSYS,NWPP,Natural Gas CT,2040,True,MW,724.0,724,0.0,0.0
USENSYS,NWPP,Natural Gas Other,2027,True,MW,0.0,313,0.0,0.0
USENSYS,NWPP,Natural Gas Other,2030,True,MW,313.0,313,0.0,0.0
USENSYS,NWPP,Natural Gas Other,2035,True,MW,313.0,313,0.0,0.0
USENSYS,NWPP,Natural Gas Other,2040,True,MW,313.0,313,0.0,0.0
USENSYS,NWPP,Nuclear,2027,True,MW,0.0,1172,0.0,0.0
USENSYS,NWPP,Nuclear,2030,True,MW,1172.0,1172,0.0,0.0
USENSYS,NWPP,Nuclear,2035,True,MW,1172.0,1172,0.0,0.0
USENSYS,NWPP,Nuclear,2040,True,MW,1172.0,1172,0.0,0.0
USENSYS,NWPP,Other,2027,True,MW,0.0,141,0.0,0.0
USENSYS,NWPP,Other,2030,True,MW,141.0,141,0.0,0.0
USENSYS,NWPP,Other,2035,True,MW,141.0,89,52.0,0.0
USENSYS,NWPP,Other,2040,True,MW,89.0,81,8.0,0.0
USENSYS,NWPP,Solar,2027,True,MW,0.0,1629,0.0,0.0
USENSYS,NWPP,Solar,2030,False,MW,0.0,7444,0.0,0.0
USENSYS,NWPP,Solar,2030,True,MW,1629.0,1629,0.0,0.0
USENSYS,NWPP,Solar,2035,False,MW,7444.0,12556,0.0,1.0
USENSYS,NWPP,Solar,2035,True,MW,1629.0,1629,0.0,0.0
USENSYS,NWPP,Solar,2040,False,MW,12556.0,22654,0.0,10098.0
USENSYS,NWPP,Solar,2040,True,MW,1629.0,1628,1.0,0.0
USENSYS,NWPP,Wind,2027,True,MW,0.0,8733,0.0,0.0
USENSYS,NWPP,Wind,2030,False,MW,0.0,12644,0.0,0.0
USENSYS,NWPP,Wind,2030,True,MW,8733.0,8708,25.0,0.0
USENSYS,NWPP,Wind,2035,False,MW,12644.0,19780,0.0,311.0
USENSYS,NWPP,Wind,2035,True,MW,8708.0,7831,877.0,0.0
USENSYS,NWPP,Wind,2040,False,MW,19780.0,28112,0.0,1.0
USENSYS,NWPP,Wind,2040,True,MW,7831.0,4088,3743.0,0.0
USENSYS,NYCW,Battery,2027,True,MW,0.0,24,0.0,0.0
USENSYS,NYCW,Battery,2027,True,MWh,0.0,117,0.0,0.0
USENSYS,NYCW,Battery,2030,True,MW,24.0,24,0.0,0.0
USENSYS,NYCW,Battery,2030,True,MWh,117.0,117,0.0,0.0
USENSYS,NYCW,Battery,2035,False,MW,0.0,2352,0.0,0.0
USENSYS,NYCW,Battery,2035,False,MWh,0.0,8841,0.0,0.0
USENSYS,NYCW,Battery,2035,True,MW,24.0,14,10.0,0.0
USENSYS,NYCW,Battery,2035,True,MWh,117.0,37,80.0,0.0
USENSYS,NYCW,Battery,2040,False,MW,2352.0,4512,0.0,2160.0
USENSYS,NYCW,Battery,2040,False,MWh,8841.0,19295,0.0,10454.0
USENSYS,NYCW,Distributed Solar,2027,True,MW,0.0,946,0.0,0.0
USENSYS,NYCW,Distributed Solar,2030,True,MW,946.0,1290,0.0,344.0
USENSYS,NYCW,Distributed Solar,2035,True,MW,1290.0,1600,0.0,310.0
USENSYS,NYCW,Distributed Solar,2040,True,MW,1600.0,1660,0.0,60.0
USENSYS,NYCW,Natural Gas CC,2027,True,MW,0.0,4333,0.0,0.0
USENSYS,NYCW,Natural Gas CC,2030,True,MW,4333.0,4333,0.0,0.0
USENSYS,NYCW,Natural Gas CC,2035,True,MW,4333.0,4333,0.0,0.0
USENSYS,NYCW,Natural Gas CC,2040,True,MW,4333.0,4333,0.0,0.0
USENSYS,NYCW,Natural Gas CT,2027,True,MW,0.0,2095,0.0,0.0
USENSYS,NYCW,Natural Gas CT,2030,True,MW,2095.0,2095,0.0,0.0
USENSYS,NYCW,Natural Gas CT,2035,True,MW,2095.0,2095,0.0,0.0
USENSYS,NYCW,Natural Gas CT,2040,True,MW,2095.0,2095,0.0,0.0
USENSYS,NYCW,Natural Gas Other,2027,True,MW,0.0,37,0.0,0.0
USENSYS,NYCW,Natural Gas Other,2030,True,MW,37.0,37,0.0,0.0
USENSYS,NYCW,Natural Gas Other,2035,True,MW,37.0,37,0.0,0.0
USENSYS,NYCW,Natural Gas Other,2040,True,MW,37.0,37,0.0,0.0
USENSYS,NYCW,Other,2027,True,MW,0.0,685,0.0,0.0
USENSYS,NYCW,Other,2030,True,MW,674.0,342,332.0,0.0
USENSYS,NYCW,Other,2035,True,MW,342.0,319,23.0,0.0
USENSYS,NYCW,Other,2040,True,MW,319.0,287,32.0,0.0
USENSYS,NYCW,Solar,2027,True,MW,0.0,157,0.0,0.0
USENSYS,NYCW,Solar,2030,True,MW,157.0,157,0.0,0.0
USENSYS,NYCW,Solar,2035,True,MW,157.0,157,0.0,0.0
USENSYS,NYCW,Solar,2040,True,MW,157.0,157,0.0,0.0
USENSYS,NYUP,Battery,2027,True,MW,0.0,170,0.0,0.0
USENSYS,NYUP,Battery,2027,True,MWh,0.0,394,0.0,0.0
USENSYS,NYUP,Battery,2030,True,MW,170.0,170,0.0,0.0
USENSYS,NYUP,Battery,2030,True,MWh,394.0,394,0.0,0.0
USENSYS,NYUP,Battery,2035,False,MWh,0.0,1,0.0,0.0
USENSYS,NYUP,Battery,2035,True,MW,170.0,113,57.0,0.0
USENSYS,NYUP,Battery,2035,True,MWh,394.0,282,112.0,0.0
USENSYS,NYUP,Battery,2040,False,MW,0.0,2,0.0,0.0
USENSYS,NYUP,Battery,2040,False,MWh,1.0,5,0.0,4.0
USENSYS,NYUP,Distributed Solar,2027,True,MW,0.0,788,0.0,0.0
USENSYS,NYUP,Distributed Solar,2030,True,MW,788.0,1075,0.0,287.0
USENSYS,NYUP,Distributed Solar,2035,True,MW,1075.0,1332,0.0,257.0
USENSYS,NYUP,Distributed Solar,2040,True,MW,1332.0,1382,0.0,50.0
USENSYS,NYUP,Hydro,2027,True,MW,0.0,5336,0.0,0.0
USENSYS,NYUP,Hydro,2027,True,MWh,0.0,21804,0.0,0.0
USENSYS,NYUP,Hydro,2030,True,MW,5336.0,5229,107.0,0.0
USENSYS,NYUP,Hydro,2030,True,MWh,21804.0,21804,0.0,0.0
USENSYS,NYUP,Hydro,2035,True,MW,5229.0,5212,17.0,0.0
USENSYS,NYUP,Hydro,2035,True,MWh,21804.0,21804,0.0,0.0
USENSYS,NYUP,Hydro,2040,True,MW,5212.0,5206,6.0,0.0
USENSYS,NYUP,Hydro,2040,True,MWh,21804.0,21804,0.0,0.0
USENSYS,NYUP,Natural Gas CC,2027,True,MW,0.0,8403,0.0,0.0
USENSYS,NYUP,Natural Gas CC,2030,True,MW,8403.0,8403,0.0,0.0
USENSYS,NYUP,Natural Gas CC,2035,True,MW,8403.0,8403,0.0,0.0
USENSYS,NYUP,Natural Gas CC,2040,True,MW,8403.0,8403,0.0,0.0
USENSYS,NYUP,Natural Gas CT,2027,True,MW,0.0,58,0.0,0.0
USENSYS,NYUP,Natural Gas CT,2030,True,MW,58.0,58,0.0,0.0
USENSYS,NYUP,Natural Gas CT,2035,True,MW,58.0,58,0.0,0.0
USENSYS,NYUP,Natural Gas CT,2040,True,MW,58.0,52,6.0,0.0
USENSYS,NYUP,Natural Gas Other,2027,True,MW,0.0,69,0.0,0.0
USENSYS,NYUP,Natural Gas Other,2030,True,MW,69.0,69,0.0,0.0
USENSYS,NYUP,Natural Gas Other,2035,True,MW,69.0,67,2.0,0.0
USENSYS,NYUP,Natural Gas Other,2040,True,MW,67.0,67,0.0,0.0
USENSYS,NYUP,Nuclear,2027,True,MW,0.0,3358,0.0,0.0
USENSYS,NYUP,Nuclear,2030,True,MW,3358.0,3358,0.0,0.0
USENSYS,NYUP,Nuclear,2035,True,MW,3358.0,3358,0.0,0.0
USENSYS,NYUP,Nuclear,2040,True,MW,3358.0,3358,0.0,0.0
USENSYS,NYUP,Other,2027,True,MW,0.0,200,0.0,0.0
USENSYS,NYUP,Other,2030,True,MW,200.0,200,0.0,0.0
USENSYS,NYUP,Other,2035,True,MW,200.0,171,29.0,0.0
USENSYS,NYUP,Other,2040,True,MW,143.0,119,24.0,0.0
USENSYS,NYUP,Solar,2027,True,MW,0.0,1743,0.0,0.0
USENSYS,NYUP,Solar,2030,False,MW,0.0,10371,0.0,0.0
USENSYS,NYUP,Solar,2030,True,MW,1743.0,1743,0.0,0.0
USENSYS,NYUP,Solar,2035,False,MW,10371.0,17652,0.0,7281.0
USENSYS,NYUP,Solar,2035,True,MW,1743.0,1743,0.0,0.0
USENSYS,NYUP,Solar,2040,False,MW,17652.0,20094,0.0,2442.0
USENSYS,NYUP,Solar,2040,True,MW,1743.0,1743,0.0,0.0
USENSYS,NYUP,Wind,2027,True,MW,0.0,3389,0.0,0.0
USENSYS,NYUP,Wind,2030,False,MW,0.0,12180,0.0,0.0
USENSYS,NYUP,Wind,2030,True,MW,3389.0,3371,18.0,0.0
USENSYS,NYUP,Wind,2035,False,MW,12180.0,13603,0.0,1423.0
USENSYS,NYUP,Wind,2035,True,MW,3371.0,3204,167.0,0.0
USENSYS,NYUP,Wind,2040,False,MW,13603.0,18031,0.0,0.0
USENSYS,NYUP,Wind,2040,True,MW,3204.0,2115,1089.0,0.0
USENSYS,PJMC,Battery,2027,True,MW,0.0,96,0.0,0.0
USENSYS,PJMC,Battery,2027,True,MWh,0.0,172,0.0,0.0
USENSYS,PJMC,Battery,2030,True,MW,96.0,40,56.0,0.0
USENSYS,PJMC,Battery,2030,True,MWh,172.0,60,112.0,0.0
USENSYS,PJMC,Battery,2035,False,MWh,0.0,1,0.0,0.0
USENSYS,PJMC,Battery,2040,False,MW,0.0,1006,0.0,0.0
USENSYS,PJMC,Battery,2040,False,MWh,1.0,3281,0.0,3280.0
USENSYS,PJMC,Coal,2027,True,MW,0.0,1538,0.0,0.0
USENSYS,PJMC,Coal,2030,True,MW,1538.0,1538,0.0,0.0
USENSYS,PJMC,Coal,2035,True,MW,1538.0,1538,0.0,0.0
USENSYS,PJMC,Distributed Solar,2027,True,MW,0.0,943,0.0,0.0
USENSYS,PJMC,Distributed Solar,2030,True,MW,943.0,1903,0.0,960.0
USENSYS,PJMC,Distributed Solar,2035,True,MW,1903.0,2225,0.0,322.0
USENSYS,PJMC,Distributed Solar,2040,True,MW,2225.0,2178,47.0,0.0
USENSYS,PJMC,Hydro,2027,True,MW,0.0,20,0.0,0.0
USENSYS,PJMC,Hydro,2030,True,MW,20.0,20,0.0,0.0
USENSYS,PJMC,Hydro,2035,True,MW,20.0,20,0.0,0.0
USENSYS,PJMC,Hydro,2040,True,MW,20.0,20,0.0,0.0
USENSYS,PJMC,Natural Gas CC,2027,True,MW,0.0,5038,0.0,0.0
USENSYS,PJMC,Natural Gas CC,2030,True,MW,5038.0,5038,0.0,0.0
USENSYS,PJMC,Natural Gas CC,2035,True,MW,5038.0,5038,0.0,0.0
USENSYS,PJMC,Natural Gas CC,2040,True,MW,5038.0,5038,0.0,0.0
USENSYS,PJMC,Natural Gas CT,2027,True,MW,0.0,8626,0.0,0.0
USENSYS,PJMC,Natural Gas CT,2030,True,MW,8626.0,8626,0.0,0.0
USENSYS,PJMC,Natural Gas CT,2035,True,MW,8626.0,8626,0.0,0.0
USENSYS,PJMC,Natural Gas CT,2040,True,MW,8626.0,8611,15.0,0.0
USENSYS,PJMC,Natural Gas Other,2027,True,MW,0.0,155,0.0,0.0
USENSYS,PJMC,Natural Gas Other,2030,True,MW,155.0,155,0.0,0.0
USENSYS,PJMC,Natural Gas Other,2035,True,MW,155.0,155,0.0,0.0
USENSYS,PJMC,Natural Gas Other,2040,True,MW,155.0,155,0.0,0.0
USENSYS,PJMC,Nuclear,2027,True,MW,0.0,10898,0.0,0.0
USENSYS,PJMC,Nuclear,2030,True,MW,10898.0,10898,0.0,0.0
USENSYS,PJMC,Nuclear,2035,True,MW,10898.0,10898,0.0,0.0
USENSYS,PJMC,Nuclear,2040,True,MW,10898.0,10898,0.0,0.0
USENSYS,PJMC,Other,2027,True,MW,0.0,85,0.0,0.0
USENSYS,PJMC,Other,2030,True,MW,85.0,82,3.0,0.0
USENSYS,PJMC,Other,2035,True,MW,82.0,76,6.0,0.0
USENSYS,PJMC,Other,2040,True,MW,76.0,61,15.0,0.0
USENSYS,PJMC,Solar,2027,True,MW,0.0,344,0.0,0.0
USENSYS,PJMC,Solar,2030,True,MW,344.0,344,0.0,0.0
USENSYS,PJMC,Solar,2035,False,MW,0.0,2012,0.0,0.0
USENSYS,PJMC,Solar,2035,True,MW,344.0,344,0.0,0.0
USENSYS,PJMC,Solar,2040,False,MW,2012.0,7237,0.0,5225.0
USENSYS,PJMC,Solar,2040,True,MW,344.0,335,9.0,0.0
USENSYS,PJMC,Wind,2027,True,MW,0.0,4489,0.0,0.0
USENSYS,PJMC,Wind,2030,False,MW,0.0,1257,0.0,0.0
USENSYS,PJMC,Wind,2030,True,MW,4489.0,4489,0.0,0.0
USENSYS,PJMC,Wind,2035,False,MW,1257.0,3454,0.0,937.0
USENSYS,PJMC,Wind,2035,True,MW,4489.0,4413,76.0,0.0
USENSYS,PJMC,Wind,2040,False,MW,3454.0,4472,0.0,367.0
USENSYS,PJMC,Wind,2040,True,MW,4413.0,2538,1875.0,0.0
USENSYS,PJMD,Battery,2027,True,MW,0.0,40,0.0,0.0
USENSYS,PJMD,Battery,2027,True,MWh,0.0,75,0.0,0.0
USENSYS,PJMD,Battery,2030,True,MW,40.0,40,0.0,0.0
USENSYS,PJMD,Battery,2030,True,MWh,75.0,75,0.0,0.0
USENSYS,PJMD,Battery,2035,False,MWh,0.0,1,0.0,0.0
USENSYS,PJMD,Battery,2035,True,MW,40.0,40,0.0,0.0
USENSYS,PJMD,Battery,2035,True,MWh,75.0,75,0.0,0.0
USENSYS,PJMD,Battery,2040,False,MW,0.0,2145,0.0,0.0
USENSYS,PJMD,Battery,2040,False,MWh,1.0,8737,0.0,8736.0
USENSYS,PJMD,Coal,2027,True,MW,0.0,881,0.0,0.0
USENSYS,PJMD,Coal,2030,True,MW,881.0,881,0.0,0.0
USENSYS,PJMD,Coal,2035,True,MW,881.0,881,0.0,0.0
USENSYS,PJMD,Coal,2040,True,MW,881.0,881,0.0,0.0
USENSYS,PJMD,Distributed Solar,2027,True,MW,0.0,978,0.0,0.0
USENSYS,PJMD,Distributed Solar,2030,True,MW,978.0,2041,0.0,1063.0
USENSYS,PJMD,Distributed Solar,2035,True,MW,2041.0,3089,0.0,1048.0
USENSYS,PJMD,Distributed Solar,2040,True,MW,3089.0,3175,0.0,86.0
USENSYS,PJMD,Hydro,2027,True,MW,0.0,3620,0.0,0.0
USENSYS,PJMD,Hydro,2027,True,MWh,0.0,46546,0.0,0.0
USENSYS,PJMD,Hydro,2030,True,MW,3620.0,3620,0.0,0.0
USENSYS,PJMD,Hydro,2030,True,MWh,46546.0,46546,0.0,0.0
USENSYS,PJMD,Hydro,2035,True,MW,3620.0,3620,0.0,0.0
USENSYS,PJMD,Hydro,2035,True,MWh,46546.0,46546,0.0,0.0
USENSYS,PJMD,Hydro,2040,True,MW,3620.0,3620,0.0,0.0
USENSYS,PJMD,Hydro,2040,True,MWh,46546.0,46546,0.0,0.0
USENSYS,PJMD,Natural Gas CC,2027,True,MW,0.0,7699,0.0,0.0
USENSYS,PJMD,Natural Gas CC,2030,True,MW,7699.0,7699,0.0,0.0
USENSYS,PJMD,Natural Gas CC,2035,True,MW,7699.0,7699,0.0,0.0
USENSYS,PJMD,Natural Gas CC,2040,True,MW,7699.0,7699,0.0,0.0
USENSYS,PJMD,Natural Gas CT,2027,True,MW,0.0,4561,0.0,0.0
USENSYS,PJMD,Natural Gas CT,2030,True,MW,4561.0,4561,0.0,0.0
USENSYS,PJMD,Natural Gas CT,2035,True,MW,4561.0,4561,0.0,0.0
USENSYS,PJMD,Natural Gas CT,2040,True,MW,4561.0,3784,777.0,0.0
USENSYS,PJMD,Natural Gas Other,2027,True,MW,0.0,22,0.0,0.0
USENSYS,PJMD,Natural Gas Other,2030,True,MW,22.0,22,0.0,0.0
USENSYS,PJMD,Natural Gas Other,2035,True,MW,22.0,4,18.0,0.0
USENSYS,PJMD,Natural Gas Other,2040,True,MW,4.0,4,0.0,0.0
USENSYS,PJMD,Nuclear,2027,True,MW,0.0,3708,0.0,0.0
USENSYS,PJMD,Nuclear,2030,True,MW,3708.0,3708,0.0,0.0
USENSYS,PJMD,Nuclear,2035,True,MW,3708.0,3708,0.0,0.0
USENSYS,PJMD,Nuclear,2040,True,MW,3708.0,3708,0.0,0.0
USENSYS,PJMD,Other,2027,True,MW,0.0,412,0.0,0.0
USENSYS,PJMD,Other,2030,True,MW,412.0,161,251.0,0.0
USENSYS,PJMD,Other,2035,True,MW,161.0,116,45.0,0.0
USENSYS,PJMD,Other,2040,True,MW,116.0,70,46.0,0.0
USENSYS,PJMD,Solar,2027,True,MW,0.0,4754,0.0,0.0
USENSYS,PJMD,Solar,2030,False,MW,0.0,10175,0.0,0.0
USENSYS,PJMD,Solar,2030,True,MW,4754.0,4754,0.0,0.0
USENSYS,PJMD,Solar,2035,False,MW,10175.0,18378,0.0,8102.0
USENSYS,PJMD,Solar,2035,True,MW,4754.0,4754,0.0,0.0
USENSYS,PJMD,Solar,2040,False,MW,18378.0,26804,0.0,8426.0
USENSYS,PJMD,Solar,2040,True,MW,4754.0,4754,0.0,0.0
USENSYS,PJMD,Wind,2027,True,MW,0.0,208,0.0,0.0
USENSYS,PJMD,Wind,2030,False,MW,0.0,7129,0.0,0.0
USENSYS,PJMD,Wind,2030,True,MW,208.0,208,0.0,0.0
USENSYS,PJMD,Wind,2035,False,MW,7129.0,7129,0.0,0.0
USENSYS,PJMD,Wind,2035,True,MW,208.0,208,0.0,0.0
USENSYS,PJMD,Wind,2040,False,MW,7129.0,7129,0.0,0.0
USENSYS,PJMD,Wind,2040,True,MW,208.0,208,0.0,0.0
USENSYS,PJME,Battery,2027,True,MW,0.0,107,0.0,0.0
USENSYS,PJME,Battery,2027,True,MWh,0.0,146,0.0,0.0
USENSYS,PJME,Battery,2030,True,MW,107.0,88,19.0,0.0
USENSYS,PJME,Battery,2030,True,MWh,146.0,132,14.0,0.0
USENSYS,PJME,Battery,2035,False,MWh,0.0,1,0.0,0.0
USENSYS,PJME,Battery,2035,True,MW,88.0,36,52.0,0.0
USENSYS,PJME,Battery,2035,True,MWh,132.0,67,65.0,0.0
USENSYS,PJME,Battery,2040,False,MW,0.0,1438,0.0,0.0
USENSYS,PJME,Battery,2040,False,MWh,1.0,4137,0.0,4136.0
USENSYS,PJME,Coal,2027,True,MW,0.0,8672,0.0,0.0
USENSYS,PJME,Coal,2030,True,MW,8672.0,8309,363.0,0.0
USENSYS,PJME,Coal,2035,True,MW,8309.0,4712,3597.0,0.0
USENSYS,PJME,Coal,2040,True,MW,4712.0,2358,2354.0,0.0
USENSYS,PJME,Distributed Solar,2027,True,MW,0.0,6358,0.0,0.0
USENSYS,PJME,Distributed Solar,2030,True,MW,6358.0,9090,0.0,2732.0
USENSYS,PJME,Distributed Solar,2035,True,MW,9090.0,9837,0.0,747.0
USENSYS,PJME,Distributed Solar,2040,True,MW,9837.0,9591,246.0,0.0
USENSYS,PJME,Hydro,2027,True,MW,0.0,3143,0.0,0.0
USENSYS,PJME,Hydro,2027,True,MWh,0.0,30101,0.0,0.0
USENSYS,PJME,Hydro,2030,True,MW,3143.0,2822,321.0,0.0
USENSYS,PJME,Hydro,2030,True,MWh,30101.0,30101,0.0,0.0
USENSYS,PJME,Hydro,2035,True,MW,2822.0,2622,200.0,0.0
USENSYS,PJME,Hydro,2035,True,MWh,30101.0,30101,0.0,0.0
USENSYS,PJME,Hydro,2040,True,MW,2622.0,2589,33.0,0.0
USENSYS,PJME,Hydro,2040,True,MWh,30101.0,30101,0.0,0.0
USENSYS,PJME,Natural Gas CC,2027,True,MW,0.0,27167,0.0,0.0
USENSYS,PJME,Natural Gas CC,2030,True,MW,27167.0,27167,0.0,0.0
USENSYS,PJME,Natural Gas CC,2035,False,MW,0.0,12527,0.0,0.0
USENSYS,PJME,Natural Gas CC,2035,True,MW,27167.0,26839,328.0,0.0
USENSYS,PJME,Natural Gas CC,2040,False,MW,12527.0,18140,0.0,5613.0
USENSYS,PJME,Natural Gas CC,2040,True,MW,26839.0,26839,0.0,0.0
USENSYS,PJME,Natural Gas CT,2027,True,MW,0.0,5134,0.0,0.0
USENSYS,PJME,Natural Gas CT,2030,True,MW,5134.0,5134,0.0,0.0
USENSYS,PJME,Natural Gas CT,2035,True,MW,5134.0,5075,59.0,0.0
USENSYS,PJME,Natural Gas CT,2040,True,MW,5075.0,4790,285.0,0.0
USENSYS,PJME,Natural Gas Other,2027,True,MW,0.0,355,0.0,0.0
USENSYS,PJME,Natural Gas Other,2030,True,MW,355.0,355,0.0,0.0
USENSYS,PJME,Natural Gas Other,2035,True,MW,355.0,354,1.0,0.0
USENSYS,PJME,Natural Gas Other,2040,True,MW,354.0,354,0.0,0.0
USENSYS,PJME,Nuclear,2027,True,MW,0.0,12829,0.0,0.0
USENSYS,PJME,Nuclear,2030,True,MW,12829.0,12829,0.0,0.0
USENSYS,PJME,Nuclear,2035,True,MW,12829.0,12829,0.0,0.0
USENSYS,PJME,Nuclear,2040,True,MW,12829.0,12829,0.0,0.0
USENSYS,PJME,Other,2027,True,MW,0.0,988,0.0,0.0
USENSYS,PJME,Other,2030,True,MW,988.0,834,154.0,0.0
USENSYS,PJME,Other,2035,True,MW,834.0,721,113.0,0.0
USENSYS,PJME,Other,2040,True,MW,721.0,399,322.0,0.0
USENSYS,PJME,Solar,2027,True,MW,0.0,2217,0.0,0.0
USENSYS,PJME,Solar,2030,False,MW,0.0,29157,0.0,0.0
USENSYS,PJME,Solar,2030,True,MW,2217.0,2210,7.0,0.0
USENSYS,PJME,Solar,2035,False,MW,29157.0,34336,0.0,5179.0
USENSYS,PJME,Solar,2035,True,MW,2210.0,2210,0.0,0.0
USENSYS,PJME,Solar,2040,False,MW,34336.0,34338,0.0,2.0
USENSYS,PJME,Solar,2040,True,MW,2210.0,2151,59.0,0.0
USENSYS,PJME,Wind,2027,False,MW,0.0,1869,0.0,1869.0
USENSYS,PJME,Wind,2027,True,MW,0.0,1314,0.0,0.0
USENSYS,PJME,Wind,2030,False,MW,1869.0,5952,0.0,0.0
USENSYS,PJME,Wind,2030,True,MW,1314.0,1314,0.0,0.0
USENSYS,PJME,Wind,2035,False,MW,5952.0,5953,0.0,1.0
USENSYS,PJME,Wind,2035,True,MW,1314.0,1211,103.0,0.0
USENSYS,PJME,Wind,2040,False,MW,5953.0,6050,0.0,0.0
USENSYS,PJME,Wind,2040,True,MW,1211.0,582,629.0,0.0
USENSYS,PJMW,Battery,2027,True,MW,0.0,76,0.0,0.0
USENSYS,PJMW,Battery,2027,True,MWh,0.0,146,0.0,0.0
USENSYS,PJMW,Battery,2030,True,MW,76.0,32,44.0,0.0
USENSYS,PJMW,Battery,2030,True,MWh,146.0,57,89.0,0.0
USENSYS,PJMW,Battery,2035,False,MW,0.0,1,0.0,0.0
USENSYS,PJMW,Battery,2035,False,MWh,0.0,2,0.0,0.0
USENSYS,PJMW,Battery,2035,True,MW,32.0,19,13.0,0.0
USENSYS,PJMW,Battery,2035,True,MWh,57.0,38,19.0,0.0
USENSYS,PJMW,Battery,2040,False,MW,1.0,6979,0.0,6978.0
USENSYS,PJMW,Battery,2040,False,MWh,2.0,29729,0.0,29727.0
USENSYS,PJMW,Coal,2027,True,MW,0.0,21611,0.0,0.0
USENSYS,PJMW,Coal,2030,True,MW,20312.0,17708,2604.0,0.0
USENSYS,PJMW,Coal,2035,True,MW,17708.0,14625,3083.0,0.0
USENSYS,PJMW,Coal,2040,True,MW,14625.0,4889,9736.0,0.0
USENSYS,PJMW,Distributed Solar,2027,True,MW,0.0,1532,0.0,0.0
USENSYS,PJMW,Distributed Solar,2030,True,MW,1532.0,2804,0.0,1272.0
USENSYS,PJMW,Distributed Solar,2035,True,MW,2804.0,4859,0.0,2055.0
USENSYS,PJMW,Distributed Solar,2040,True,MW,4859.0,5826,0.0,967.0
USENSYS,PJMW,Hydro,2027,True,MW,0.0,1286,0.0,0.0
USENSYS,PJMW,Hydro,2027,True,MWh,0.0,3689,0.0,0.0
USENSYS,PJMW,Hydro,2030,True,MW,1286.0,1273,13.0,0.0
USENSYS,PJMW,Hydro,2030,True,MWh,3689.0,3689,0.0,0.0
USENSYS,PJMW,Hydro,2035,True,MW,1273.0,1251,22.0,0.0
USENSYS,PJMW,Hydro,2035,True,MWh,3689.0,3689,0.0,0.0
USENSYS,PJMW,Hydro,2040,True,MW,1251.0,1021,230.0,0.0
USENSYS,PJMW,Hydro,2040,True,MWh,3689.0,3689,0.0,0.0
USENSYS,PJMW,Natural Gas CC,2027,True,MW,0.0,19332,0.0,0.0
USENSYS,PJMW,Natural Gas CC,2030,True,MW,19332.0,19332,0.0,0.0
USENSYS,PJMW,Natural Gas CC,2035,False,MW,0.0,3344,0.0,0.0
USENSYS,PJMW,Natural Gas CC,2035,True,MW,19332.0,19062,270.0,0.0
USENSYS,PJMW,Natural Gas CC,2040,False,MW,3344.0,7807,0.0,4463.0
USENSYS,PJMW,Natural Gas CC,2040,True,MW,19062.0,19062,0.0,0.0
USENSYS,PJMW,Natural Gas CT,2027,True,MW,0.0,11611,0.0,0.0
USENSYS,PJMW,Natural Gas CT,2030,True,MW,11611.0,11611,0.0,0.0
USENSYS,PJMW,Natural Gas CT,2035,True,MW,11611.0,11611,0.0,0.0
USENSYS,PJMW,Natural Gas CT,2040,True,MW,11611.0,11591,20.0,0.0
USENSYS,PJMW,Natural Gas Other,2027,True,MW,0.0,147,0.0,0.0
USENSYS,PJMW,Natural Gas Other,2030,True,MW,147.0,133,14.0,0.0
USENSYS,PJMW,Natural Gas Other,2035,True,MW,133.0,133,0.0,0.0
USENSYS,PJMW,Natural Gas Other,2040,True,MW,133.0,117,16.0,0.0
USENSYS,PJMW,Nuclear,2027,True,MW,0.0,6326,0.0,0.0
USENSYS,PJMW,Nuclear,2030,True,MW,6326.0,6326,0.0,0.0
USENSYS,PJMW,Nuclear,2035,True,MW,6326.0,6326,0.0,0.0
USENSYS,PJMW,Nuclear,2040,True,MW,6326.0,6326,0.0,0.0
USENSYS,PJMW,Other,2027,True,MW,0.0,251,0.0,0.0
USENSYS,PJMW,Other,2030,True,MW,251.0,222,29.0,0.0
USENSYS,PJMW,Other,2035,True,MW,222.0,210,12.0,0.0
USENSYS,PJMW,Other,2040,True,MW,210.0,136,74.0,0.0
USENSYS,PJMW,Solar,2027,True,MW,0.0,4144,0.0,0.0
USENSYS,PJMW,Solar,2030,False,MW,0.0,34447,0.0,0.0
USENSYS,PJMW,Solar,2030,True,MW,4144.0,4144,0.0,0.0
USENSYS,PJMW,Solar,2035,False,MW,34447.0,46570,0.0,12123.0
USENSYS,PJMW,Solar,2035,True,MW,4144.0,4144,0.0,0.0
USENSYS,PJMW,Solar,2040,False,MW,46570.0,57872,0.0,3.0
USENSYS,PJMW,Solar,2040,True,MW,4144.0,4132,12.0,0.0
USENSYS,PJMW,Wind,2027,False,MW,0.0,8791,0.0,8791.0
USENSYS,PJMW,Wind,2027,True,MW,0.0,4454,0.0,0.0
USENSYS,PJMW,Wind,2030,False,MW,8791.0,17576,0.0,1.0
USENSYS,PJMW,Wind,2030,True,MW,4454.0,4454,0.0,0.0
USENSYS,PJMW,Wind,2035,False,MW,17576.0,21827,0.0,1.0
USENSYS,PJMW,Wind,2035,True,MW,4454.0,4366,88.0,0.0
USENSYS,PJMW,Wind,2040,False,MW,21827.0,21966,0.0,0.0
USENSYS,PJMW,Wind,2040,True,MW,4366.0,2818,1548.0,0.0
USENSYS,RMRG,Battery,2027,True,MW,0.0,240,0.0,0.0
USENSYS,RMRG,Battery,2027,True,MWh,0.0,364,0.0,0.0
USENSYS,RMRG,Battery,2030,True,MW,240.0,240,0.0,0.0
USENSYS,RMRG,Battery,2030,True,MWh,364.0,364,0.0,0.0
USENSYS,RMRG,Battery,2035,True,MW,240.0,231,9.0,0.0
USENSYS,RMRG,Battery,2035,True,MWh,364.0,337,27.0,0.0
USENSYS,RMRG,Battery,2040,False,MW,0.0,1,0.0,0.0
USENSYS,RMRG,Battery,2040,False,MWh,0.0,4,0.0,0.0
USENSYS,RMRG,Coal,2027,True,MW,0.0,7779,0.0,0.0
USENSYS,RMRG,Coal,2030,True,MW,7779.0,6250,1529.0,0.0
USENSYS,RMRG,Coal,2035,True,MW,6250.0,6235,15.0,0.0
USENSYS,RMRG,Coal,2040,True,MW,6235.0,3751,2484.0,0.0
USENSYS,RMRG,Distributed Solar,2027,True,MW,0.0,1013,0.0,0.0
USENSYS,RMRG,Distributed Solar,2030,True,MW,1013.0,1386,0.0,373.0
USENSYS,RMRG,Distributed Solar,2035,True,MW,1386.0,1799,0.0,413.0
USENSYS,RMRG,Distributed Solar,2040,True,MW,1799.0,1975,0.0,176.0
USENSYS,RMRG,Hydro,2027,True,MW,0.0,1391,0.0,0.0
USENSYS,RMRG,Hydro,2027,True,MWh,0.0,9002,0.0,0.0
USENSYS,RMRG,Hydro,2030,True,MW,1391.0,1389,2.0,0.0
USENSYS,RMRG,Hydro,2030,True,MWh,9002.0,9002,0.0,0.0
USENSYS,RMRG,Hydro,2035,True,MW,1389.0,1388,1.0,0.0
USENSYS,RMRG,Hydro,2035,True,MWh,9002.0,9002,0.0,0.0
USENSYS,RMRG,Hydro,2040,True,MW,1388.0,1335,53.0,0.0
USENSYS,RMRG,Hydro,2040,True,MWh,9002.0,9002,0.0,0.0
USENSYS,RMRG,Natural Gas CC,2027,True,MW,0.0,3561,0.0,0.0
USENSYS,RMRG,Natural Gas CC,2030,True,MW,3561.0,3561,0.0,0.0
USENSYS,RMRG,Natural Gas CC,2035,True,MW,3561.0,3561,0.0,0.0
USENSYS,RMRG,Natural Gas CC,2040,True,MW,3561.0,3561,0.0,0.0
USENSYS,RMRG,Natural Gas CT,2027,True,MW,0.0,3106,0.0,0.0
USENSYS,RMRG,Natural Gas CT,2030,True,MW,3106.0,3056,50.0,0.0
USENSYS,RMRG,Natural Gas CT,2035,True,MW,3056.0,3054,2.0,0.0
USENSYS,RMRG,Natural Gas CT,2040,True,MW,3054.0,3018,36.0,0.0
USENSYS,RMRG,Natural Gas Other,2027,True,MW,0.0,490,0.0,0.0
USENSYS,RMRG,Natural Gas Other,2030,True,MW,243.0,243,0.0,0.0
USENSYS,RMRG,Natural Gas Other,2035,True,MW,243.0,243,0.0,0.0
USENSYS,RMRG,Natural Gas Other,2040,True,MW,243.0,243,0.0,0.0
USENSYS,RMRG,Other,2027,True,MW,0.0,31,0.0,0.0
USENSYS,RMRG,Other,2030,True,MW,31.0,28,3.0,0.0
USENSYS,RMRG,Other,2035,True,MW,28.0,26,2.0,0.0
USENSYS,RMRG,Other,2040,True,MW,26.0,20,6.0,0.0
USENSYS,RMRG,Solar,2027,True,MW,0.0,2310,0.0,0.0
USENSYS,RMRG,Solar,2030,False,MW,0.0,2054,0.0,0.0
USENSYS,RMRG,Solar,2030,True,MW,2310.0,2310,0.0,0.0
USENSYS,RMRG,Solar,2035,False,MW,2054.0,5637,0.0,3583.0
USENSYS,RMRG,Solar,2035,True,MW,2310.0,2310,0.0,0.0
USENSYS,RMRG,Solar,2040,False,MW,5637.0,5681,0.0,0.0
USENSYS,RMRG,Solar,2040,True,MW,2310.0,2271,39.0,0.0
USENSYS,RMRG,Wind,2027,False,MW,0.0,8195,0.0,8195.0
USENSYS,RMRG,Wind,2027,True,MW,0.0,11503,0.0,0.0
USENSYS,RMRG,Wind,2030,False,MW,8195.0,34492,0.0,3910.0
USENSYS,RMRG,Wind,2030,True,MW,11503.0,11455,48.0,0.0
USENSYS,RMRG,Wind,2035,False,MW,34492.0,47610,0.0,10956.0
USENSYS,RMRG,Wind,2035,True,MW,11455.0,11066,389.0,0.0
USENSYS,RMRG,Wind,2040,False,MW,47610.0,58449,0.0,68.0
USENSYS,RMRG,Wind,2040,True,MW,11066.0,8880,2186.0,0.0
USENSYS,SPPC,Battery,2027,True,MW,0.0,1,0.0,0.0
USENSYS,SPPC,Battery,2027,True,MWh,0.0,2,0.0,0.0
USENSYS,SPPC,Battery,2030,True,MW,1.0,1,0.0,0.0
USENSYS,SPPC,Battery,2030,True,MWh,2.0,2,0.0,0.0
USENSYS,SPPC,Battery,2035,False,MWh,0.0,1,0.0,0.0
USENSYS,SPPC,Battery,2040,False,MW,0.0,1,0.0,0.0
USENSYS,SPPC,Battery,2040,False,MWh,1.0,2,0.0,1.0
USENSYS,SPPC,Coal,2027,True,MW,0.0,7005,0.0,0.0
USENSYS,SPPC,Coal,2030,True,MW,7005.0,7005,0.0,0.0
USENSYS,SPPC,Coal,2035,True,MW,7005.0,6452,553.0,0.0
USENSYS,SPPC,Coal,2040,True,MW,6452.0,5320,1132.0,0.0
USENSYS,SPPC,Distributed Solar,2027,True,MW,0.0,213,0.0,0.0
USENSYS,SPPC,Distributed Solar,2030,True,MW,213.0,382,0.0,169.0
USENSYS,SPPC,Distributed Solar,2035,True,MW,382.0,731,0.0,349.0
USENSYS,SPPC,Distributed Solar,2040,True,MW,731.0,1078,0.0,347.0
USENSYS,SPPC,Hydro,2027,True,MW,0.0,52,0.0,0.0
USENSYS,SPPC,Hydro,2030,True,MW,52.0,52,0.0,0.0
USENSYS,SPPC,Hydro,2035,True,MW,52.0,52,0.0,0.0
USENSYS,SPPC,Hydro,2040,True,MW,52.0,52,0.0,0.0
USENSYS,SPPC,Natural Gas CC,2027,True,MW,0.0,1873,0.0,0.0
USENSYS,SPPC,Natural Gas CC,2030,True,MW,1873.0,1873,0.0,0.0
USENSYS,SPPC,Natural Gas CC,2035,True,MW,1873.0,1873,0.0,0.0
USENSYS,SPPC,Natural Gas CC,2040,True,MW,1873.0,1873,0.0,0.0
USENSYS,SPPC,Natural Gas CT,2027,True,MW,0.0,3765,0.0,0.0
USENSYS,SPPC,Natural Gas CT,2030,True,MW,3765.0,3591,174.0,0.0
USENSYS,SPPC,Natural Gas CT,2035,True,MW,3591.0,3254,337.0,0.0
USENSYS,SPPC,Natural Gas CT,2040,True,MW,3194.0,3098,96.0,0.0
USENSYS,SPPC,Natural Gas Other,2027,True,MW,0.0,418,0.0,0.0
USENSYS,SPPC,Natural Gas Other,2030,True,MW,418.0,399,19.0,0.0
USENSYS,SPPC,Natural Gas Other,2035,True,MW,399.0,371,28.0,0.0
USENSYS,SPPC,Natural Gas Other,2040,True,MW,371.0,360,11.0,0.0
USENSYS,SPPC,Nuclear,2027,True,MW,0.0,1255,0.0,0.0
USENSYS,SPPC,Nuclear,2030,True,MW,1255.0,1255,0.0,0.0
USENSYS,SPPC,Nuclear,2035,True,MW,1255.0,1255,0.0,0.0
USENSYS,SPPC,Nuclear,2040,True,MW,1255.0,1255,0.0,0.0
USENSYS,SPPC,Other,2027,True,MW,0.0,248,0.0,0.0
USENSYS,SPPC,Other,2030,True,MW,248.0,200,48.0,0.0
USENSYS,SPPC,Other,2035,True,MW,200.0,178,22.0,0.0
USENSYS,SPPC,Other,2040,True,MW,178.0,128,50.0,0.0
USENSYS,SPPC,Solar,2027,True,MW,0.0,102,0.0,0.0
USENSYS,SPPC,Solar,2030,True,MW,102.0,102,0.0,0.0
USENSYS,SPPC,Solar,2035,False,MW,0.0,2595,0.0,0.0
USENSYS,SPPC,Solar,2035,True,MW,102.0,102,0.0,0.0
USENSYS,SPPC,Solar,2040,False,MW,2595.0,6252,0.0,3657.0
USENSYS,SPPC,Solar,2040,True,MW,102.0,102,0.0,0.0
USENSYS,SPPC,Wind,2027,False,MW,0.0,1617,0.0,1617.0
USENSYS,SPPC,Wind,2027,True,MW,0.0,8380,0.0,0.0
USENSYS,SPPC,Wind,2030,False,MW,1617.0,25362,0.0,1438.0
USENSYS,SPPC,Wind,2030,True,MW,8380.0,8380,0.0,0.0
USENSYS,SPPC,Wind,2035,False,MW,25362.0,27249,0.0,1887.0
USENSYS,SPPC,Wind,2035,True,MW,8380.0,8118,262.0,0.0
USENSYS,SPPC,Wind,2040,False,MW,27249.0,29706,0.0,1.0
USENSYS,SPPC,Wind,2040,True,MW,8118.0,7462,656.0,0.0
USENSYS,SPPN,Battery,2027,True,MW,0.0,5,0.0,0.0
USENSYS,SPPN,Battery,2027,True,MWh,0.0,13,0.0,0.0
USENSYS,SPPN,Battery,2030,True,MW,5.0,5,0.0,0.0
USENSYS,SPPN,Battery,2030,True,MWh,13.0,13,0.0,0.0
USENSYS,SPPN,Battery,2035,False,MWh,0.0,1,0.0,0.0
USENSYS,SPPN,Battery,2035,True,MW,5.0,2,3.0,0.0
USENSYS,SPPN,Battery,2035,True,MWh,13.0,8,5.0,0.0
USENSYS,SPPN,Battery,2040,False,MWh,1.0,1,0.0,0.0
USENSYS,SPPN,Coal,2027,True,MW,0.0,5254,0.0,0.0
USENSYS,SPPN,Coal,2030,True,MW,5254.0,5016,238.0,0.0
USENSYS,SPPN,Coal,2035,True,MW,5016.0,4620,396.0,0.0
USENSYS,SPPN,Coal,2040,True,MW,4620.0,4175,445.0,0.0
USENSYS,SPPN,Distributed Solar,2027,True,MW,0.0,205,0.0,0.0
USENSYS,SPPN,Distributed Solar,2030,True,MW,205.0,339,0.0,134.0
USENSYS,SPPN,Distributed Solar,2035,True,MW,339.0,546,0.0,207.0
USENSYS,SPPN,Distributed Solar,2040,True,MW,546.0,640,0.0,94.0
USENSYS,SPPN,Hydro,2027,True,MW,0.0,2572,0.0,0.0
USENSYS,SPPN,Hydro,2030,True,MW,2572.0,2572,0.0,0.0
USENSYS,SPPN,Hydro,2035,True,MW,2572.0,2556,16.0,0.0
USENSYS,SPPN,Hydro,2040,True,MW,2556.0,2509,47.0,0.0
USENSYS,SPPN,Natural Gas CC,2027,True,MW,0.0,645,0.0,0.0
USENSYS,SPPN,Natural Gas CC,2030,True,MW,645.0,645,0.0,0.0
USENSYS,SPPN,Natural Gas CC,2035,True,MW,645.0,645,0.0,0.0
USENSYS,SPPN,Natural Gas CC,2040,True,MW,645.0,645,0.0,0.0
USENSYS,SPPN,Natural Gas CT,2027,True,MW,0.0,2444,0.0,0.0
USENSYS,SPPN,Natural Gas CT,2030,True,MW,2444.0,2444,0.0,0.0
USENSYS,SPPN,Natural Gas CT,2035,True,MW,2444.0,2444,0.0,0.0
USENSYS,SPPN,Natural Gas CT,2040,True,MW,2444.0,2444,0.0,0.0
USENSYS,SPPN,Natural Gas Other,2027,True,MW,0.0,413,0.0,0.0
USENSYS,SPPN,Natural Gas Other,2030,True,MW,413.0,399,14.0,0.0
USENSYS,SPPN,Natural Gas Other,2035,True,MW,399.0,358,41.0,0.0
USENSYS,SPPN,Natural Gas Other,2040,True,MW,358.0,352,6.0,0.0
USENSYS,SPPN,Nuclear,2027,True,MW,0.0,770,0.0,0.0
USENSYS,SPPN,Nuclear,2030,True,MW,770.0,770,0.0,0.0
USENSYS,SPPN,Nuclear,2035,True,MW,770.0,770,0.0,0.0
USENSYS,SPPN,Nuclear,2040,True,MW,770.0,770,0.0,0.0
USENSYS,SPPN,Other,2027,True,MW,0.0,81,0.0,0.0
USENSYS,SPPN,Other,2030,True,MW,81.0,81,0.0,0.0
USENSYS,SPPN,Other,2035,True,MW,81.0,78,3.0,0.0
USENSYS,SPPN,Other,2040,True,MW,78.0,53,25.0,0.0
USENSYS,SPPN,Solar,2027,True,MW,0.0,126,0.0,0.0
USENSYS,SPPN,Solar,2030,False,MW,0.0,8722,0.0,0.0
USENSYS,SPPN,Solar,2030,True,MW,126.0,126,0.0,0.0
USENSYS,SPPN,Solar,2035,False,MW,8722.0,11994,0.0,3272.0
USENSYS,SPPN,Solar,2035,True,MW,126.0,126,0.0,0.0
USENSYS,SPPN,Solar,2040,False,MW,11994.0,12280,0.0,286.0
USENSYS,SPPN,Solar,2040,True,MW,126.0,126,0.0,0.0
USENSYS,SPPN,Wind,2027,False,MW,0.0,6277,0.0,6277.0
USENSYS,SPPN,Wind,2027,True,MW,0.0,7510,0.0,0.0
USENSYS,SPPN,Wind,2030,False,MW,6277.0,20681,0.0,2103.0
USENSYS,SPPN,Wind,2030,True,MW,7510.0,7508,2.0,0.0
USENSYS,SPPN,Wind,2035,False,MW,20681.0,25092,0.0,4411.0
USENSYS,SPPN,Wind,2035,True,MW,7508.0,7374,134.0,0.0
USENSYS,SPPN,Wind,2040,False,MW,25092.0,29709,0.0,0.0
USENSYS,SPPN,Wind,2040,True,MW,7374.0,6768,606.0,0.0
USENSYS,SPPS,Battery,2027,True,MW,0.0,222,0.0,0.0
USENSYS,SPPS,Battery,2027,True,MWh,0.0,446,0.0,0.0
USENSYS,SPPS,Battery,2030,True,MW,222.0,222,0.0,0.0
USENSYS,SPPS,Battery,2030,True,MWh,446.0,446,0.0,0.0
USENSYS,SPPS,Battery,2035,True,MW,222.0,200,22.0,0.0
USENSYS,SPPS,Battery,2035,True,MWh,446.0,400,46.0,0.0
USENSYS,SPPS,Battery,2040,False,MW,0.0,1,0.0,0.0
USENSYS,SPPS,Battery,2040,False,MWh,0.0,2,0.0,0.0
USENSYS,SPPS,Coal,2027,True,MW,0.0,7716,0.0,0.0
USENSYS,SPPS,Coal,2030,True,MW,7716.0,6716,1000.0,0.0
USENSYS,SPPS,Coal,2035,True,MW,6716.0,6716,0.0,0.0
USENSYS,SPPS,Coal,2040,True,MW,6716.0,4631,2085.0,0.0
USENSYS,SPPS,Distributed Solar,2027,True,MW,0.0,824,0.0,0.0
USENSYS,SPPS,Distributed Solar,2030,True,MW,824.0,1620,0.0,796.0
USENSYS,SPPS,Distributed Solar,2035,True,MW,1620.0,2473,0.0,853.0
USENSYS,SPPS,Distributed Solar,2040,True,MW,2473.0,2719,0.0,246.0
USENSYS,SPPS,Hydro,2027,True,MW,0.0,2521,0.0,0.0
USENSYS,SPPS,Hydro,2027,True,MWh,0.0,7347,0.0,0.0
USENSYS,SPPS,Hydro,2030,True,MW,2521.0,2521,0.0,0.0
USENSYS,SPPS,Hydro,2030,True,MWh,7347.0,7347,0.0,0.0
USENSYS,SPPS,Hydro,2035,True,MW,2521.0,2521,0.0,0.0
USENSYS,SPPS,Hydro,2035,True,MWh,7347.0,7347,0.0,0.0
USENSYS,SPPS,Hydro,2040,True,MW,2521.0,2437,84.0,0.0
USENSYS,SPPS,Hydro,2040,True,MWh,7347.0,7347,0.0,0.0
USENSYS,SPPS,Natural Gas CC,2027,True,MW,0.0,8983,0.0,0.0
USENSYS,SPPS,Natural Gas CC,2030,True,MW,8983.0,8983,0.0,0.0
USENSYS,SPPS,Natural Gas CC,2035,True,MW,8983.0,8713,270.0,0.0
USENSYS,SPPS,Natural Gas CC,2040,True,MW,8713.0,8431,282.0,0.0
USENSYS,SPPS,Natural Gas CT,2027,True,MW,0.0,3731,0.0,0.0
USENSYS,SPPS,Natural Gas CT,2030,True,MW,3731.0,3731,0.0,0.0
USENSYS,SPPS,Natural Gas CT,2035,True,MW,3731.0,3731,0.0,0.0
USENSYS,SPPS,Natural Gas CT,2040,True,MW,3731.0,3483,248.0,0.0
USENSYS,SPPS,Natural Gas Other,2027,True,MW,0.0,1916,0.0,0.0
USENSYS,SPPS,Natural Gas Other,2030,True,MW,1916.0,985,931.0,0.0
USENSYS,SPPS,Natural Gas Other,2035,True,MW,433.0,421,12.0,0.0
USENSYS,SPPS,Natural Gas Other,2040,True,MW,421.0,407,14.0,0.0
USENSYS,SPPS,Other,2027,True,MW,0.0,75,0.0,0.0
USENSYS,SPPS,Other,2030,True,MW,75.0,60,15.0,0.0
USENSYS,SPPS,Other,2035,True,MW,60.0,59,1.0,0.0
USENSYS,SPPS,Other,2040,True,MW,59.0,53,6.0,0.0
USENSYS,SPPS,Solar,2027,True,MW,0.0,335,0.0,0.0
USENSYS,SPPS,Solar,2030,False,MW,0.0,12126,0.0,0.0
USENSYS,SPPS,Solar,2030,True,MW,335.0,335,0.0,0.0
USENSYS,SPPS,Solar,2035,False,MW,12126.0,15112,0.0,2986.0
USENSYS,SPPS,Solar,2035,True,MW,335.0,335,0.0,0.0
USENSYS,SPPS,Solar,2040,False,MW,15112.0,15113,0.0,1.0
USENSYS,SPPS,Solar,2040,True,MW,335.0,335,0.0,0.0
USENSYS,SPPS,Wind,2027,False,MW,0.0,6597,0.0,6597.0
USENSYS,SPPS,Wind,2027,True,MW,0.0,19174,0.0,0.0
USENSYS,SPPS,Wind,2030,False,MW,6597.0,49399,0.0,1266.0
USENSYS,SPPS,Wind,2030,True,MW,19174.0,19174,0.0,0.0
USENSYS,SPPS,Wind,2035,False,MW,49399.0,60297,0.0,2441.0
USENSYS,SPPS,Wind,2035,True,MW,19174.0,18416,758.0,0.0
USENSYS,SPPS,Wind,2040,False,MW,60297.0,66480,0.0,313.0
USENSYS,SPPS,Wind,2040,True,MW,18416.0,16684,1732.0,0.0
USENSYS,SRCA,Battery,2027,True,MW,0.0,161,0.0,0.0
USENSYS,SRCA,Battery,2027,True,MWh,0.0,301,0.0,0.0
USENSYS,SRCA,Battery,2030,True,MW,161.0,161,0.0,0.0
USENSYS,SRCA,Battery,2030,True,MWh,301.0,301,0.0,0.0
USENSYS,SRCA,Battery,2035,False,MW,0.0,1,0.0,0.0
USENSYS,SRCA,Battery,2035,False,MWh,0.0,2,0.0,0.0
USENSYS,SRCA,Battery,2035,True,MW,161.0,146,15.0,0.0
USENSYS,SRCA,Battery,2035,True,MWh,301.0,285,16.0,0.0
USENSYS,SRCA,Battery,2040,False,MW,1.0,2069,0.0,2068.0
USENSYS,SRCA,Battery,2040,False,MWh,2.0,8996,0.0,8994.0
USENSYS,SRCA,Coal,2027,True,MW,0.0,13692,0.0,0.0
USENSYS,SRCA,Coal,2030,True,MW,13692.0,12542,1150.0,0.0
USENSYS,SRCA,Coal,2035,True,MW,12542.0,9069,3473.0,0.0
USENSYS,SRCA,Coal,2040,True,MW,8371.0,4653,3718.0,0.0
USENSYS,SRCA,Distributed Solar,2027,True,MW,0.0,2140,0.0,0.0
USENSYS,SRCA,Distributed Solar,2030,True,MW,2140.0,3265,0.0,1125.0
USENSYS,SRCA,Distributed Solar,2035,True,MW,3265.0,4889,0.0,1624.0
USENSYS,SRCA,Distributed Solar,2040,True,MW,4889.0,5554,0.0,665.0
USENSYS,SRCA,Hydro,2027,True,MW,0.0,4473,0.0,0.0
USENSYS,SRCA,Hydro,2027,True,MWh,0.0,44578,0.0,0.0
USENSYS,SRCA,Hydro,2030,True,MW,4473.0,4123,350.0,0.0
USENSYS,SRCA,Hydro,2030,True,MWh,44578.0,44578,0.0,0.0
USENSYS,SRCA,Hydro,2035,True,MW,4123.0,4123,0.0,0.0
USENSYS,SRCA,Hydro,2035,True,MWh,44578.0,44578,0.0,0.0
USENSYS,SRCA,Hydro,2040,True,MW,4123.0,4122,1.0,0.0
USENSYS,SRCA,Hydro,2040,True,MWh,44578.0,44578,0.0,0.0
USENSYS,SRCA,Natural Gas CC,2027,True,MW,0.0,9320,0.0,0.0
USENSYS,SRCA,Natural Gas CC,2030,False,MW,0.0,1080,0.0,0.0
USENSYS,SRCA,Natural Gas CC,2030,True,MW,9320.0,9320,0.0,0.0
USENSYS,SRCA,Natural Gas CC,2035,False,MW,1080.0,5113,0.0,4033.0
USENSYS,SRCA,Natural Gas CC,2035,True,MW,9320.0,9320,0.0,0.0
USENSYS,SRCA,Natural Gas CC,2040,False,MW,5113.0,6542,0.0,1429.0
USENSYS,SRCA,Natural Gas CC,2040,True,MW,9320.0,9105,215.0,0.0
USENSYS,SRCA,Natural Gas CT,2027,True,MW,0.0,10642,0.0,0.0
USENSYS,SRCA,Natural Gas CT,2030,True,MW,10642.0,10642,0.0,0.0
USENSYS,SRCA,Natural Gas CT,2035,True,MW,10642.0,10642,0.0,0.0
USENSYS,SRCA,Natural Gas CT,2040,True,MW,10642.0,10642,0.0,0.0
USENSYS,SRCA,Natural Gas Other,2027,True,MW,0.0,566,0.0,0.0
USENSYS,SRCA,Natural Gas Other,2030,True,MW,566.0,566,0.0,0.0
USENSYS,SRCA,Natural Gas Other,2035,True,MW,566.0,520,46.0,0.0
USENSYS,SRCA,Natural Gas Other,2040,True,MW,520.0,520,0.0,0.0
USENSYS,SRCA,Nuclear,2027,True,MW,0.0,12107,0.0,0.0
USENSYS,SRCA,Nuclear,2030,True,MW,12107.0,12107,0.0,0.0
USENSYS,SRCA,Nuclear,2035,True,MW,12107.0,12107,0.0,0.0
USENSYS,SRCA,Nuclear,2040,True,MW,12107.0,12107,0.0,0.0
USENSYS,SRCA,Other,2027,True,MW,0.0,298,0.0,0.0
USENSYS,SRCA,Other,2030,True,MW,298.0,297,1.0,0.0
USENSYS,SRCA,Other,2035,True,MW,297.0,248,49.0,0.0
USENSYS,SRCA,Other,2040,True,MW,248.0,206,42.0,0.0
USENSYS,SRCA,Solar,2027,True,MW,0.0,7941,0.0,0.0
USENSYS,SRCA,Solar,2030,False,MW,0.0,19737,0.0,0.0
USENSYS,SRCA,Solar,2030,True,MW,7941.0,7941,0.0,0.0
USENSYS,SRCA,Solar,2035,False,MW,19737.0,27818,0.0,8081.0
USENSYS,SRCA,Solar,2035,True,MW,7941.0,7941,0.0,0.0
USENSYS,SRCA,Solar,2040,False,MW,27818.0,35842,0.0,2209.0
USENSYS,SRCA,Solar,2040,True,MW,7941.0,7931,10.0,0.0
USENSYS,SRCA,Wind,2027,False,MW,0.0,1480,0.0,1480.0
USENSYS,SRCA,Wind,2030,False,MW,1480.0,10487,0.0,608.0
USENSYS,SRCA,Wind,2035,False,MW,10487.0,10768,0.0,1.0
USENSYS,SRCA,Wind,2040,False,MW,10768.0,11062,0.0,0.0
USENSYS,SRCE,Battery,2027,True,MW,0.0,122,0.0,0.0
USENSYS,SRCE,Battery,2027,True,MWh,0.0,245,0.0,0.0
USENSYS,SRCE,Battery,2030,True,MW,122.0,122,0.0,0.0
USENSYS,SRCE,Battery,2030,True,MWh,245.0,245,0.0,0.0
USENSYS,SRCE,Battery,2035,False,MWh,0.0,1,0.0,0.0
USENSYS,SRCE,Battery,2035,True,MW,122.0,121,1.0,0.0
USENSYS,SRCE,Battery,2035,True,MWh,245.0,243,2.0,0.0
USENSYS,SRCE,Battery,2040,False,MW,0.0,1468,0.0,0.0
USENSYS,SRCE,Battery,2040,False,MWh,1.0,4924,0.0,4923.0
USENSYS,SRCE,Coal,2027,True,MW,0.0,8957,0.0,0.0
USENSYS,SRCE,Coal,2030,True,MW,8957.0,7685,1272.0,0.0
USENSYS,SRCE,Coal,2035,True,MW,7685.0,5582,2103.0,0.0
USENSYS,SRCE,Coal,2040,True,MW,5582.0,4083,1499.0,0.0
USENSYS,SRCE,Distributed Solar,2027,True,MW,0.0,392,0.0,0.0
USENSYS,SRCE,Distributed Solar,2030,True,MW,392.0,823,0.0,431.0
USENSYS,SRCE,Distributed Solar,2035,True,MW,823.0,1703,0.0,880.0
USENSYS,SRCE,Distributed Solar,2040,True,MW,1703.0,2478,0.0,775.0
USENSYS,SRCE,Hydro,2027,True,MW,0.0,6414,0.0,0.0
USENSYS,SRCE,Hydro,2027,True,MWh,0.0,26099,0.0,0.0
USENSYS,SRCE,Hydro,2030,True,MW,6414.0,6169,245.0,0.0
USENSYS,SRCE,Hydro,2030,True,MWh,26099.0,26099,0.0,0.0
USENSYS,SRCE,Hydro,2035,True,MW,6169.0,6164,5.0,0.0
USENSYS,SRCE,Hydro,2035,True,MWh,26099.0,26099,0.0,0.0
USENSYS,SRCE,Hydro,2040,True,MW,6164.0,5612,552.0,0.0
USENSYS,SRCE,Hydro,2040,True,MWh,26099.0,26099,0.0,0.0
USENSYS,SRCE,Natural Gas CC,2027,True,MW,0.0,11514,0.0,0.0
USENSYS,SRCE,Natural Gas CC,2030,True,MW,11514.0,11514,0.0,0.0
USENSYS,SRCE,Natural Gas CC,2035,True,MW,11514.0,11514,0.0,0.0
USENSYS,SRCE,Natural Gas CC,2040,True,MW,11514.0,11514,0.0,0.0
USENSYS,SRCE,Natural Gas CT,2027,True,MW,0.0,6717,0.0,0.0
USENSYS,SRCE,Natural Gas CT,2030,True,MW,6717.0,6717,0.0,0.0
USENSYS,SRCE,Natural Gas CT,2035,True,MW,6717.0,5987,730.0,0.0
USENSYS,SRCE,Natural Gas CT,2040,True,MW,5987.0,5987,0.0,0.0
USENSYS,SRCE,Natural Gas Other,2027,True,MW,0.0,67,0.0,0.0
USENSYS,SRCE,Natural Gas Other,2030,True,MW,67.0,67,0.0,0.0
USENSYS,SRCE,Natural Gas Other,2035,True,MW,67.0,50,17.0,0.0
USENSYS,SRCE,Natural Gas Other,2040,True,MW,50.0,50,0.0,0.0
USENSYS,SRCE,Nuclear,2027,True,MW,0.0,8431,0.0,0.0
USENSYS,SRCE,Nuclear,2030,True,MW,8431.0,8431,0.0,0.0
USENSYS,SRCE,Nuclear,2035,True,MW,8431.0,8431,0.0,0.0
USENSYS,SRCE,Nuclear,2040,True,MW,8431.0,8431,0.0,0.0
USENSYS,SRCE,Other,2027,True,MW,0.0,105,0.0,0.0
USENSYS,SRCE,Other,2030,True,MW,105.0,105,0.0,0.0
USENSYS,SRCE,Other,2035,True,MW,105.0,88,17.0,0.0
USENSYS,SRCE,Other,2040,True,MW,78.0,31,47.0,0.0
USENSYS,SRCE,Solar,2027,True,MW,0.0,1937,0.0,0.0
USENSYS,SRCE,Solar,2030,False,MW,0.0,21572,0.0,0.0
USENSYS,SRCE,Solar,2030,True,MW,1937.0,1937,0.0,0.0
USENSYS,SRCE,Solar,2035,False,MW,21572.0,34191,0.0,8450.0
USENSYS,SRCE,Solar,2035,True,MW,1937.0,1937,0.0,0.0
USENSYS,SRCE,Solar,2040,False,MW,34191.0,45305,0.0,6179.0
USENSYS,SRCE,Solar,2040,True,MW,1937.0,1937,0.0,0.0
USENSYS,SRCE,Wind,2027,False,MW,0.0,13603,0.0,13603.0
USENSYS,SRCE,Wind,2027,True,MW,0.0,29,0.0,0.0
USENSYS,SRCE,Wind,2030,False,MW,13603.0,40647,0.0,0.0
USENSYS,SRCE,Wind,2030,True,MW,29.0,27,2.0,0.0
USENSYS,SRCE,Wind,2035,False,MW,40647.0,52487,0.0,2.0
USENSYS,SRCE,Wind,2040,False,MW,52487.0,61114,0.0,1724.0
USENSYS,SRSE,Battery,2027,True,MW,0.0,152,0.0,0.0
USENSYS,SRSE,Battery,2027,True,MWh,0.0,309,0.0,0.0
USENSYS,SRSE,Battery,2030,True,MW,152.0,152,0.0,0.0
USENSYS,SRSE,Battery,2030,True,MWh,309.0,309,0.0,0.0
USENSYS,SRSE,Battery,2035,False,MWh,0.0,2,0.0,0.0
USENSYS,SRSE,Battery,2035,True,MW,152.0,150,2.0,0.0
USENSYS,SRSE,Battery,2035,True,MWh,309.0,304,5.0,0.0
USENSYS,SRSE,Battery,2040,False,MW,0.0,2861,0.0,0.0
USENSYS,SRSE,Battery,2040,False,MWh,2.0,12441,0.0,12439.0
USENSYS,SRSE,Coal,2027,True,MW,0.0,10508,0.0,0.0
USENSYS,SRSE,Coal,2030,True,MW,10508.0,10508,0.0,0.0
USENSYS,SRSE,Coal,2035,True,MW,10508.0,10146,362.0,0.0
USENSYS,SRSE,Coal,2040,True,MW,10146.0,5358,4788.0,0.0
USENSYS,SRSE,Distributed Solar,2027,True,MW,0.0,378,0.0,0.0
USENSYS,SRSE,Distributed Solar,2030,True,MW,378.0,865,0.0,487.0
USENSYS,SRSE,Distributed Solar,2035,True,MW,865.0,1492,0.0,627.0
USENSYS,SRSE,Distributed Solar,2040,True,MW,1492.0,1989,0.0,497.0
USENSYS,SRSE,Hydro,2027,True,MW,0.0,5526,0.0,0.0
USENSYS,SRSE,Hydro,2027,True,MWh,0.0,29391,0.0,0.0
USENSYS,SRSE,Hydro,2030,True,MW,5526.0,5329,197.0,0.0
USENSYS,SRSE,Hydro,2030,True,MWh,29391.0,29391,0.0,0.0
USENSYS,SRSE,Hydro,2035,True,MW,5329.0,5251,78.0,0.0
USENSYS,SRSE,Hydro,2035,True,MWh,29391.0,29391,0.0,0.0
USENSYS,SRSE,Hydro,2040,True,MW,5251.0,5251,0.0,0.0
USENSYS,SRSE,Hydro,2040,True,MWh,29391.0,29391,0.0,0.0
USENSYS,SRSE,Natural Gas CC,2027,True,MW,0.0,21443,0.0,0.0
USENSYS,SRSE,Natural Gas CC,2030,True,MW,21443.0,21443,0.0,0.0
USENSYS,SRSE,Natural Gas CC,2035,True,MW,21443.0,21443,0.0,0.0
USENSYS,SRSE,Natural Gas CC,2040,True,MW,21443.0,21443,0.0,0.0
USENSYS,SRSE,Natural Gas CT,2027,True,MW,0.0,12518,0.0,0.0
USENSYS,SRSE,Natural Gas CT,2030,True,MW,12518.0,12518,0.0,0.0
USENSYS,SRSE,Natural Gas CT,2035,True,MW,12518.0,12518,0.0,0.0
USENSYS,SRSE,Natural Gas CT,2040,True,MW,12518.0,12427,91.0,0.0
USENSYS,SRSE,Natural Gas Other,2027,True,MW,0.0,108,0.0,0.0
USENSYS,SRSE,Natural Gas Other,2030,True,MW,108.0,108,0.0,0.0
USENSYS,SRSE,Natural Gas Other,2035,True,MW,21.0,21,0.0,0.0
USENSYS,SRSE,Natural Gas Other,2040,True,MW,21.0,21,0.0,0.0
USENSYS,SRSE,Nuclear,2027,True,MW,0.0,8080,0.0,0.0
USENSYS,SRSE,Nuclear,2030,True,MW,8080.0,8080,0.0,0.0
USENSYS,SRSE,Nuclear,2035,True,MW,8080.0,8080,0.0,0.0
USENSYS,SRSE,Nuclear,2040,True,MW,8080.0,8080,0.0,0.0
USENSYS,SRSE,Other,2027,True,MW,0.0,479,0.0,0.0
USENSYS,SRSE,Other,2030,True,MW,479.0,380,99.0,0.0
USENSYS,SRSE,Other,2035,True,MW,380.0,308,72.0,0.0
USENSYS,SRSE,Other,2040,True,MW,308.0,201,107.0,0.0
USENSYS,SRSE,Solar,2027,True,MW,0.0,7193,0.0,0.0
USENSYS,SRSE,Solar,2030,False,MW,0.0,24628,0.0,0.0
USENSYS,SRSE,Solar,2030,True,MW,7193.0,7193,0.0,0.0
USENSYS,SRSE,Solar,2035,False,MW,24628.0,34065,0.0,5386.0
USENSYS,SRSE,Solar,2035,True,MW,7193.0,7193,0.0,0.0
USENSYS,SRSE,Solar,2040,False,MW,34065.0,47966,0.0,1158.0
USENSYS,SRSE,Solar,2040,True,MW,7193.0,7193,0.0,0.0
USENSYS,SRSE,Wind,2030,False,MW,0.0,17221,0.0,0.0
USENSYS,SRSE,Wind,2035,False,MW,17221.0,25772,0.0,0.0
USENSYS,SRSE,Wind,2040,False,MW,25772.0,27682,0.0,1.0
USENSYS,SRSG,Battery,2027,True,MW,0.0,2075,0.0,0.0
USENSYS,SRSG,Battery,2027,True,MWh,0.0,4194,0.0,0.0
USENSYS,SRSG,Battery,2030,True,MW,2075.0,2075,0.0,0.0
USENSYS,SRSG,Battery,2030,True,MWh,4194.0,4194,0.0,0.0
USENSYS,SRSG,Battery,2035,False,MWh,0.0,1,0.0,0.0
USENSYS,SRSG,Battery,2035,True,MW,2075.0,2003,72.0,0.0
USENSYS,SRSG,Battery,2035,True,MWh,4194.0,4007,187.0,0.0
USENSYS,SRSG,Battery,2040,False,MW,0.0,2962,0.0,0.0
USENSYS,SRSG,Battery,2040,False,MWh,1.0,9659,0.0,9658.0
USENSYS,SRSG,Coal,2027,True,MW,0.0,3986,0.0,0.0
USENSYS,SRSG,Coal,2030,True,MW,3986.0,3986,0.0,0.0
USENSYS,SRSG,Coal,2035,True,MW,3986.0,1278,2708.0,0.0
USENSYS,SRSG,Coal,2040,True,MW,1278.0,1278,0.0,0.0
USENSYS,SRSG,Distributed Solar,2027,True,MW,0.0,1975,0.0,0.0
USENSYS,SRSG,Distributed Solar,2030,True,MW,1975.0,2531,0.0,556.0
USENSYS,SRSG,Distributed Solar,2035,True,MW,2531.0,3060,0.0,529.0
USENSYS,SRSG,Distributed Solar,2040,True,MW,3060.0,3109,0.0,49.0
USENSYS,SRSG,Geothermal,2027,True,MW,0.0,168,0.0,0.0
USENSYS,SRSG,Geothermal,2030,True,MW,168.0,142,26.0,0.0
USENSYS,SRSG,Geothermal,2035,True,MW,142.0,131,11.0,0.0
USENSYS,SRSG,Geothermal,2040,True,MW,131.0,65,66.0,0.0
USENSYS,SRSG,Hydro,2027,True,MW,0.0,3048,0.0,0.0
USENSYS,SRSG,Hydro,2027,True,MWh,0.0,3353,0.0,0.0
USENSYS,SRSG,Hydro,2030,True,MW,3048.0,3044,4.0,0.0
USENSYS,SRSG,Hydro,2030,True,MWh,3353.0,3353,0.0,0.0
USENSYS,SRSG,Hydro,2035,True,MW,3044.0,3044,0.0,0.0
USENSYS,SRSG,Hydro,2035,True,MWh,3353.0,3353,0.0,0.0
USENSYS,SRSG,Hydro,2040,True,MW,3044.0,2705,339.0,0.0
USENSYS,SRSG,Hydro,2040,True,MWh,3353.0,3353,0.0,0.0
USENSYS,SRSG,Natural Gas CC,2027,True,MW,0.0,12108,0.0,0.0
USENSYS,SRSG,Natural Gas CC,2030,True,MW,12108.0,12108,0.0,0.0
USENSYS,SRSG,Natural Gas CC,2035,True,MW,12108.0,11694,414.0,0.0
USENSYS,SRSG,Natural Gas CC,2040,True,MW,11694.0,11418,276.0,0.0
USENSYS,SRSG,Natural Gas CT,2027,True,MW,0.0,3583,0.0,0.0
USENSYS,SRSG,Natural Gas CT,2030,True,MW,3583.0,3496,87.0,0.0
USENSYS,SRSG,Natural Gas CT,2035,True,MW,3496.0,3496,0.0,0.0
USENSYS,SRSG,Natural Gas CT,2040,True,MW,3496.0,3446,50.0,0.0
USENSYS,SRSG,Natural Gas Other,2027,True,MW,0.0,470,0.0,0.0
USENSYS,SRSG,Natural Gas Other,2030,True,MW,470.0,295,175.0,0.0
USENSYS,SRSG,Natural Gas Other,2035,True,MW,197.0,197,0.0,0.0
USENSYS,SRSG,Natural Gas Other,2040,True,MW,197.0,197,0.0,0.0
USENSYS,SRSG,Nuclear,2027,True,MW,0.0,4003,0.0,0.0
USENSYS,SRSG,Nuclear,2030,True,MW,4003.0,4003,0.0,0.0
USENSYS,SRSG,Nuclear,2035,True,MW,4003.0,4003,0.0,0.0
USENSYS,SRSG,Nuclear,2040,True,MW,4003.0,4003,0.0,0.0
USENSYS,SRSG,Other,2027,True,MW,0.0,210,0.0,0.0
USENSYS,SRSG,Other,2030,True,MW,210.0,208,2.0,0.0
USENSYS,SRSG,Other,2035,True,MW,208.0,185,23.0,0.0
USENSYS,SRSG,Other,2040,True,MW,36.0,29,7.0,0.0
USENSYS,SRSG,Solar,2027,True,MW,0.0,7667,0.0,0.0
USENSYS,SRSG,Solar,2030,False,MW,0.0,9668,0.0,0.0
USENSYS,SRSG,Solar,2030,True,MW,7667.0,7667,0.0,0.0
USENSYS,SRSG,Solar,2035,False,MW,9668.0,16956,0.0,2746.0
USENSYS,SRSG,Solar,2035,True,MW,7667.0,7660,7.0,0.0
USENSYS,SRSG,Solar,2040,False,MW,16956.0,30057,0.0,13101.0
USENSYS,SRSG,Solar,2040,True,MW,7660.0,7618,42.0,0.0
USENSYS,SRSG,Wind,2027,False,MW,0.0,6792,0.0,6792.0
USENSYS,SRSG,Wind,2027,True,MW,0.0,4607,0.0,0.0
USENSYS,SRSG,Wind,2030,False,MW,6792.0,16725,0.0,3134.0
USENSYS,SRSG,Wind,2030,True,MW,4607.0,4607,0.0,0.0
USENSYS,SRSG,Wind,2035,False,MW,16725.0,21382,0.0,1.0
USENSYS,SRSG,Wind,2035,True,MW,4607.0,4403,204.0,0.0
USENSYS,SRSG,Wind,2040,False,MW,21382.0,21413,0.0,1.0
USENSYS,SRSG,Wind,2040,True,MW,4403.0,3983,420.0,0.0
USENSYS,TRE,Battery,2027,True,MW,0.0,2830,0.0,0.0
USENSYS,TRE,Battery,2027,True,MWh,0.0,4619,0.0,0.0
USENSYS,TRE,Battery,2030,True,MW,2830.0,2830,0.0,0.0
USENSYS,TRE,Battery,2030,True,MWh,4619.0,4619,0.0,0.0
USENSYS,TRE,Battery,2035,False,MWh,0.0,1,0.0,0.0
USENSYS,TRE,Battery,2035,True,MW,2830.0,2739,91.0,0.0
USENSYS,TRE,Battery,2035,True,MWh,4619.0,4515,104.0,0.0
USENSYS,TRE,Battery,2040,False,MW,0.0,559,0.0,0.0
USENSYS,TRE,Battery,2040,False,MWh,1.0,1821,0.0,1820.0
USENSYS,TRE,Coal,2027,True,MW,0.0,12980,0.0,0.0
USENSYS,TRE,Coal,2030,True,MW,12980.0,10731,2249.0,0.0
USENSYS,TRE,Coal,2035,True,MW,10731.0,10731,0.0,0.0
USENSYS,TRE,Coal,2040,True,MW,10731.0,10731,0.0,0.0
USENSYS,TRE,Distributed Solar,2027,True,MW,0.0,2842,0.0,0.0
USENSYS,TRE,Distributed Solar,2030,True,MW,2842.0,5519,0.0,2677.0
USENSYS,TRE,Distributed Solar,2035,True,MW,5519.0,8154,0.0,2635.0
USENSYS,TRE,Distributed Solar,2040,True,MW,8154.0,8408,0.0,254.0
USENSYS,TRE,Hydro,2027,True,MW,0.0,499,0.0,0.0
USENSYS,TRE,Hydro,2030,True,MW,499.0,499,0.0,0.0
USENSYS,TRE,Hydro,2035,True,MW,499.0,493,6.0,0.0
USENSYS,TRE,Hydro,2040,True,MW,493.0,444,49.0,0.0
USENSYS,TRE,Natural Gas CC,2027,True,MW,0.0,37853,0.0,0.0
USENSYS,TRE,Natural Gas CC,2030,True,MW,37853.0,37853,0.0,0.0
USENSYS,TRE,Natural Gas CC,2035,True,MW,37853.0,36534,1319.0,0.0
USENSYS,TRE,Natural Gas CC,2040,False,MW,0.0,6806,0.0,0.0
USENSYS,TRE,Natural Gas CC,2040,True,MW,36534.0,35879,655.0,0.0
USENSYS,TRE,Natural Gas CT,2027,True,MW,0.0,9100,0.0,0.0
USENSYS,TRE,Natural Gas CT,2030,True,MW,9100.0,9034,66.0,0.0
USENSYS,TRE,Natural Gas CT,2035,True,MW,9034.0,8750,284.0,0.0
USENSYS,TRE,Natural Gas CT,2040,True,MW,8750.0,7694,1056.0,0.0
USENSYS,TRE,Natural Gas Other,2027,True,MW,0.0,1756,0.0,0.0
USENSYS,TRE,Natural Gas Other,2030,True,MW,1756.0,1236,520.0,0.0
USENSYS,TRE,Natural Gas Other,2035,True,MW,1236.0,1236,0.0,0.0
USENSYS,TRE,Natural Gas Other,2040,True,MW,1236.0,1234,2.0,0.0
USENSYS,TRE,Nuclear,2027,True,MW,0.0,5120,0.0,0.0
USENSYS,TRE,Nuclear,2030,True,MW,5120.0,5120,0.0,0.0
USENSYS,TRE,Nuclear,2035,True,MW,5120.0,5120,0.0,0.0
USENSYS,TRE,Nuclear,2040,True,MW,5120.0,5120,0.0,0.0
USENSYS,TRE,Other,2027,True,MW,0.0,159,0.0,0.0
USENSYS,TRE,Other,2030,True,MW,159.0,159,0.0,0.0
USENSYS,TRE,Other,2035,True,MW,159.0,157,2.0,0.0
USENSYS,TRE,Other,2040,True,MW,157.0,146,11.0,0.0
USENSYS,TRE,Solar,2027,True,MW,0.0,12507,0.0,0.0
USENSYS,TRE,Solar,2030,False,MW,0.0,15572,0.0,0.0
USENSYS,TRE,Solar,2030,True,MW,12507.0,12507,0.0,0.0
USENSYS,TRE,Solar,2035,False,MW,15572.0,26672,0.0,1.0
USENSYS,TRE,Solar,2035,True,MW,12507.0,12507,0.0,0.0
USENSYS,TRE,Solar,2040,False,MW,26672.0,32736,0.0,6064.0
USENSYS,TRE,Solar,2040,True,MW,12507.0,12493,14.0,0.0
USENSYS,TRE,Wind,2027,False,MW,0.0,18559,0.0,18559.0
USENSYS,TRE,Wind,2027,True,MW,0.0,12328,0.0,0.0
USENSYS,TRE,Wind,2030,False,MW,18559.0,54411,0.0,5700.0
USENSYS,TRE,Wind,2030,True,MW,12328.0,12328,0.0,0.0
USENSYS,TRE,Wind,2035,False,MW,54411.0,72388,0.0,8941.0
USENSYS,TRE,Wind,2035,True,MW,12328.0,12328,0.0,0.0
USENSYS,TRE,Wind,2040,False,MW,72388.0,80849,0.0,5549.0
USENSYS,TRE,Wind,2040,True,MW,12328.0,10796,1532.0,0.0
USENSYS,TREW,Battery,2027,True,MW,0.0,1876,0.0,0.0
USENSYS,TREW,Battery,2027,True,MWh,0.0,3481,0.0,0.0
USENSYS,TREW,Battery,2030,True,MW,1876.0,1876,0.0,0.0
USENSYS,TREW,Battery,2030,True,MWh,3481.0,3481,0.0,0.0
USENSYS,TREW,Battery,2035,True,MW,1876.0,1785,91.0,0.0
USENSYS,TREW,Battery,2035,True,MWh,3481.0,3291,190.0,0.0
USENSYS,TREW,Battery,2040,False,MW,0.0,1,0.0,0.0
USENSYS,TREW,Battery,2040,False,MWh,0.0,2,0.0,0.0
USENSYS,TREW,Distributed Solar,2027,True,MW,0.0,155,0.0,0.0
USENSYS,TREW,Distributed Solar,2030,True,MW,155.0,300,0.0,145.0
USENSYS,TREW,Distributed Solar,2035,True,MW,300.0,444,0.0,144.0
USENSYS,TREW,Distributed Solar,2040,True,MW,444.0,457,0.0,13.0
USENSYS,TREW,Natural Gas CC,2027,True,MW,0.0,3590,0.0,0.0
USENSYS,TREW,Natural Gas CC,2030,True,MW,3590.0,3590,0.0,0.0
USENSYS,TREW,Natural Gas CC,2035,True,MW,3590.0,3590,0.0,0.0
USENSYS,TREW,Natural Gas CC,2040,True,MW,3590.0,3590,0.0,0.0
USENSYS,TREW,Natural Gas CT,2027,True,MW,0.0,1208,0.0,0.0
USENSYS,TREW,Natural Gas CT,2030,True,MW,1208.0,1208,0.0,0.0
USENSYS,TREW,Natural Gas CT,2035,True,MW,1208.0,1208,0.0,0.0
USENSYS,TREW,Natural Gas CT,2040,True,MW,336.0,336,0.0,0.0
USENSYS,TREW,Natural Gas Other,2027,True,MW,0.0,9,0.0,0.0
USENSYS,TREW,Natural Gas Other,2030,True,MW,9.0,9,0.0,0.0
USENSYS,TREW,Natural Gas Other,2035,True,MW,9.0,9,0.0,0.0
USENSYS,TREW,Natural Gas Other,2040,True,MW,9.0,9,0.0,0.0
USENSYS,TREW,Other,2027,True,MW,0.0,54,0.0,0.0
USENSYS,TREW,Other,2030,True,MW,54.0,54,0.0,0.0
USENSYS,TREW,Other,2035,True,MW,54.0,54,0.0,0.0
USENSYS,TREW,Other,2040,True,MW,54.0,54,0.0,0.0
USENSYS,TREW,Solar,2027,True,MW,0.0,9872,0.0,0.0
USENSYS,TREW,Solar,2030,False,MW,0.0,2881,0.0,0.0
USENSYS,TREW,Solar,2030,True,MW,9872.0,9872,0.0,0.0
USENSYS,TREW,Solar,2035,False,MW,2881.0,4521,0.0,0.0
USENSYS,TREW,Solar,2035,True,MW,9872.0,9872,0.0,0.0
USENSYS,TREW,Solar,2040,False,MW,4521.0,7279,0.0,2758.0
USENSYS,TREW,Solar,2040,True,MW,9872.0,9872,0.0,0.0
USENSYS,TREW,Wind,2027,True,MW,0.0,26086,0.0,0.0
USENSYS,TREW,Wind,2030,False,MW,0.0,13681,0.0,0.0
USENSYS,TREW,Wind,2030,True,MW,26086.0,25978,108.0,0.0
USENSYS,TREW,Wind,2035,False,MW,13681.0,15852,0.0,1.0
USENSYS,TREW,Wind,2035,True,MW,25978.0,24370,1608.0,0.0
USENSYS,TREW,Wind,2040,False,MW,15852.0,19892,0.0,4040.0
USENSYS,TREW,Wind,2040,True,MW,24370.0,18369,6001.0,0.0
