model,zone,planning_year,case,unit,value,agg_zone
TEMOA,BASN,2027,full-base-50,tons,25178000.0,WECC
TEMOA,BASN,2030,full-base-50,tons,8694190.0,WECC
TEMOA,BASN,2035,full-base-50,tons,12739200.0,WECC
TEMOA,BASN,2040,full-base-50,tons,13445100.0,WECC
TEMOA,BASN,2045,full-base-50,tons,14421600.0,WECC
TEMOA,BASN,2050,full-base-50,tons,12808500.0,WECC
TEMOA,CANO,2027,full-base-50,tons,21624200.0,CA
TEMOA,CANO,2030,full-base-50,tons,13899700.0,CA
TEMOA,CANO,2035,full-base-50,tons,19296300.0,CA
TEMOA,CANO,2040,full-base-50,tons,17782600.0,CA
TEMOA,CANO,2045,full-base-50,tons,20586100.0,CA
TEMOA,CANO,2050,full-base-50,tons,18926100.0,CA
TEMOA,CASO,2027,full-base-50,tons,20372500.0,CA
TEMOA,CASO,2030,full-base-50,tons,13688200.0,CA
TEMOA,CASO,2035,full-base-50,tons,19189300.0,CA
TEMOA,CASO,2040,full-base-50,tons,32405500.0,CA
TEMOA,CASO,2045,full-base-50,tons,40210400.0,CA
TEMOA,CASO,2050,full-base-50,tons,38040800.0,CA
TEMOA,FRCC,2027,full-base-50,tons,75178700.0,SOU
TEMOA,FRCC,2030,full-base-50,tons,50292300.0,SOU
TEMOA,FRCC,2035,full-base-50,tons,54553700.0,SOU
TEMOA,FRCC,2040,full-base-50,tons,56903000.0,SOU
TEMOA,FRCC,2045,full-base-50,tons,61972300.0,SOU
TEMOA,FRCC,2050,full-base-50,tons,62139900.0,SOU
TEMOA,ISNE,2027,full-base-50,tons,28824500.0,NE
TEMOA,ISNE,2030,full-base-50,tons,19963100.0,NE
TEMOA,ISNE,2035,full-base-50,tons,27616800.0,NE
TEMOA,ISNE,2040,full-base-50,tons,28181100.0,NE
TEMOA,ISNE,2045,full-base-50,tons,29974500.0,NE
TEMOA,ISNE,2050,full-base-50,tons,28701400.0,NE
TEMOA,MISC,2027,full-base-50,tons,36785800.0,MISO
TEMOA,MISC,2030,full-base-50,tons,14882300.0,MISO
TEMOA,MISC,2035,full-base-50,tons,21421200.0,MISO
TEMOA,MISC,2040,full-base-50,tons,24545300.0,MISO
TEMOA,MISC,2045,full-base-50,tons,33373000.0,MISO
TEMOA,MISC,2050,full-base-50,tons,38419000.0,MISO
TEMOA,MISE,2027,full-base-50,tons,32877400.0,MISO
TEMOA,MISE,2030,full-base-50,tons,13486200.0,MISO
TEMOA,MISE,2035,full-base-50,tons,17210100.0,MISO
TEMOA,MISE,2040,full-base-50,tons,16836000.0,MISO
TEMOA,MISE,2045,full-base-50,tons,18758000.0,MISO
TEMOA,MISE,2050,full-base-50,tons,19415500.0,MISO
TEMOA,MISS,2027,full-base-50,tons,52206200.0,MISO
TEMOA,MISS,2030,full-base-50,tons,26577600.0,MISO
TEMOA,MISS,2035,full-base-50,tons,28914800.0,MISO
TEMOA,MISS,2040,full-base-50,tons,24580500.0,MISO
TEMOA,MISS,2045,full-base-50,tons,25980700.0,MISO
TEMOA,MISS,2050,full-base-50,tons,29091600.0,MISO
TEMOA,MISW,2027,full-base-50,tons,43590100.0,MISO
TEMOA,MISW,2030,full-base-50,tons,21731500.0,MISO
TEMOA,MISW,2035,full-base-50,tons,29034300.0,MISO
TEMOA,MISW,2040,full-base-50,tons,33893700.0,MISO
TEMOA,MISW,2045,full-base-50,tons,37155800.0,MISO
TEMOA,MISW,2050,full-base-50,tons,37991700.0,MISO
TEMOA,NWPP,2027,full-base-50,tons,17769700.0,WECC
TEMOA,NWPP,2030,full-base-50,tons,4833450.0,WECC
TEMOA,NWPP,2035,full-base-50,tons,9098530.0,WECC
TEMOA,NWPP,2040,full-base-50,tons,16895200.0,WECC
TEMOA,NWPP,2045,full-base-50,tons,21808100.0,WECC
TEMOA,NWPP,2050,full-base-50,tons,23310900.0,WECC
TEMOA,NYCW,2027,full-base-50,tons,9970390.0,NE
TEMOA,NYCW,2030,full-base-50,tons,7910520.0,NE
TEMOA,NYCW,2035,full-base-50,tons,14813000.0,NE
TEMOA,NYCW,2040,full-base-50,tons,14849500.0,NE
TEMOA,NYCW,2045,full-base-50,tons,16505000.0,NE
TEMOA,NYCW,2050,full-base-50,tons,16424500.0,NE
TEMOA,NYUP,2027,full-base-50,tons,15293700.0,NE
TEMOA,NYUP,2030,full-base-50,tons,8626150.0,NE
TEMOA,NYUP,2035,full-base-50,tons,6318310.0,NE
TEMOA,NYUP,2040,full-base-50,tons,4695910.0,NE
TEMOA,NYUP,2045,full-base-50,tons,4711780.0,NE
TEMOA,NYUP,2050,full-base-50,tons,6962020.0,NE
TEMOA,PJMC,2027,full-base-50,tons,13406600.0,PJM
TEMOA,PJMC,2030,full-base-50,tons,9290230.0,PJM
TEMOA,PJMC,2035,full-base-50,tons,9366800.0,PJM
TEMOA,PJMC,2040,full-base-50,tons,6609230.0,PJM
TEMOA,PJMC,2045,full-base-50,tons,5033760.0,PJM
TEMOA,PJMC,2050,full-base-50,tons,3683760.0,PJM
TEMOA,PJMD,2027,full-base-50,tons,17468200.0,PJM
TEMOA,PJMD,2030,full-base-50,tons,10082700.0,PJM
TEMOA,PJMD,2035,full-base-50,tons,7462980.0,PJM
TEMOA,PJMD,2040,full-base-50,tons,4214910.0,PJM
TEMOA,PJMD,2045,full-base-50,tons,3131800.0,PJM
TEMOA,PJMD,2050,full-base-50,tons,1936520.0,PJM
TEMOA,PJME,2027,full-base-50,tons,78642400.0,PJM
TEMOA,PJME,2030,full-base-50,tons,58275000.0,PJM
TEMOA,PJME,2035,full-base-50,tons,71964600.0,PJM
TEMOA,PJME,2040,full-base-50,tons,77505900.0,PJM
TEMOA,PJME,2045,full-base-50,tons,87986200.0,PJM
TEMOA,PJME,2050,full-base-50,tons,91247300.0,PJM
TEMOA,PJMW,2027,full-base-50,tons,93971600.0,PJM
TEMOA,PJMW,2030,full-base-50,tons,47811600.0,PJM
TEMOA,PJMW,2035,full-base-50,tons,52774100.0,PJM
TEMOA,PJMW,2040,full-base-50,tons,62034400.0,PJM
TEMOA,PJMW,2045,full-base-50,tons,68723400.0,PJM
TEMOA,PJMW,2050,full-base-50,tons,69172200.0,PJM
TEMOA,RMRG,2027,full-base-50,tons,15178600.0,WECC
TEMOA,RMRG,2030,full-base-50,tons,2882680.0,WECC
TEMOA,RMRG,2035,full-base-50,tons,6180440.0,WECC
TEMOA,RMRG,2040,full-base-50,tons,3537930.0,WECC
TEMOA,RMRG,2045,full-base-50,tons,2575090.0,WECC
TEMOA,RMRG,2050,full-base-50,tons,2034390.0,WECC
TEMOA,SPPC,2027,full-base-50,tons,19202600.0,SPP
TEMOA,SPPC,2030,full-base-50,tons,4884200.0,SPP
TEMOA,SPPC,2035,full-base-50,tons,6719760.0,SPP
TEMOA,SPPC,2040,full-base-50,tons,4034210.0,SPP
TEMOA,SPPC,2045,full-base-50,tons,1924310.0,SPP
TEMOA,SPPC,2050,full-base-50,tons,934942.0,SPP
TEMOA,SPPN,2027,full-base-50,tons,8189080.0,SPP
TEMOA,SPPN,2030,full-base-50,tons,2234640.0,SPP
TEMOA,SPPN,2035,full-base-50,tons,3365320.0,SPP
TEMOA,SPPN,2040,full-base-50,tons,2310250.0,SPP
TEMOA,SPPN,2045,full-base-50,tons,1312830.0,SPP
TEMOA,SPPN,2050,full-base-50,tons,793167.0,SPP
TEMOA,SPPS,2027,full-base-50,tons,19910900.0,SPP
TEMOA,SPPS,2030,full-base-50,tons,10666600.0,SPP
TEMOA,SPPS,2035,full-base-50,tons,10735900.0,SPP
TEMOA,SPPS,2040,full-base-50,tons,8299160.0,SPP
TEMOA,SPPS,2045,full-base-50,tons,6287480.0,SPP
TEMOA,SPPS,2050,full-base-50,tons,5545330.0,SPP
TEMOA,SRCA,2027,full-base-50,tons,39330100.0,SOU
TEMOA,SRCA,2030,full-base-50,tons,19254000.0,SOU
TEMOA,SRCA,2035,full-base-50,tons,25693600.0,SOU
TEMOA,SRCA,2040,full-base-50,tons,25399700.0,SOU
TEMOA,SRCA,2045,full-base-50,tons,29992600.0,SOU
TEMOA,SRCA,2050,full-base-50,tons,29886100.0,SOU
TEMOA,SRCE,2027,full-base-50,tons,36309300.0,MISO
TEMOA,SRCE,2030,full-base-50,tons,15468100.0,MISO
TEMOA,SRCE,2035,full-base-50,tons,18261300.0,MISO
TEMOA,SRCE,2040,full-base-50,tons,18588600.0,MISO
TEMOA,SRCE,2045,full-base-50,tons,23172000.0,MISO
TEMOA,SRCE,2050,full-base-50,tons,21917600.0,MISO
TEMOA,SRSE,2027,full-base-50,tons,54381400.0,SOU
TEMOA,SRSE,2030,full-base-50,tons,34100200.0,SOU
TEMOA,SRSE,2035,full-base-50,tons,41570300.0,SOU
TEMOA,SRSE,2040,full-base-50,tons,36660400.0,SOU
TEMOA,SRSE,2045,full-base-50,tons,39947100.0,SOU
TEMOA,SRSE,2050,full-base-50,tons,39218100.0,SOU
TEMOA,SRSG,2027,full-base-50,tons,19538700.0,WECC
TEMOA,SRSG,2030,full-base-50,tons,9308140.0,WECC
TEMOA,SRSG,2035,full-base-50,tons,12432700.0,WECC
TEMOA,SRSG,2040,full-base-50,tons,10342900.0,WECC
TEMOA,SRSG,2045,full-base-50,tons,11576400.0,WECC
TEMOA,SRSG,2050,full-base-50,tons,9438350.0,WECC
TEMOA,TRE,2027,full-base-50,tons,69877600.0,TRE
TEMOA,TRE,2030,full-base-50,tons,41106500.0,TRE
TEMOA,TRE,2035,full-base-50,tons,44879500.0,TRE
TEMOA,TRE,2040,full-base-50,tons,47694000.0,TRE
TEMOA,TRE,2045,full-base-50,tons,55036600.0,TRE
TEMOA,TRE,2050,full-base-50,tons,55260000.0,TRE
TEMOA,TREW,2027,full-base-50,tons,7835200.0,TRE
TEMOA,TREW,2030,full-base-50,tons,5422440.0,TRE
TEMOA,TREW,2035,full-base-50,tons,4956630.0,TRE
TEMOA,TREW,2040,full-base-50,tons,3916410.0,TRE
TEMOA,TREW,2045,full-base-50,tons,2881880.0,TRE
TEMOA,TREW,2050,full-base-50,tons,1958720.0,TRE
GenX,BASN,2027,full-base-50,tons,27553400.0,WECC
GenX,CANO,2027,full-base-50,tons,19499400.0,CA
GenX,CASO,2027,full-base-50,tons,20116700.0,CA
GenX,FRCC,2027,full-base-50,tons,75165800.0,SOU
GenX,ISNE,2027,full-base-50,tons,28351400.0,NE
GenX,MISC,2027,full-base-50,tons,37527500.0,MISO
GenX,MISE,2027,full-base-50,tons,32756500.0,MISO
GenX,MISS,2027,full-base-50,tons,52031000.0,MISO
GenX,MISW,2027,full-base-50,tons,43392600.0,MISO
GenX,NWPP,2027,full-base-50,tons,16218000.0,WECC
GenX,NYCW,2027,full-base-50,tons,9945890.0,NE
GenX,NYUP,2027,full-base-50,tons,13614000.0,NE
GenX,PJMC,2027,full-base-50,tons,13369700.0,PJM
GenX,PJMD,2027,full-base-50,tons,17467800.0,PJM
GenX,PJME,2027,full-base-50,tons,78384700.0,PJM
GenX,PJMW,2027,full-base-50,tons,94023800.0,PJM
GenX,RMRG,2027,full-base-50,tons,16298900.0,WECC
GenX,SPPC,2027,full-base-50,tons,19597900.0,SPP
GenX,SPPN,2027,full-base-50,tons,8344200.0,SPP
GenX,SPPS,2027,full-base-50,tons,20139700.0,SPP
GenX,SRCA,2027,full-base-50,tons,39742200.0,SOU
GenX,SRCE,2027,full-base-50,tons,36222200.0,MISO
GenX,SRSE,2027,full-base-50,tons,54157400.0,SOU
GenX,SRSG,2027,full-base-50,tons,20646200.0,WECC
GenX,TRE,2027,full-base-50,tons,70680900.0,TRE
GenX,TREW,2027,full-base-50,tons,7755810.0,TRE
GenX,BASN,2030,full-base-50,tons,9225180.0,WECC
GenX,CANO,2030,full-base-50,tons,14495800.0,CA
GenX,CASO,2030,full-base-50,tons,14007700.0,CA
GenX,FRCC,2030,full-base-50,tons,50730000.0,SOU
GenX,ISNE,2030,full-base-50,tons,20560400.0,NE
GenX,MISC,2030,full-base-50,tons,15766900.0,MISO
GenX,MISE,2030,full-base-50,tons,14519000.0,MISO
GenX,MISS,2030,full-base-50,tons,26834600.0,MISO
GenX,MISW,2030,full-base-50,tons,22132300.0,MISO
GenX,NWPP,2030,full-base-50,tons,5937210.0,WECC
GenX,NYCW,2030,full-base-50,tons,7983130.0,NE
GenX,NYUP,2030,full-base-50,tons,7937880.0,NE
GenX,PJMC,2030,full-base-50,tons,9417220.0,PJM
GenX,PJMD,2030,full-base-50,tons,10435300.0,PJM
GenX,PJME,2030,full-base-50,tons,58769000.0,PJM
GenX,PJMW,2030,full-base-50,tons,48770800.0,PJM
GenX,RMRG,2030,full-base-50,tons,2978790.0,WECC
GenX,SPPC,2030,full-base-50,tons,4995540.0,SPP
GenX,SPPN,2030,full-base-50,tons,2255860.0,SPP
GenX,SPPS,2030,full-base-50,tons,11072200.0,SPP
GenX,SRCA,2030,full-base-50,tons,20006000.0,SOU
GenX,SRCE,2030,full-base-50,tons,15732100.0,MISO
GenX,SRSE,2030,full-base-50,tons,35202200.0,SOU
GenX,SRSG,2030,full-base-50,tons,9965140.0,WECC
GenX,TRE,2030,full-base-50,tons,41991000.0,TRE
GenX,TREW,2030,full-base-50,tons,5558080.0,TRE
GenX,BASN,2035,full-base-50,tons,13096600.0,WECC
GenX,CANO,2035,full-base-50,tons,19423500.0,CA
GenX,CASO,2035,full-base-50,tons,20186200.0,CA
GenX,FRCC,2035,full-base-50,tons,54879400.0,SOU
GenX,ISNE,2035,full-base-50,tons,28174500.0,NE
GenX,MISC,2035,full-base-50,tons,22939200.0,MISO
GenX,MISE,2035,full-base-50,tons,18188700.0,MISO
GenX,MISS,2035,full-base-50,tons,29634600.0,MISO
GenX,MISW,2035,full-base-50,tons,30713800.0,MISO
GenX,NWPP,2035,full-base-50,tons,9917160.0,WECC
GenX,NYCW,2035,full-base-50,tons,15242100.0,NE
GenX,NYUP,2035,full-base-50,tons,6035350.0,NE
GenX,PJMC,2035,full-base-50,tons,9403990.0,PJM
GenX,PJMD,2035,full-base-50,tons,7609120.0,PJM
GenX,PJME,2035,full-base-50,tons,73148200.0,PJM
GenX,PJMW,2035,full-base-50,tons,55281000.0,PJM
GenX,RMRG,2035,full-base-50,tons,5825660.0,WECC
GenX,SPPC,2035,full-base-50,tons,6687700.0,SPP
GenX,SPPN,2035,full-base-50,tons,3503190.0,SPP
GenX,SPPS,2035,full-base-50,tons,11088600.0,SPP
GenX,SRCA,2035,full-base-50,tons,26611300.0,SOU
GenX,SRCE,2035,full-base-50,tons,18841800.0,MISO
GenX,SRSE,2035,full-base-50,tons,43057200.0,SOU
GenX,SRSG,2035,full-base-50,tons,12695700.0,WECC
GenX,TRE,2035,full-base-50,tons,46112300.0,TRE
GenX,TREW,2035,full-base-50,tons,5114100.0,TRE
GenX,BASN,2040,full-base-50,tons,14700400.0,WECC
GenX,CANO,2040,full-base-50,tons,19210700.0,CA
GenX,CASO,2040,full-base-50,tons,33426300.0,CA
GenX,FRCC,2040,full-base-50,tons,57390800.0,SOU
GenX,ISNE,2040,full-base-50,tons,27841300.0,NE
GenX,MISC,2040,full-base-50,tons,24091100.0,MISO
GenX,MISE,2040,full-base-50,tons,17863600.0,MISO
GenX,MISS,2040,full-base-50,tons,25504400.0,MISO
GenX,MISW,2040,full-base-50,tons,34780500.0,MISO
GenX,NWPP,2040,full-base-50,tons,11559400.0,WECC
GenX,NYCW,2040,full-base-50,tons,15705600.0,NE
GenX,NYUP,2040,full-base-50,tons,5038130.0,NE
GenX,PJMC,2040,full-base-50,tons,6937920.0,PJM
GenX,PJMD,2040,full-base-50,tons,4551190.0,PJM
GenX,PJME,2040,full-base-50,tons,78305200.0,PJM
GenX,PJMW,2040,full-base-50,tons,62878700.0,PJM
GenX,RMRG,2040,full-base-50,tons,3744430.0,WECC
GenX,SPPC,2040,full-base-50,tons,4250430.0,SPP
GenX,SPPN,2040,full-base-50,tons,2747280.0,SPP
GenX,SPPS,2040,full-base-50,tons,8943780.0,SPP
GenX,SRCA,2040,full-base-50,tons,26450600.0,SOU
GenX,SRCE,2040,full-base-50,tons,19049100.0,MISO
GenX,SRSE,2040,full-base-50,tons,36797900.0,SOU
GenX,SRSG,2040,full-base-50,tons,10218000.0,WECC
GenX,TRE,2040,full-base-50,tons,46870100.0,TRE
GenX,TREW,2040,full-base-50,tons,4156390.0,TRE
GenX,BASN,2045,full-base-50,tons,14268100.0,WECC
GenX,CANO,2045,full-base-50,tons,21369400.0,CA
GenX,CASO,2045,full-base-50,tons,42031800.0,CA
GenX,FRCC,2045,full-base-50,tons,62593400.0,SOU
GenX,ISNE,2045,full-base-50,tons,29954000.0,NE
GenX,MISC,2045,full-base-50,tons,33953000.0,MISO
GenX,MISE,2045,full-base-50,tons,20195900.0,MISO
GenX,MISS,2045,full-base-50,tons,26949400.0,MISO
GenX,MISW,2045,full-base-50,tons,40254700.0,MISO
GenX,NWPP,2045,full-base-50,tons,18787400.0,WECC
GenX,NYCW,2045,full-base-50,tons,19679800.0,NE
GenX,NYUP,2045,full-base-50,tons,5346440.0,NE
GenX,PJMC,2045,full-base-50,tons,5327950.0,PJM
GenX,PJMD,2045,full-base-50,tons,3316250.0,PJM
GenX,PJME,2045,full-base-50,tons,86775500.0,PJM
GenX,PJMW,2045,full-base-50,tons,69840700.0,PJM
GenX,RMRG,2045,full-base-50,tons,2780400.0,WECC
GenX,SPPC,2045,full-base-50,tons,2111060.0,SPP
GenX,SPPN,2045,full-base-50,tons,1380690.0,SPP
GenX,SPPS,2045,full-base-50,tons,6804900.0,SPP
GenX,SRCA,2045,full-base-50,tons,31620100.0,SOU
GenX,SRCE,2045,full-base-50,tons,24046200.0,MISO
GenX,SRSE,2045,full-base-50,tons,39792600.0,SOU
GenX,SRSG,2045,full-base-50,tons,12105700.0,WECC
GenX,TRE,2045,full-base-50,tons,55588600.0,TRE
GenX,TREW,2045,full-base-50,tons,3087930.0,TRE
GenX,BASN,2050,full-base-50,tons,14253600.0,WECC
GenX,CANO,2050,full-base-50,tons,19638600.0,CA
GenX,CASO,2050,full-base-50,tons,40599100.0,CA
GenX,FRCC,2050,full-base-50,tons,62565200.0,SOU
GenX,ISNE,2050,full-base-50,tons,29522900.0,NE
GenX,MISC,2050,full-base-50,tons,39403200.0,MISO
GenX,MISE,2050,full-base-50,tons,21253500.0,MISO
GenX,MISS,2050,full-base-50,tons,28749100.0,MISO
GenX,MISW,2050,full-base-50,tons,39040500.0,MISO
GenX,NWPP,2050,full-base-50,tons,21895900.0,WECC
GenX,NYCW,2050,full-base-50,tons,19749300.0,NE
GenX,NYUP,2050,full-base-50,tons,6886510.0,NE
GenX,PJMC,2050,full-base-50,tons,4068390.0,PJM
GenX,PJMD,2050,full-base-50,tons,2148950.0,PJM
GenX,PJME,2050,full-base-50,tons,91406600.0,PJM
GenX,PJMW,2050,full-base-50,tons,69380900.0,PJM
GenX,RMRG,2050,full-base-50,tons,3180800.0,WECC
GenX,SPPC,2050,full-base-50,tons,1226280.0,SPP
GenX,SPPN,2050,full-base-50,tons,858073.0,SPP
GenX,SPPS,2050,full-base-50,tons,5410050.0,SPP
GenX,SRCA,2050,full-base-50,tons,30774100.0,SOU
GenX,SRCE,2050,full-base-50,tons,22211200.0,MISO
GenX,SRSE,2050,full-base-50,tons,41307500.0,SOU
GenX,SRSG,2050,full-base-50,tons,11341700.0,WECC
GenX,TRE,2050,full-base-50,tons,55342600.0,TRE
GenX,TREW,2050,full-base-50,tons,2246010.0,TRE
SWITCH,BASN,2027,full-base-50,kg,26060101.472,WECC
SWITCH,CANO,2027,full-base-50,kg,19917199.057,CA
SWITCH,CASO,2027,full-base-50,kg,20430624.622,CA
SWITCH,FRCC,2027,full-base-50,kg,75084129.69,SOU
SWITCH,ISNE,2027,full-base-50,kg,29022702.906,NE
SWITCH,MISC,2027,full-base-50,kg,38018081.042,MISO
SWITCH,MISE,2027,full-base-50,kg,33051804.6,MISO
SWITCH,MISS,2027,full-base-50,kg,51887538.712,MISO
SWITCH,MISW,2027,full-base-50,kg,44323318.275,MISO
SWITCH,NWPP,2027,full-base-50,kg,16262929.854,WECC
SWITCH,NYCW,2027,full-base-50,kg,9986292.222,NE
SWITCH,NYUP,2027,full-base-50,kg,12303381.338,NE
SWITCH,PJMC,2027,full-base-50,kg,13481525.842,PJM
SWITCH,PJMD,2027,full-base-50,kg,17724583.208,PJM
SWITCH,PJME,2027,full-base-50,kg,78444900.219,PJM
SWITCH,PJMW,2027,full-base-50,kg,94618030.263,PJM
SWITCH,RMRG,2027,full-base-50,kg,16293488.404,WECC
SWITCH,SPPC,2027,full-base-50,kg,19621957.854,SPP
SWITCH,SPPN,2027,full-base-50,kg,8397439.955,SPP
SWITCH,SPPS,2027,full-base-50,kg,20308724.652,SPP
SWITCH,SRCA,2027,full-base-50,kg,39694566.559,SOU
SWITCH,SRCE,2027,full-base-50,kg,36049040.63,MISO
SWITCH,SRSE,2027,full-base-50,kg,54483964.766,SOU
SWITCH,SRSG,2027,full-base-50,kg,20271924.729,WECC
SWITCH,TRE,2027,full-base-50,kg,69810007.056,TRE
SWITCH,TREW,2027,full-base-50,kg,7448132.184,TRE
SWITCH,BASN,2030,full-base-50,kg,9705288.235,WECC
SWITCH,CANO,2030,full-base-50,kg,14668398.169,CA
SWITCH,CASO,2030,full-base-50,kg,14335412.707,CA
SWITCH,FRCC,2030,full-base-50,kg,50460841.498,SOU
SWITCH,ISNE,2030,full-base-50,kg,20480552.244,NE
SWITCH,MISC,2030,full-base-50,kg,16698278.275,MISO
SWITCH,MISE,2030,full-base-50,kg,14904266.244,MISO
SWITCH,MISS,2030,full-base-50,kg,27200217.246,MISO
SWITCH,MISW,2030,full-base-50,kg,23642636.889,MISO
SWITCH,NWPP,2030,full-base-50,kg,6313832.198,WECC
SWITCH,NYCW,2030,full-base-50,kg,7955532.19,NE
SWITCH,NYUP,2030,full-base-50,kg,7438761.626,NE
SWITCH,PJMC,2030,full-base-50,kg,9508427.687,PJM
SWITCH,PJMD,2030,full-base-50,kg,10572933.214,PJM
SWITCH,PJME,2030,full-base-50,kg,58971533.185,PJM
SWITCH,PJMW,2030,full-base-50,kg,49383883.798,PJM
SWITCH,RMRG,2030,full-base-50,kg,3227843.701,WECC
SWITCH,SPPC,2030,full-base-50,kg,5349390.519,SPP
SWITCH,SPPN,2030,full-base-50,kg,2408135.925,SPP
SWITCH,SPPS,2030,full-base-50,kg,11397934.021,SPP
SWITCH,SRCA,2030,full-base-50,kg,20311172.916,SOU
SWITCH,SRCE,2030,full-base-50,kg,15923822.642,MISO
SWITCH,SRSE,2030,full-base-50,kg,35979344.615,SOU
SWITCH,SRSG,2030,full-base-50,kg,10029562.432,WECC
SWITCH,TRE,2030,full-base-50,kg,43224037.916,TRE
SWITCH,TREW,2030,full-base-50,kg,5711432.01,TRE
SWITCH,BASN,2035,full-base-50,kg,13046219.117,WECC
SWITCH,CANO,2035,full-base-50,kg,19157729.068,CA
SWITCH,CASO,2035,full-base-50,kg,21615879.288,CA
SWITCH,FRCC,2035,full-base-50,kg,54605211.012,SOU
SWITCH,ISNE,2035,full-base-50,kg,27302877.613,NE
SWITCH,MISC,2035,full-base-50,kg,24311890.761,MISO
SWITCH,MISE,2035,full-base-50,kg,18106471.178,MISO
SWITCH,MISS,2035,full-base-50,kg,29594801.221,MISO
SWITCH,MISW,2035,full-base-50,kg,32681348.581,MISO
SWITCH,NWPP,2035,full-base-50,kg,9606912.612,WECC
SWITCH,NYCW,2035,full-base-50,kg,16053830.52,NE
SWITCH,NYUP,2035,full-base-50,kg,5652160.696,NE
SWITCH,PJMC,2035,full-base-50,kg,9190248.582,PJM
SWITCH,PJMD,2035,full-base-50,kg,7720112.736,PJM
SWITCH,PJME,2035,full-base-50,kg,73316248.142,PJM
SWITCH,PJMW,2035,full-base-50,kg,55602081.032,PJM
SWITCH,RMRG,2035,full-base-50,kg,5847640.712,WECC
SWITCH,SPPC,2035,full-base-50,kg,6782627.311,SPP
SWITCH,SPPN,2035,full-base-50,kg,3486176.477,SPP
SWITCH,SPPS,2035,full-base-50,kg,11298921.024,SPP
SWITCH,SRCA,2035,full-base-50,kg,26979727.621,SOU
SWITCH,SRCE,2035,full-base-50,kg,18763323.33,MISO
SWITCH,SRSE,2035,full-base-50,kg,43979294.049,SOU
SWITCH,SRSG,2035,full-base-50,kg,13006007.186,WECC
SWITCH,TRE,2035,full-base-50,kg,47457603.087,TRE
SWITCH,TREW,2035,full-base-50,kg,5184466.313,TRE
SWITCH,BASN,2040,full-base-50,kg,13960102.863,WECC
SWITCH,CANO,2040,full-base-50,kg,19362068.495,CA
SWITCH,CASO,2040,full-base-50,kg,35228431.961,CA
SWITCH,FRCC,2040,full-base-50,kg,57438787.662,SOU
SWITCH,ISNE,2040,full-base-50,kg,27812732.485,NE
SWITCH,MISC,2040,full-base-50,kg,25955986.399,MISO
SWITCH,MISE,2040,full-base-50,kg,17796084.398,MISO
SWITCH,MISS,2040,full-base-50,kg,25746976.899,MISO
SWITCH,MISW,2040,full-base-50,kg,36682727.546,MISO
SWITCH,NWPP,2040,full-base-50,kg,11807001.257,WECC
SWITCH,NYCW,2040,full-base-50,kg,19178713.141,NE
SWITCH,NYUP,2040,full-base-50,kg,4394390.026,NE
SWITCH,PJMC,2040,full-base-50,kg,6731387.022,PJM
SWITCH,PJMD,2040,full-base-50,kg,4685722.79,PJM
SWITCH,PJME,2040,full-base-50,kg,75699604.204,PJM
SWITCH,PJMW,2040,full-base-50,kg,62036476.681,PJM
SWITCH,RMRG,2040,full-base-50,kg,3731824.836,WECC
SWITCH,SPPC,2040,full-base-50,kg,4205720.013,SPP
SWITCH,SPPN,2040,full-base-50,kg,2694536.417,SPP
SWITCH,SPPS,2040,full-base-50,kg,9014554.074,SPP
SWITCH,SRCA,2040,full-base-50,kg,27127329.497,SOU
SWITCH,SRCE,2040,full-base-50,kg,19497302.04,MISO
SWITCH,SRSE,2040,full-base-50,kg,39159102.572,SOU
SWITCH,SRSG,2040,full-base-50,kg,12611833.306,WECC
SWITCH,TRE,2040,full-base-50,kg,48935647.46,TRE
SWITCH,TREW,2040,full-base-50,kg,4212312.852,TRE
SWITCH,BASN,2045,full-base-50,kg,14351376.92,WECC
SWITCH,CANO,2045,full-base-50,kg,22785208.069,CA
SWITCH,CASO,2045,full-base-50,kg,43118100.311,CA
SWITCH,FRCC,2045,full-base-50,kg,62924528.668,SOU
SWITCH,ISNE,2045,full-base-50,kg,30550043.365,NE
SWITCH,MISC,2045,full-base-50,kg,35560250.876,MISO
SWITCH,MISE,2045,full-base-50,kg,20204495.37,MISO
SWITCH,MISS,2045,full-base-50,kg,29350064.615,MISO
SWITCH,MISW,2045,full-base-50,kg,39384433.03,MISO
SWITCH,NWPP,2045,full-base-50,kg,17791574.986,WECC
SWITCH,NYCW,2045,full-base-50,kg,22778561.407,NE
SWITCH,NYUP,2045,full-base-50,kg,4660661.421,NE
SWITCH,PJMC,2045,full-base-50,kg,5388352.727,PJM
SWITCH,PJMD,2045,full-base-50,kg,3265473.416,PJM
SWITCH,PJME,2045,full-base-50,kg,84448805.465,PJM
SWITCH,PJMW,2045,full-base-50,kg,69398813.453,PJM
SWITCH,RMRG,2045,full-base-50,kg,2887757.112,WECC
SWITCH,SPPC,2045,full-base-50,kg,2179985.983,SPP
SWITCH,SPPN,2045,full-base-50,kg,1472219.397,SPP
SWITCH,SPPS,2045,full-base-50,kg,7168670.42,SPP
SWITCH,SRCA,2045,full-base-50,kg,32255437.53,SOU
SWITCH,SRCE,2045,full-base-50,kg,24118034.807,MISO
SWITCH,SRSE,2045,full-base-50,kg,40624107.176,SOU
SWITCH,SRSG,2045,full-base-50,kg,14014361.167,WECC
SWITCH,TRE,2045,full-base-50,kg,56239822.609,TRE
SWITCH,TREW,2045,full-base-50,kg,3194808.975,TRE
SWITCH,BASN,2050,full-base-50,kg,12947929.761,WECC
SWITCH,CANO,2050,full-base-50,kg,21186235.011,CA
SWITCH,CASO,2050,full-base-50,kg,42597269.631,CA
SWITCH,FRCC,2050,full-base-50,kg,63267255.914,SOU
SWITCH,ISNE,2050,full-base-50,kg,30113833.885,NE
SWITCH,MISC,2050,full-base-50,kg,39570349.863,MISO
SWITCH,MISE,2050,full-base-50,kg,21443703.884,MISO
SWITCH,MISS,2050,full-base-50,kg,31360566.658,MISO
SWITCH,MISW,2050,full-base-50,kg,39576621.612,MISO
SWITCH,NWPP,2050,full-base-50,kg,21154719.935,WECC
SWITCH,NYCW,2050,full-base-50,kg,23022257.504,NE
SWITCH,NYUP,2050,full-base-50,kg,6307834.401,NE
SWITCH,PJMC,2050,full-base-50,kg,3935299.405,PJM
SWITCH,PJMD,2050,full-base-50,kg,2059222.541,PJM
SWITCH,PJME,2050,full-base-50,kg,88637143.946,PJM
SWITCH,PJMW,2050,full-base-50,kg,68276377.461,PJM
SWITCH,RMRG,2050,full-base-50,kg,2481557.363,WECC
SWITCH,SPPC,2050,full-base-50,kg,1159893.072,SPP
SWITCH,SPPN,2050,full-base-50,kg,802981.342,SPP
SWITCH,SPPS,2050,full-base-50,kg,5471753.904,SPP
SWITCH,SRCA,2050,full-base-50,kg,31666860.066,SOU
SWITCH,SRCE,2050,full-base-50,kg,22480802.163,MISO
SWITCH,SRSE,2050,full-base-50,kg,42307930.949,SOU
SWITCH,SRSG,2050,full-base-50,kg,12368811.773,WECC
SWITCH,TRE,2050,full-base-50,kg,55417189.506,TRE
SWITCH,TREW,2050,full-base-50,kg,2430725.217,TRE
TEMOA,BASN,2027,full-base-200,tons,25199400.0,WECC
TEMOA,BASN,2030,full-base-200,tons,3360050.0,WECC
TEMOA,BASN,2035,full-base-200,tons,3023870.0,WECC
TEMOA,BASN,2040,full-base-200,tons,3053120.0,WECC
TEMOA,BASN,2045,full-base-200,tons,2760610.0,WECC
TEMOA,BASN,2050,full-base-200,tons,2351370.0,WECC
TEMOA,CANO,2027,full-base-200,tons,21612000.0,CA
TEMOA,CANO,2030,full-base-200,tons,5354950.0,CA
TEMOA,CANO,2035,full-base-200,tons,3279940.0,CA
TEMOA,CANO,2040,full-base-200,tons,4159720.0,CA
TEMOA,CANO,2045,full-base-200,tons,4184330.0,CA
TEMOA,CANO,2050,full-base-200,tons,3682300.0,CA
TEMOA,CASO,2027,full-base-200,tons,20369700.0,CA
TEMOA,CASO,2030,full-base-200,tons,7305420.0,CA
TEMOA,CASO,2035,full-base-200,tons,4995890.0,CA
TEMOA,CASO,2040,full-base-200,tons,4766140.0,CA
TEMOA,CASO,2045,full-base-200,tons,4734580.0,CA
TEMOA,CASO,2050,full-base-200,tons,4114390.0,CA
TEMOA,FRCC,2027,full-base-200,tons,75175000.0,SOU
TEMOA,FRCC,2030,full-base-200,tons,11373800.0,SOU
TEMOA,FRCC,2035,full-base-200,tons,8660210.0,SOU
TEMOA,FRCC,2040,full-base-200,tons,8904400.0,SOU
TEMOA,FRCC,2045,full-base-200,tons,9946980.0,SOU
TEMOA,FRCC,2050,full-base-200,tons,9587000.0,SOU
TEMOA,ISNE,2027,full-base-200,tons,28801900.0,NE
TEMOA,ISNE,2030,full-base-200,tons,9477490.0,NE
TEMOA,ISNE,2035,full-base-200,tons,11355000.0,NE
TEMOA,ISNE,2040,full-base-200,tons,9873970.0,NE
TEMOA,ISNE,2045,full-base-200,tons,10398700.0,NE
TEMOA,ISNE,2050,full-base-200,tons,9647640.0,NE
TEMOA,MISC,2027,full-base-200,tons,36799300.0,MISO
TEMOA,MISC,2030,full-base-200,tons,3701530.0,MISO
TEMOA,MISC,2035,full-base-200,tons,3073050.0,MISO
TEMOA,MISC,2040,full-base-200,tons,2928580.0,MISO
TEMOA,MISC,2045,full-base-200,tons,3187200.0,MISO
TEMOA,MISC,2050,full-base-200,tons,3005270.0,MISO
TEMOA,MISE,2027,full-base-200,tons,32882300.0,MISO
TEMOA,MISE,2030,full-base-200,tons,3099400.0,MISO
TEMOA,MISE,2035,full-base-200,tons,2115180.0,MISO
TEMOA,MISE,2040,full-base-200,tons,2048010.0,MISO
TEMOA,MISE,2045,full-base-200,tons,2274270.0,MISO
TEMOA,MISE,2050,full-base-200,tons,1736860.0,MISO
TEMOA,MISS,2027,full-base-200,tons,52199700.0,MISO
TEMOA,MISS,2030,full-base-200,tons,12468200.0,MISO
TEMOA,MISS,2035,full-base-200,tons,8461760.0,MISO
TEMOA,MISS,2040,full-base-200,tons,7047540.0,MISO
TEMOA,MISS,2045,full-base-200,tons,7144970.0,MISO
TEMOA,MISS,2050,full-base-200,tons,5929330.0,MISO
TEMOA,MISW,2027,full-base-200,tons,43585000.0,MISO
TEMOA,MISW,2030,full-base-200,tons,6434420.0,MISO
TEMOA,MISW,2035,full-base-200,tons,4418440.0,MISO
TEMOA,MISW,2040,full-base-200,tons,4132280.0,MISO
TEMOA,MISW,2045,full-base-200,tons,4065470.0,MISO
TEMOA,MISW,2050,full-base-200,tons,3408770.0,MISO
TEMOA,NWPP,2027,full-base-200,tons,17763500.0,WECC
TEMOA,NWPP,2030,full-base-200,tons,1406060.0,WECC
TEMOA,NWPP,2035,full-base-200,tons,2218770.0,WECC
TEMOA,NWPP,2040,full-base-200,tons,2345150.0,WECC
TEMOA,NWPP,2045,full-base-200,tons,2189030.0,WECC
TEMOA,NWPP,2050,full-base-200,tons,1877560.0,WECC
TEMOA,NYCW,2027,full-base-200,tons,9972440.0,NE
TEMOA,NYCW,2030,full-base-200,tons,3560150.0,NE
TEMOA,NYCW,2035,full-base-200,tons,1700490.0,NE
TEMOA,NYCW,2040,full-base-200,tons,1313670.0,NE
TEMOA,NYCW,2045,full-base-200,tons,1368920.0,NE
TEMOA,NYCW,2050,full-base-200,tons,1149140.0,NE
TEMOA,NYUP,2027,full-base-200,tons,15294800.0,NE
TEMOA,NYUP,2030,full-base-200,tons,4310400.0,NE
TEMOA,NYUP,2035,full-base-200,tons,2446230.0,NE
TEMOA,NYUP,2040,full-base-200,tons,2069820.0,NE
TEMOA,NYUP,2045,full-base-200,tons,2130520.0,NE
TEMOA,NYUP,2050,full-base-200,tons,2086310.0,NE
TEMOA,PJMC,2027,full-base-200,tons,13407600.0,PJM
TEMOA,PJMC,2030,full-base-200,tons,5216630.0,PJM
TEMOA,PJMC,2035,full-base-200,tons,3365170.0,PJM
TEMOA,PJMC,2040,full-base-200,tons,2761290.0,PJM
TEMOA,PJMC,2045,full-base-200,tons,2527380.0,PJM
TEMOA,PJMC,2050,full-base-200,tons,2157450.0,PJM
TEMOA,PJMD,2027,full-base-200,tons,17467900.0,PJM
TEMOA,PJMD,2030,full-base-200,tons,4950510.0,PJM
TEMOA,PJMD,2035,full-base-200,tons,3541650.0,PJM
TEMOA,PJMD,2040,full-base-200,tons,2863790.0,PJM
TEMOA,PJMD,2045,full-base-200,tons,2670900.0,PJM
TEMOA,PJMD,2050,full-base-200,tons,1645900.0,PJM
TEMOA,PJME,2027,full-base-200,tons,78642900.0,PJM
TEMOA,PJME,2030,full-base-200,tons,33609300.0,PJM
TEMOA,PJME,2035,full-base-200,tons,20003500.0,PJM
TEMOA,PJME,2040,full-base-200,tons,14403700.0,PJM
TEMOA,PJME,2045,full-base-200,tons,13002300.0,PJM
TEMOA,PJME,2050,full-base-200,tons,11079500.0,PJM
TEMOA,PJMW,2027,full-base-200,tons,93983700.0,PJM
TEMOA,PJMW,2030,full-base-200,tons,15152100.0,PJM
TEMOA,PJMW,2035,full-base-200,tons,11175200.0,PJM
TEMOA,PJMW,2040,full-base-200,tons,11129300.0,PJM
TEMOA,PJMW,2045,full-base-200,tons,12150200.0,PJM
TEMOA,PJMW,2050,full-base-200,tons,11784000.0,PJM
TEMOA,RMRG,2027,full-base-200,tons,15183100.0,WECC
TEMOA,RMRG,2030,full-base-200,tons,769499.0,WECC
TEMOA,RMRG,2035,full-base-200,tons,547235.0,WECC
TEMOA,RMRG,2040,full-base-200,tons,681523.0,WECC
TEMOA,RMRG,2045,full-base-200,tons,670002.0,WECC
TEMOA,RMRG,2050,full-base-200,tons,488310.0,WECC
TEMOA,SPPC,2027,full-base-200,tons,19206400.0,SPP
TEMOA,SPPC,2030,full-base-200,tons,844315.0,SPP
TEMOA,SPPC,2035,full-base-200,tons,554471.0,SPP
TEMOA,SPPC,2040,full-base-200,tons,500877.0,SPP
TEMOA,SPPC,2045,full-base-200,tons,524341.0,SPP
TEMOA,SPPC,2050,full-base-200,tons,377559.0,SPP
TEMOA,SPPN,2027,full-base-200,tons,8189200.0,SPP
TEMOA,SPPN,2030,full-base-200,tons,297981.0,SPP
TEMOA,SPPN,2035,full-base-200,tons,205401.0,SPP
TEMOA,SPPN,2040,full-base-200,tons,245944.0,SPP
TEMOA,SPPN,2045,full-base-200,tons,283603.0,SPP
TEMOA,SPPN,2050,full-base-200,tons,194742.0,SPP
TEMOA,SPPS,2027,full-base-200,tons,19901000.0,SPP
TEMOA,SPPS,2030,full-base-200,tons,4598400.0,SPP
TEMOA,SPPS,2035,full-base-200,tons,2996220.0,SPP
TEMOA,SPPS,2040,full-base-200,tons,2562930.0,SPP
TEMOA,SPPS,2045,full-base-200,tons,2462820.0,SPP
TEMOA,SPPS,2050,full-base-200,tons,1977470.0,SPP
TEMOA,SRCA,2027,full-base-200,tons,39338700.0,SOU
TEMOA,SRCA,2030,full-base-200,tons,6284010.0,SOU
TEMOA,SRCA,2035,full-base-200,tons,4260170.0,SOU
TEMOA,SRCA,2040,full-base-200,tons,4092800.0,SOU
TEMOA,SRCA,2045,full-base-200,tons,4574110.0,SOU
TEMOA,SRCA,2050,full-base-200,tons,4100480.0,SOU
TEMOA,SRCE,2027,full-base-200,tons,36302000.0,MISO
TEMOA,SRCE,2030,full-base-200,tons,7529270.0,MISO
TEMOA,SRCE,2035,full-base-200,tons,4928470.0,MISO
TEMOA,SRCE,2040,full-base-200,tons,4194540.0,MISO
TEMOA,SRCE,2045,full-base-200,tons,4296710.0,MISO
TEMOA,SRCE,2050,full-base-200,tons,3530440.0,MISO
TEMOA,SRSE,2027,full-base-200,tons,54382000.0,SOU
TEMOA,SRSE,2030,full-base-200,tons,11948400.0,SOU
TEMOA,SRSE,2035,full-base-200,tons,7477130.0,SOU
TEMOA,SRSE,2040,full-base-200,tons,6754810.0,SOU
TEMOA,SRSE,2045,full-base-200,tons,7308770.0,SOU
TEMOA,SRSE,2050,full-base-200,tons,6737370.0,SOU
TEMOA,SRSG,2027,full-base-200,tons,19527300.0,WECC
TEMOA,SRSG,2030,full-base-200,tons,3843060.0,WECC
TEMOA,SRSG,2035,full-base-200,tons,3659690.0,WECC
TEMOA,SRSG,2040,full-base-200,tons,3699000.0,WECC
TEMOA,SRSG,2045,full-base-200,tons,3558180.0,WECC
TEMOA,SRSG,2050,full-base-200,tons,2810900.0,WECC
TEMOA,TRE,2027,full-base-200,tons,69885900.0,TRE
TEMOA,TRE,2030,full-base-200,tons,16300300.0,TRE
TEMOA,TRE,2035,full-base-200,tons,9667140.0,TRE
TEMOA,TRE,2040,full-base-200,tons,8600920.0,TRE
TEMOA,TRE,2045,full-base-200,tons,9110860.0,TRE
TEMOA,TRE,2050,full-base-200,tons,7541220.0,TRE
TEMOA,TREW,2027,full-base-200,tons,7834480.0,TRE
TEMOA,TREW,2030,full-base-200,tons,2755380.0,TRE
TEMOA,TREW,2035,full-base-200,tons,1671380.0,TRE
TEMOA,TREW,2040,full-base-200,tons,1303780.0,TRE
TEMOA,TREW,2045,full-base-200,tons,1221470.0,TRE
TEMOA,TREW,2050,full-base-200,tons,987986.0,TRE
USENSYS,BASN,2027,full-base-200,tons,25745491.0,WECC
USENSYS,BASN,2030,full-base-200,tons,3385972.0,WECC
USENSYS,BASN,2035,full-base-200,tons,3279887.0,WECC
USENSYS,BASN,2040,full-base-200,tons,3241340.0,WECC
USENSYS,BASN,2045,full-base-200,tons,2964209.0,WECC
USENSYS,BASN,2050,full-base-200,tons,2538140.0,WECC
USENSYS,CANO,2027,full-base-200,tons,19765005.0,CA
USENSYS,CANO,2030,full-base-200,tons,5309154.0,CA
USENSYS,CANO,2035,full-base-200,tons,3221470.0,CA
USENSYS,CANO,2040,full-base-200,tons,3931168.0,CA
USENSYS,CANO,2045,full-base-200,tons,3944917.0,CA
USENSYS,CANO,2050,full-base-200,tons,3703959.0,CA
USENSYS,CASO,2027,full-base-200,tons,20283681.0,CA
USENSYS,CASO,2030,full-base-200,tons,7346461.0,CA
USENSYS,CASO,2035,full-base-200,tons,5040009.0,CA
USENSYS,CASO,2040,full-base-200,tons,4692920.0,CA
USENSYS,CASO,2045,full-base-200,tons,4972506.0,CA
USENSYS,CASO,2050,full-base-200,tons,4580708.0,CA
USENSYS,FRCC,2027,full-base-200,tons,75348932.0,SOU
USENSYS,FRCC,2030,full-base-200,tons,11283231.0,SOU
USENSYS,FRCC,2035,full-base-200,tons,9056136.0,SOU
USENSYS,FRCC,2040,full-base-200,tons,9232091.0,SOU
USENSYS,FRCC,2045,full-base-200,tons,10547423.0,SOU
USENSYS,FRCC,2050,full-base-200,tons,10472166.0,SOU
USENSYS,ISNE,2027,full-base-200,tons,31497015.0,NE
USENSYS,ISNE,2030,full-base-200,tons,11157591.0,NE
USENSYS,ISNE,2035,full-base-200,tons,12254053.0,NE
USENSYS,ISNE,2040,full-base-200,tons,11542144.0,NE
USENSYS,ISNE,2045,full-base-200,tons,12698515.0,NE
USENSYS,ISNE,2050,full-base-200,tons,12547130.0,NE
USENSYS,MISC,2027,full-base-200,tons,37485782.0,MISO
USENSYS,MISC,2030,full-base-200,tons,3754433.0,MISO
USENSYS,MISC,2035,full-base-200,tons,3106587.0,MISO
USENSYS,MISC,2040,full-base-200,tons,2945510.0,MISO
USENSYS,MISC,2045,full-base-200,tons,3230796.0,MISO
USENSYS,MISC,2050,full-base-200,tons,3010962.0,MISO
USENSYS,MISE,2027,full-base-200,tons,33029143.0,MISO
USENSYS,MISE,2030,full-base-200,tons,3094354.0,MISO
USENSYS,MISE,2035,full-base-200,tons,2098188.0,MISO
USENSYS,MISE,2040,full-base-200,tons,2093291.0,MISO
USENSYS,MISE,2045,full-base-200,tons,2405799.0,MISO
USENSYS,MISE,2050,full-base-200,tons,2422134.0,MISO
USENSYS,MISS,2027,full-base-200,tons,52104511.0,MISO
USENSYS,MISS,2030,full-base-200,tons,12192279.0,MISO
USENSYS,MISS,2035,full-base-200,tons,7967994.0,MISO
USENSYS,MISS,2040,full-base-200,tons,6729417.0,MISO
USENSYS,MISS,2045,full-base-200,tons,7060651.0,MISO
USENSYS,MISS,2050,full-base-200,tons,6095824.0,MISO
USENSYS,MISW,2027,full-base-200,tons,43773163.0,MISO
USENSYS,MISW,2030,full-base-200,tons,6528874.0,MISO
USENSYS,MISW,2035,full-base-200,tons,4586154.0,MISO
USENSYS,MISW,2040,full-base-200,tons,4176300.0,MISO
USENSYS,MISW,2045,full-base-200,tons,4163004.0,MISO
USENSYS,MISW,2050,full-base-200,tons,3399590.0,MISO
USENSYS,NWPP,2027,full-base-200,tons,16344931.0,WECC
USENSYS,NWPP,2030,full-base-200,tons,916051.0,WECC
USENSYS,NWPP,2035,full-base-200,tons,1769395.0,WECC
USENSYS,NWPP,2040,full-base-200,tons,1991843.0,WECC
USENSYS,NWPP,2045,full-base-200,tons,1910744.0,WECC
USENSYS,NWPP,2050,full-base-200,tons,1886218.0,WECC
USENSYS,NYCW,2027,full-base-200,tons,9550252.0,NE
USENSYS,NYCW,2030,full-base-200,tons,2734275.0,NE
USENSYS,NYCW,2035,full-base-200,tons,1202690.0,NE
USENSYS,NYCW,2040,full-base-200,tons,1099103.0,NE
USENSYS,NYCW,2045,full-base-200,tons,1376310.0,NE
USENSYS,NYCW,2050,full-base-200,tons,1444020.0,NE
USENSYS,NYUP,2027,full-base-200,tons,11958367.0,NE
USENSYS,NYUP,2030,full-base-200,tons,3711150.0,NE
USENSYS,NYUP,2035,full-base-200,tons,1603936.0,NE
USENSYS,NYUP,2040,full-base-200,tons,1526881.0,NE
USENSYS,NYUP,2045,full-base-200,tons,1739729.0,NE
USENSYS,NYUP,2050,full-base-200,tons,1782633.0,NE
USENSYS,PJMC,2027,full-base-200,tons,13471631.0,PJM
USENSYS,PJMC,2030,full-base-200,tons,5258976.0,PJM
USENSYS,PJMC,2035,full-base-200,tons,3480990.0,PJM
USENSYS,PJMC,2040,full-base-200,tons,2783016.0,PJM
USENSYS,PJMC,2045,full-base-200,tons,2585354.0,PJM
USENSYS,PJMC,2050,full-base-200,tons,2329757.0,PJM
USENSYS,PJMD,2027,full-base-200,tons,17634197.0,PJM
USENSYS,PJMD,2030,full-base-200,tons,5177585.0,PJM
USENSYS,PJMD,2035,full-base-200,tons,3516292.0,PJM
USENSYS,PJMD,2040,full-base-200,tons,2873572.0,PJM
USENSYS,PJMD,2045,full-base-200,tons,2777703.0,PJM
USENSYS,PJMD,2050,full-base-200,tons,1674515.0,PJM
USENSYS,PJME,2027,full-base-200,tons,78824518.0,PJM
USENSYS,PJME,2030,full-base-200,tons,34171209.0,PJM
USENSYS,PJME,2035,full-base-200,tons,19519767.0,PJM
USENSYS,PJME,2040,full-base-200,tons,14631891.0,PJM
USENSYS,PJME,2045,full-base-200,tons,14614055.0,PJM
USENSYS,PJME,2050,full-base-200,tons,12921805.0,PJM
USENSYS,PJMW,2027,full-base-200,tons,94365024.0,PJM
USENSYS,PJMW,2030,full-base-200,tons,15118631.0,PJM
USENSYS,PJMW,2035,full-base-200,tons,11023825.0,PJM
USENSYS,PJMW,2040,full-base-200,tons,10517291.0,PJM
USENSYS,PJMW,2045,full-base-200,tons,11641349.0,PJM
USENSYS,PJMW,2050,full-base-200,tons,11914762.0,PJM
USENSYS,RMRG,2027,full-base-200,tons,16046111.0,WECC
USENSYS,RMRG,2030,full-base-200,tons,699924.0,WECC
USENSYS,RMRG,2035,full-base-200,tons,479931.0,WECC
USENSYS,RMRG,2040,full-base-200,tons,665610.0,WECC
USENSYS,RMRG,2045,full-base-200,tons,698191.0,WECC
USENSYS,RMRG,2050,full-base-200,tons,533134.0,WECC
USENSYS,SPPC,2027,full-base-200,tons,19515270.0,SPP
USENSYS,SPPC,2030,full-base-200,tons,823712.0,SPP
USENSYS,SPPC,2035,full-base-200,tons,553238.0,SPP
USENSYS,SPPC,2040,full-base-200,tons,479038.0,SPP
USENSYS,SPPC,2045,full-base-200,tons,512937.0,SPP
USENSYS,SPPC,2050,full-base-200,tons,389020.0,SPP
USENSYS,SPPN,2027,full-base-200,tons,8228339.0,SPP
USENSYS,SPPN,2030,full-base-200,tons,282993.0,SPP
USENSYS,SPPN,2035,full-base-200,tons,178017.0,SPP
USENSYS,SPPN,2040,full-base-200,tons,220162.0,SPP
USENSYS,SPPN,2045,full-base-200,tons,255494.0,SPP
USENSYS,SPPN,2050,full-base-200,tons,190251.0,SPP
USENSYS,SPPS,2027,full-base-200,tons,20094836.0,SPP
USENSYS,SPPS,2030,full-base-200,tons,4708361.0,SPP
USENSYS,SPPS,2035,full-base-200,tons,3250099.0,SPP
USENSYS,SPPS,2040,full-base-200,tons,2752166.0,SPP
USENSYS,SPPS,2045,full-base-200,tons,2737312.0,SPP
USENSYS,SPPS,2050,full-base-200,tons,2189535.0,SPP
USENSYS,SRCA,2027,full-base-200,tons,39701285.0,SOU
USENSYS,SRCA,2030,full-base-200,tons,6314760.0,SOU
USENSYS,SRCA,2035,full-base-200,tons,4427961.0,SOU
USENSYS,SRCA,2040,full-base-200,tons,4017240.0,SOU
USENSYS,SRCA,2045,full-base-200,tons,4409374.0,SOU
USENSYS,SRCA,2050,full-base-200,tons,3898951.0,SOU
USENSYS,SRCE,2027,full-base-200,tons,36106611.0,MISO
USENSYS,SRCE,2030,full-base-200,tons,7526056.0,MISO
USENSYS,SRCE,2035,full-base-200,tons,4958009.0,MISO
USENSYS,SRCE,2040,full-base-200,tons,4286345.0,MISO
USENSYS,SRCE,2045,full-base-200,tons,4387749.0,MISO
USENSYS,SRCE,2050,full-base-200,tons,3623419.0,MISO
USENSYS,SRSE,2027,full-base-200,tons,54423731.0,SOU
USENSYS,SRSE,2030,full-base-200,tons,11264245.0,SOU
USENSYS,SRSE,2035,full-base-200,tons,7283345.0,SOU
USENSYS,SRSE,2040,full-base-200,tons,6730418.0,SOU
USENSYS,SRSE,2045,full-base-200,tons,7437671.0,SOU
USENSYS,SRSE,2050,full-base-200,tons,6858136.0,SOU
USENSYS,SRSG,2027,full-base-200,tons,19927478.0,WECC
USENSYS,SRSG,2030,full-base-200,tons,3864542.0,WECC
USENSYS,SRSG,2035,full-base-200,tons,3892427.0,WECC
USENSYS,SRSG,2040,full-base-200,tons,3839928.0,WECC
USENSYS,SRSG,2045,full-base-200,tons,3724771.0,WECC
USENSYS,SRSG,2050,full-base-200,tons,2988056.0,WECC
USENSYS,TRE,2027,full-base-200,tons,70122631.0,TRE
USENSYS,TRE,2030,full-base-200,tons,16517451.0,TRE
USENSYS,TRE,2035,full-base-200,tons,10385129.0,TRE
USENSYS,TRE,2040,full-base-200,tons,9116440.0,TRE
USENSYS,TRE,2045,full-base-200,tons,9654971.0,TRE
USENSYS,TRE,2050,full-base-200,tons,7955187.0,TRE
USENSYS,TREW,2027,full-base-200,tons,7652066.0,TRE
USENSYS,TREW,2030,full-base-200,tons,2857732.0,TRE
USENSYS,TREW,2035,full-base-200,tons,1864471.0,TRE
USENSYS,TREW,2040,full-base-200,tons,1414295.0,TRE
USENSYS,TREW,2045,full-base-200,tons,1344282.0,TRE
USENSYS,TREW,2050,full-base-200,tons,1062728.0,TRE
GenX,BASN,2027,full-base-200,tons,27537000.0,WECC
GenX,CANO,2027,full-base-200,tons,19492500.0,CA
GenX,CASO,2027,full-base-200,tons,20119400.0,CA
GenX,FRCC,2027,full-base-200,tons,75164600.0,SOU
GenX,ISNE,2027,full-base-200,tons,28419700.0,NE
GenX,MISC,2027,full-base-200,tons,37528000.0,MISO
GenX,MISE,2027,full-base-200,tons,32758300.0,MISO
GenX,MISS,2027,full-base-200,tons,52031100.0,MISO
GenX,MISW,2027,full-base-200,tons,43390000.0,MISO
GenX,NWPP,2027,full-base-200,tons,16218400.0,WECC
GenX,NYCW,2027,full-base-200,tons,9951140.0,NE
GenX,NYUP,2027,full-base-200,tons,13545300.0,NE
GenX,PJMC,2027,full-base-200,tons,13371400.0,PJM
GenX,PJMD,2027,full-base-200,tons,17466400.0,PJM
GenX,PJME,2027,full-base-200,tons,78382700.0,PJM
GenX,PJMW,2027,full-base-200,tons,94024900.0,PJM
GenX,RMRG,2027,full-base-200,tons,16304100.0,WECC
GenX,SPPC,2027,full-base-200,tons,19598600.0,SPP
GenX,SPPN,2027,full-base-200,tons,8343360.0,SPP
GenX,SPPS,2027,full-base-200,tons,20139800.0,SPP
GenX,SRCA,2027,full-base-200,tons,39742000.0,SOU
GenX,SRCE,2027,full-base-200,tons,36217100.0,MISO
GenX,SRSE,2027,full-base-200,tons,54152300.0,SOU
GenX,SRSG,2027,full-base-200,tons,20662200.0,WECC
GenX,TRE,2027,full-base-200,tons,70687800.0,TRE
GenX,TREW,2027,full-base-200,tons,7756160.0,TRE
GenX,BASN,2030,full-base-200,tons,3422050.0,WECC
GenX,CANO,2030,full-base-200,tons,5461240.0,CA
GenX,CASO,2030,full-base-200,tons,7288280.0,CA
GenX,FRCC,2030,full-base-200,tons,11265000.0,SOU
GenX,ISNE,2030,full-base-200,tons,9930460.0,NE
GenX,MISC,2030,full-base-200,tons,3756390.0,MISO
GenX,MISE,2030,full-base-200,tons,3155880.0,MISO
GenX,MISS,2030,full-base-200,tons,12439700.0,MISO
GenX,MISW,2030,full-base-200,tons,6489220.0,MISO
GenX,NWPP,2030,full-base-200,tons,995940.0,WECC
GenX,NYCW,2030,full-base-200,tons,3736770.0,NE
GenX,NYUP,2030,full-base-200,tons,4291690.0,NE
GenX,PJMC,2030,full-base-200,tons,5202660.0,PJM
GenX,PJMD,2030,full-base-200,tons,4796720.0,PJM
GenX,PJME,2030,full-base-200,tons,33407000.0,PJM
GenX,PJMW,2030,full-base-200,tons,15235700.0,PJM
GenX,RMRG,2030,full-base-200,tons,731419.0,WECC
GenX,SPPC,2030,full-base-200,tons,858970.0,SPP
GenX,SPPN,2030,full-base-200,tons,325210.0,SPP
GenX,SPPS,2030,full-base-200,tons,4622220.0,SPP
GenX,SRCA,2030,full-base-200,tons,6315220.0,SOU
GenX,SRCE,2030,full-base-200,tons,7624830.0,MISO
GenX,SRSE,2030,full-base-200,tons,11612000.0,SOU
GenX,SRSG,2030,full-base-200,tons,3735920.0,WECC
GenX,TRE,2030,full-base-200,tons,16515900.0,TRE
GenX,TREW,2030,full-base-200,tons,2811250.0,TRE
GenX,BASN,2035,full-base-200,tons,3184840.0,WECC
GenX,CANO,2035,full-base-200,tons,3234350.0,CA
GenX,CASO,2035,full-base-200,tons,4962030.0,CA
GenX,FRCC,2035,full-base-200,tons,8834790.0,SOU
GenX,ISNE,2035,full-base-200,tons,11997100.0,NE
GenX,MISC,2035,full-base-200,tons,3107130.0,MISO
GenX,MISE,2035,full-base-200,tons,2112560.0,MISO
GenX,MISS,2035,full-base-200,tons,8230720.0,MISO
GenX,MISW,2035,full-base-200,tons,4453830.0,MISO
GenX,NWPP,2035,full-base-200,tons,1868980.0,WECC
GenX,NYCW,2035,full-base-200,tons,1615300.0,NE
GenX,NYUP,2035,full-base-200,tons,2318260.0,NE
GenX,PJMC,2035,full-base-200,tons,3385650.0,PJM
GenX,PJMD,2035,full-base-200,tons,3579620.0,PJM
GenX,PJME,2035,full-base-200,tons,20136600.0,PJM
GenX,PJMW,2035,full-base-200,tons,11111300.0,PJM
GenX,RMRG,2035,full-base-200,tons,490563.0,WECC
GenX,SPPC,2035,full-base-200,tons,546039.0,SPP
GenX,SPPN,2035,full-base-200,tons,185557.0,SPP
GenX,SPPS,2035,full-base-200,tons,3065680.0,SPP
GenX,SRCA,2035,full-base-200,tons,4290080.0,SOU
GenX,SRCE,2035,full-base-200,tons,4921790.0,MISO
GenX,SRSE,2035,full-base-200,tons,7205970.0,SOU
GenX,SRSG,2035,full-base-200,tons,3720870.0,WECC
GenX,TRE,2035,full-base-200,tons,9707730.0,TRE
GenX,TREW,2035,full-base-200,tons,1733090.0,TRE
GenX,BASN,2040,full-base-200,tons,3374860.0,WECC
GenX,CANO,2040,full-base-200,tons,4156500.0,CA
GenX,CASO,2040,full-base-200,tons,4754470.0,CA
GenX,FRCC,2040,full-base-200,tons,9236730.0,SOU
GenX,ISNE,2040,full-base-200,tons,10836200.0,NE
GenX,MISC,2040,full-base-200,tons,3037210.0,MISO
GenX,MISE,2040,full-base-200,tons,2129700.0,MISO
GenX,MISS,2040,full-base-200,tons,7134530.0,MISO
GenX,MISW,2040,full-base-200,tons,4200740.0,MISO
GenX,NWPP,2040,full-base-200,tons,2223840.0,WECC
GenX,NYCW,2040,full-base-200,tons,1278420.0,NE
GenX,NYUP,2040,full-base-200,tons,1966090.0,NE
GenX,PJMC,2040,full-base-200,tons,2834920.0,PJM
GenX,PJMD,2040,full-base-200,tons,2923230.0,PJM
GenX,PJME,2040,full-base-200,tons,15072100.0,PJM
GenX,PJMW,2040,full-base-200,tons,11264500.0,PJM
GenX,RMRG,2040,full-base-200,tons,702135.0,WECC
GenX,SPPC,2040,full-base-200,tons,504061.0,SPP
GenX,SPPN,2040,full-base-200,tons,240418.0,SPP
GenX,SPPS,2040,full-base-200,tons,2648140.0,SPP
GenX,SRCA,2040,full-base-200,tons,4189350.0,SOU
GenX,SRCE,2040,full-base-200,tons,4043850.0,MISO
GenX,SRSE,2040,full-base-200,tons,6842220.0,SOU
GenX,SRSG,2040,full-base-200,tons,3873290.0,WECC
GenX,TRE,2040,full-base-200,tons,8856050.0,TRE
GenX,TREW,2040,full-base-200,tons,1382300.0,TRE
GenX,BASN,2045,full-base-200,tons,3150860.0,WECC
GenX,CANO,2045,full-base-200,tons,4526210.0,CA
GenX,CASO,2045,full-base-200,tons,5069800.0,CA
GenX,FRCC,2045,full-base-200,tons,10570900.0,SOU
GenX,ISNE,2045,full-base-200,tons,11599900.0,NE
GenX,MISC,2045,full-base-200,tons,3358800.0,MISO
GenX,MISE,2045,full-base-200,tons,2409660.0,MISO
GenX,MISS,2045,full-base-200,tons,7356540.0,MISO
GenX,MISW,2045,full-base-200,tons,4200230.0,MISO
GenX,NWPP,2045,full-base-200,tons,2314880.0,WECC
GenX,NYCW,2045,full-base-200,tons,1320500.0,NE
GenX,NYUP,2045,full-base-200,tons,2015660.0,NE
GenX,PJMC,2045,full-base-200,tons,2622090.0,PJM
GenX,PJMD,2045,full-base-200,tons,2501780.0,PJM
GenX,PJME,2045,full-base-200,tons,13783100.0,PJM
GenX,PJMW,2045,full-base-200,tons,12897400.0,PJM
GenX,RMRG,2045,full-base-200,tons,751021.0,WECC
GenX,SPPC,2045,full-base-200,tons,574998.0,SPP
GenX,SPPN,2045,full-base-200,tons,301948.0,SPP
GenX,SPPS,2045,full-base-200,tons,2610310.0,SPP
GenX,SRCA,2045,full-base-200,tons,4623330.0,SOU
GenX,SRCE,2045,full-base-200,tons,4274420.0,MISO
GenX,SRSE,2045,full-base-200,tons,7507230.0,SOU
GenX,SRSG,2045,full-base-200,tons,3826080.0,WECC
GenX,TRE,2045,full-base-200,tons,9756310.0,TRE
GenX,TREW,2045,full-base-200,tons,1328130.0,TRE
GenX,BASN,2050,full-base-200,tons,2610240.0,WECC
GenX,CANO,2050,full-base-200,tons,4091940.0,CA
GenX,CASO,2050,full-base-200,tons,4407530.0,CA
GenX,FRCC,2050,full-base-200,tons,10509000.0,SOU
GenX,ISNE,2050,full-base-200,tons,10831800.0,NE
GenX,MISC,2050,full-base-200,tons,3166120.0,MISO
GenX,MISE,2050,full-base-200,tons,2456280.0,MISO
GenX,MISS,2050,full-base-200,tons,6118450.0,MISO
GenX,MISW,2050,full-base-200,tons,3427590.0,MISO
GenX,NWPP,2050,full-base-200,tons,2063250.0,WECC
GenX,NYCW,2050,full-base-200,tons,1139170.0,NE
GenX,NYUP,2050,full-base-200,tons,1915860.0,NE
GenX,PJMC,2050,full-base-200,tons,2306520.0,PJM
GenX,PJMD,2050,full-base-200,tons,1764170.0,PJM
GenX,PJME,2050,full-base-200,tons,11669800.0,PJM
GenX,PJMW,2050,full-base-200,tons,12073800.0,PJM
GenX,RMRG,2050,full-base-200,tons,563712.0,WECC
GenX,SPPC,2050,full-base-200,tons,414608.0,SPP
GenX,SPPN,2050,full-base-200,tons,216598.0,SPP
GenX,SPPS,2050,full-base-200,tons,2104530.0,SPP
GenX,SRCA,2050,full-base-200,tons,4348120.0,SOU
GenX,SRCE,2050,full-base-200,tons,3540890.0,MISO
GenX,SRSE,2050,full-base-200,tons,7171660.0,SOU
GenX,SRSG,2050,full-base-200,tons,2942110.0,WECC
GenX,TRE,2050,full-base-200,tons,8189440.0,TRE
GenX,TREW,2050,full-base-200,tons,1091350.0,TRE
SWITCH,BASN,2027,full-base-200,kg,25996168.039,WECC
SWITCH,CANO,2027,full-base-200,kg,19884290.341,CA
SWITCH,CASO,2027,full-base-200,kg,20421936.227,CA
SWITCH,FRCC,2027,full-base-200,kg,75111242.302,SOU
SWITCH,ISNE,2027,full-base-200,kg,29036381.356,NE
SWITCH,MISC,2027,full-base-200,kg,37924071.005,MISO
SWITCH,MISE,2027,full-base-200,kg,33089423.265,MISO
SWITCH,MISS,2027,full-base-200,kg,51914915.795,MISO
SWITCH,MISW,2027,full-base-200,kg,44352763.75,MISO
SWITCH,NWPP,2027,full-base-200,kg,16276433.734,WECC
SWITCH,NYCW,2027,full-base-200,kg,9979413.959,NE
SWITCH,NYUP,2027,full-base-200,kg,12296712.106,NE
SWITCH,PJMC,2027,full-base-200,kg,13489902.766,PJM
SWITCH,PJMD,2027,full-base-200,kg,17734151.269,PJM
SWITCH,PJME,2027,full-base-200,kg,78477833.765,PJM
SWITCH,PJMW,2027,full-base-200,kg,94653560.728,PJM
SWITCH,RMRG,2027,full-base-200,kg,16334155.757,WECC
SWITCH,SPPC,2027,full-base-200,kg,19597748.048,SPP
SWITCH,SPPN,2027,full-base-200,kg,8379768.278,SPP
SWITCH,SPPS,2027,full-base-200,kg,20295496.173,SPP
SWITCH,SRCA,2027,full-base-200,kg,39718493.364,SOU
SWITCH,SRCE,2027,full-base-200,kg,36071459.258,MISO
SWITCH,SRSE,2027,full-base-200,kg,54508146.471,SOU
SWITCH,SRSG,2027,full-base-200,kg,20228891.208,WECC
SWITCH,TRE,2027,full-base-200,kg,69776306.021,TRE
SWITCH,TREW,2027,full-base-200,kg,7450335.026,TRE
SWITCH,BASN,2030,full-base-200,kg,3469615.026,WECC
SWITCH,CANO,2030,full-base-200,kg,5105240.458,CA
SWITCH,CASO,2030,full-base-200,kg,7471980.519,CA
SWITCH,FRCC,2030,full-base-200,kg,11082452.669,SOU
SWITCH,ISNE,2030,full-base-200,kg,10191485.848,NE
SWITCH,MISC,2030,full-base-200,kg,3798454.054,MISO
SWITCH,MISE,2030,full-base-200,kg,3319443.402,MISO
SWITCH,MISS,2030,full-base-200,kg,12231049.783,MISO
SWITCH,MISW,2030,full-base-200,kg,6597235.28,MISO
SWITCH,NWPP,2030,full-base-200,kg,975847.041,WECC
SWITCH,NYCW,2030,full-base-200,kg,3626838.094,NE
SWITCH,NYUP,2030,full-base-200,kg,4029566.057,NE
SWITCH,PJMC,2030,full-base-200,kg,5213143.51,PJM
SWITCH,PJMD,2030,full-base-200,kg,5138821.852,PJM
SWITCH,PJME,2030,full-base-200,kg,34269923.33,PJM
SWITCH,PJMW,2030,full-base-200,kg,14941234.524,PJM
SWITCH,RMRG,2030,full-base-200,kg,737750.882,WECC
SWITCH,SPPC,2030,full-base-200,kg,832538.082,SPP
SWITCH,SPPN,2030,full-base-200,kg,299950.988,SPP
SWITCH,SPPS,2030,full-base-200,kg,4655158.761,SPP
SWITCH,SRCA,2030,full-base-200,kg,6541337.567,SOU
SWITCH,SRCE,2030,full-base-200,kg,7474194.091,MISO
SWITCH,SRSE,2030,full-base-200,kg,10982700.707,SOU
SWITCH,SRSG,2030,full-base-200,kg,3853840.481,WECC
SWITCH,TRE,2030,full-base-200,kg,16357513.453,TRE
SWITCH,TREW,2030,full-base-200,kg,2802683.542,TRE
SWITCH,BASN,2035,full-base-200,kg,3268858.211,WECC
SWITCH,CANO,2035,full-base-200,kg,2878877.54,CA
SWITCH,CASO,2035,full-base-200,kg,4982863.713,CA
SWITCH,FRCC,2035,full-base-200,kg,8819051.876,SOU
SWITCH,ISNE,2035,full-base-200,kg,11913715.261,NE
SWITCH,MISC,2035,full-base-200,kg,3130263.761,MISO
SWITCH,MISE,2035,full-base-200,kg,2229579.549,MISO
SWITCH,MISS,2035,full-base-200,kg,8053668.707,MISO
SWITCH,MISW,2035,full-base-200,kg,4579487.863,MISO
SWITCH,NWPP,2035,full-base-200,kg,1746642.696,WECC
SWITCH,NYCW,2035,full-base-200,kg,1558760.345,NE
SWITCH,NYUP,2035,full-base-200,kg,2178112.678,NE
SWITCH,PJMC,2035,full-base-200,kg,3382982.541,PJM
SWITCH,PJMD,2035,full-base-200,kg,3702493.767,PJM
SWITCH,PJME,2035,full-base-200,kg,20583525.954,PJM
SWITCH,PJMW,2035,full-base-200,kg,11076766.726,PJM
SWITCH,RMRG,2035,full-base-200,kg,499569.884,WECC
SWITCH,SPPC,2035,full-base-200,kg,556095.233,SPP
SWITCH,SPPN,2035,full-base-200,kg,186235.409,SPP
SWITCH,SPPS,2035,full-base-200,kg,3135987.101,SPP
SWITCH,SRCA,2035,full-base-200,kg,4391135.118,SOU
SWITCH,SRCE,2035,full-base-200,kg,4828080.831,MISO
SWITCH,SRSE,2035,full-base-200,kg,6914854.866,SOU
SWITCH,SRSG,2035,full-base-200,kg,3740573.807,WECC
SWITCH,TRE,2035,full-base-200,kg,9880751.163,TRE
SWITCH,TREW,2035,full-base-200,kg,1781065.509,TRE
SWITCH,BASN,2040,full-base-200,kg,3367811.645,WECC
SWITCH,CANO,2040,full-base-200,kg,3808303.935,CA
SWITCH,CASO,2040,full-base-200,kg,4840800.045,CA
SWITCH,FRCC,2040,full-base-200,kg,9311628.481,SOU
SWITCH,ISNE,2040,full-base-200,kg,11333172.981,NE
SWITCH,MISC,2040,full-base-200,kg,3107644.162,MISO
SWITCH,MISE,2040,full-base-200,kg,2285586.031,MISO
SWITCH,MISS,2040,full-base-200,kg,7064556.964,MISO
SWITCH,MISW,2040,full-base-200,kg,4320040.58,MISO
SWITCH,NWPP,2040,full-base-200,kg,2047493.029,WECC
SWITCH,NYCW,2040,full-base-200,kg,1328713.207,NE
SWITCH,NYUP,2040,full-base-200,kg,1966909.667,NE
SWITCH,PJMC,2040,full-base-200,kg,2859456.292,PJM
SWITCH,PJMD,2040,full-base-200,kg,3080395.852,PJM
SWITCH,PJME,2040,full-base-200,kg,15444341.901,PJM
SWITCH,PJMW,2040,full-base-200,kg,11149314.318,PJM
SWITCH,RMRG,2040,full-base-200,kg,706988.073,WECC
SWITCH,SPPC,2040,full-base-200,kg,524997.574,SPP
SWITCH,SPPN,2040,full-base-200,kg,244079.082,SPP
SWITCH,SPPS,2040,full-base-200,kg,2749323.823,SPP
SWITCH,SRCA,2040,full-base-200,kg,4284661.507,SOU
SWITCH,SRCE,2040,full-base-200,kg,4380670.96,MISO
SWITCH,SRSE,2040,full-base-200,kg,6701994.183,SOU
SWITCH,SRSG,2040,full-base-200,kg,3881915.938,WECC
SWITCH,TRE,2040,full-base-200,kg,9096875.598,TRE
SWITCH,TREW,2040,full-base-200,kg,1430394.861,TRE
SWITCH,BASN,2045,full-base-200,kg,3184430.675,WECC
SWITCH,CANO,2045,full-base-200,kg,4235123.049,CA
SWITCH,CASO,2045,full-base-200,kg,5114088.167,CA
SWITCH,FRCC,2045,full-base-200,kg,10277403.843,SOU
SWITCH,ISNE,2045,full-base-200,kg,12106329.862,NE
SWITCH,MISC,2045,full-base-200,kg,3418096.309,MISO
SWITCH,MISE,2045,full-base-200,kg,2556742.577,MISO
SWITCH,MISS,2045,full-base-200,kg,7290321.999,MISO
SWITCH,MISW,2045,full-base-200,kg,4214662.272,MISO
SWITCH,NWPP,2045,full-base-200,kg,2218680.212,WECC
SWITCH,NYCW,2045,full-base-200,kg,1368678.406,NE
SWITCH,NYUP,2045,full-base-200,kg,2030449.961,NE
SWITCH,PJMC,2045,full-base-200,kg,2683804.349,PJM
SWITCH,PJMD,2045,full-base-200,kg,2823207.183,PJM
SWITCH,PJME,2045,full-base-200,kg,14312388.335,PJM
SWITCH,PJMW,2045,full-base-200,kg,12284203.033,PJM
SWITCH,RMRG,2045,full-base-200,kg,741753.204,WECC
SWITCH,SPPC,2045,full-base-200,kg,574138.52,SPP
SWITCH,SPPN,2045,full-base-200,kg,295777.9,SPP
SWITCH,SPPS,2045,full-base-200,kg,2717339.743,SPP
SWITCH,SRCA,2045,full-base-200,kg,4888848.429,SOU
SWITCH,SRCE,2045,full-base-200,kg,4326086.6,MISO
SWITCH,SRSE,2045,full-base-200,kg,7549551.686,SOU
SWITCH,SRSG,2045,full-base-200,kg,3898662.847,WECC
SWITCH,TRE,2045,full-base-200,kg,9801120.595,TRE
SWITCH,TREW,2045,full-base-200,kg,1374791.655,TRE
SWITCH,BASN,2050,full-base-200,kg,2704678.447,WECC
SWITCH,CANO,2050,full-base-200,kg,3736426.539,CA
SWITCH,CASO,2050,full-base-200,kg,4490243.976,CA
SWITCH,FRCC,2050,full-base-200,kg,9792286.665,SOU
SWITCH,ISNE,2050,full-base-200,kg,11407941.313,NE
SWITCH,MISC,2050,full-base-200,kg,3145823.046,MISO
SWITCH,MISE,2050,full-base-200,kg,2578464.624,MISO
SWITCH,MISS,2050,full-base-200,kg,6215047.152,MISO
SWITCH,MISW,2050,full-base-200,kg,3570816.488,MISO
SWITCH,NWPP,2050,full-base-200,kg,2025834.612,WECC
SWITCH,NYCW,2050,full-base-200,kg,1234399.074,NE
SWITCH,NYUP,2050,full-base-200,kg,1997350.632,NE
SWITCH,PJMC,2050,full-base-200,kg,2352586.441,PJM
SWITCH,PJMD,2050,full-base-200,kg,1827240.855,PJM
SWITCH,PJME,2050,full-base-200,kg,12317459.764,PJM
SWITCH,PJMW,2050,full-base-200,kg,12123793.971,PJM
SWITCH,RMRG,2050,full-base-200,kg,555203.416,WECC
SWITCH,SPPC,2050,full-base-200,kg,417355.561,SPP
SWITCH,SPPN,2050,full-base-200,kg,214106.869,SPP
SWITCH,SPPS,2050,full-base-200,kg,2209755.312,SPP
SWITCH,SRCA,2050,full-base-200,kg,4262518.801,SOU
SWITCH,SRCE,2050,full-base-200,kg,3604819.206,MISO
SWITCH,SRSE,2050,full-base-200,kg,6974166.307,SOU
SWITCH,SRSG,2050,full-base-200,kg,3054056.18,WECC
SWITCH,TRE,2050,full-base-200,kg,8376899.346,TRE
SWITCH,TREW,2050,full-base-200,kg,1153977.074,TRE
TEMOA,BASN,2027,full-base-1000,tons,25206300.0,WECC
TEMOA,BASN,2030,full-base-1000,tons,3360280.0,WECC
TEMOA,BASN,2035,full-base-1000,tons,3033370.0,WECC
TEMOA,BASN,2040,full-base-1000,tons,2225190.0,WECC
TEMOA,BASN,2045,full-base-1000,tons,589350.0,WECC
TEMOA,BASN,2050,full-base-1000,tons,253624.0,WECC
TEMOA,CANO,2027,full-base-1000,tons,21631800.0,CA
TEMOA,CANO,2030,full-base-1000,tons,5352040.0,CA
TEMOA,CANO,2035,full-base-1000,tons,3270920.0,CA
TEMOA,CANO,2040,full-base-1000,tons,3017870.0,CA
TEMOA,CANO,2045,full-base-1000,tons,1682620.0,CA
TEMOA,CANO,2050,full-base-1000,tons,1145540.0,CA
TEMOA,CASO,2027,full-base-1000,tons,20374400.0,CA
TEMOA,CASO,2030,full-base-1000,tons,7303100.0,CA
TEMOA,CASO,2035,full-base-1000,tons,4994430.0,CA
TEMOA,CASO,2040,full-base-1000,tons,3446050.0,CA
TEMOA,CASO,2045,full-base-1000,tons,1936170.0,CA
TEMOA,CASO,2050,full-base-1000,tons,1360110.0,CA
TEMOA,FRCC,2027,full-base-1000,tons,75179400.0,SOU
TEMOA,FRCC,2030,full-base-1000,tons,11370600.0,SOU
TEMOA,FRCC,2035,full-base-1000,tons,8646840.0,SOU
TEMOA,FRCC,2040,full-base-1000,tons,6443730.0,SOU
TEMOA,FRCC,2045,full-base-1000,tons,3446160.0,SOU
TEMOA,FRCC,2050,full-base-1000,tons,2509940.0,SOU
TEMOA,ISNE,2027,full-base-1000,tons,28815200.0,NE
TEMOA,ISNE,2030,full-base-1000,tons,9468510.0,NE
TEMOA,ISNE,2035,full-base-1000,tons,11353900.0,NE
TEMOA,ISNE,2040,full-base-1000,tons,7154880.0,NE
TEMOA,ISNE,2045,full-base-1000,tons,2173960.0,NE
TEMOA,ISNE,2050,full-base-1000,tons,800591.0,NE
TEMOA,MISC,2027,full-base-1000,tons,36812400.0,MISO
TEMOA,MISC,2030,full-base-1000,tons,3701230.0,MISO
TEMOA,MISC,2035,full-base-1000,tons,3073680.0,MISO
TEMOA,MISC,2040,full-base-1000,tons,2426130.0,MISO
TEMOA,MISC,2045,full-base-1000,tons,1808410.0,MISO
TEMOA,MISC,2050,full-base-1000,tons,1337160.0,MISO
TEMOA,MISE,2027,full-base-1000,tons,32866500.0,MISO
TEMOA,MISE,2030,full-base-1000,tons,3118020.0,MISO
TEMOA,MISE,2035,full-base-1000,tons,2128520.0,MISO
TEMOA,MISE,2040,full-base-1000,tons,1571050.0,MISO
TEMOA,MISE,2045,full-base-1000,tons,1045590.0,MISO
TEMOA,MISE,2050,full-base-1000,tons,788087.0,MISO
TEMOA,MISS,2027,full-base-1000,tons,52186900.0,MISO
TEMOA,MISS,2030,full-base-1000,tons,12467300.0,MISO
TEMOA,MISS,2035,full-base-1000,tons,8444530.0,MISO
TEMOA,MISS,2040,full-base-1000,tons,5057000.0,MISO
TEMOA,MISS,2045,full-base-1000,tons,2627760.0,MISO
TEMOA,MISS,2050,full-base-1000,tons,1529380.0,MISO
TEMOA,MISW,2027,full-base-1000,tons,43586500.0,MISO
TEMOA,MISW,2030,full-base-1000,tons,6433960.0,MISO
TEMOA,MISW,2035,full-base-1000,tons,4427870.0,MISO
TEMOA,MISW,2040,full-base-1000,tons,3202110.0,MISO
TEMOA,MISW,2045,full-base-1000,tons,1911010.0,MISO
TEMOA,MISW,2050,full-base-1000,tons,1281310.0,MISO
TEMOA,NWPP,2027,full-base-1000,tons,17755000.0,WECC
TEMOA,NWPP,2030,full-base-1000,tons,1405560.0,WECC
TEMOA,NWPP,2035,full-base-1000,tons,2219790.0,WECC
TEMOA,NWPP,2040,full-base-1000,tons,1678570.0,WECC
TEMOA,NWPP,2045,full-base-1000,tons,1015780.0,WECC
TEMOA,NWPP,2050,full-base-1000,tons,673119.0,WECC
TEMOA,NYCW,2027,full-base-1000,tons,9974030.0,NE
TEMOA,NYCW,2030,full-base-1000,tons,3560840.0,NE
TEMOA,NYCW,2035,full-base-1000,tons,1689460.0,NE
TEMOA,NYCW,2040,full-base-1000,tons,843775.0,NE
TEMOA,NYCW,2045,full-base-1000,tons,230292.0,NE
TEMOA,NYCW,2050,full-base-1000,tons,62112.0,NE
TEMOA,NYUP,2027,full-base-1000,tons,15290500.0,NE
TEMOA,NYUP,2030,full-base-1000,tons,4306470.0,NE
TEMOA,NYUP,2035,full-base-1000,tons,2442490.0,NE
TEMOA,NYUP,2040,full-base-1000,tons,1552550.0,NE
TEMOA,NYUP,2045,full-base-1000,tons,587086.0,NE
TEMOA,NYUP,2050,full-base-1000,tons,145621.0,NE
TEMOA,PJMC,2027,full-base-1000,tons,13393800.0,PJM
TEMOA,PJMC,2030,full-base-1000,tons,5216450.0,PJM
TEMOA,PJMC,2035,full-base-1000,tons,3364130.0,PJM
TEMOA,PJMC,2040,full-base-1000,tons,2076810.0,PJM
TEMOA,PJMC,2045,full-base-1000,tons,851490.0,PJM
TEMOA,PJMC,2050,full-base-1000,tons,320886.0,PJM
TEMOA,PJMD,2027,full-base-1000,tons,17469200.0,PJM
TEMOA,PJMD,2030,full-base-1000,tons,4949860.0,PJM
TEMOA,PJMD,2035,full-base-1000,tons,3537800.0,PJM
TEMOA,PJMD,2040,full-base-1000,tons,2351360.0,PJM
TEMOA,PJMD,2045,full-base-1000,tons,483163.0,PJM
TEMOA,PJMD,2050,full-base-1000,tons,210527.0,PJM
TEMOA,PJME,2027,full-base-1000,tons,78630500.0,PJM
TEMOA,PJME,2030,full-base-1000,tons,33597700.0,PJM
TEMOA,PJME,2035,full-base-1000,tons,19948000.0,PJM
TEMOA,PJME,2040,full-base-1000,tons,10008600.0,PJM
TEMOA,PJME,2045,full-base-1000,tons,3047650.0,PJM
TEMOA,PJME,2050,full-base-1000,tons,925106.0,PJM
TEMOA,PJMW,2027,full-base-1000,tons,93967200.0,PJM
TEMOA,PJMW,2030,full-base-1000,tons,15145400.0,PJM
TEMOA,PJMW,2035,full-base-1000,tons,11159400.0,PJM
TEMOA,PJMW,2040,full-base-1000,tons,9371180.0,PJM
TEMOA,PJMW,2045,full-base-1000,tons,7765210.0,PJM
TEMOA,PJMW,2050,full-base-1000,tons,6380150.0,PJM
TEMOA,RMRG,2027,full-base-1000,tons,15158400.0,WECC
TEMOA,RMRG,2030,full-base-1000,tons,769918.0,WECC
TEMOA,RMRG,2035,full-base-1000,tons,551097.0,WECC
TEMOA,RMRG,2040,full-base-1000,tons,470949.0,WECC
TEMOA,RMRG,2045,full-base-1000,tons,201644.0,WECC
TEMOA,RMRG,2050,full-base-1000,tons,104098.0,WECC
TEMOA,SPPC,2027,full-base-1000,tons,19201700.0,SPP
TEMOA,SPPC,2030,full-base-1000,tons,844643.0,SPP
TEMOA,SPPC,2035,full-base-1000,tons,560181.0,SPP
TEMOA,SPPC,2040,full-base-1000,tons,345955.0,SPP
TEMOA,SPPC,2045,full-base-1000,tons,137212.0,SPP
TEMOA,SPPC,2050,full-base-1000,tons,60042.0,SPP
TEMOA,SPPN,2027,full-base-1000,tons,8191580.0,SPP
TEMOA,SPPN,2030,full-base-1000,tons,299559.0,SPP
TEMOA,SPPN,2035,full-base-1000,tons,209577.0,SPP
TEMOA,SPPN,2040,full-base-1000,tons,138662.0,SPP
TEMOA,SPPN,2045,full-base-1000,tons,43024.0,SPP
TEMOA,SPPN,2050,full-base-1000,tons,13372.0,SPP
TEMOA,SPPS,2027,full-base-1000,tons,19904700.0,SPP
TEMOA,SPPS,2030,full-base-1000,tons,4597570.0,SPP
TEMOA,SPPS,2035,full-base-1000,tons,2997890.0,SPP
TEMOA,SPPS,2040,full-base-1000,tons,1830530.0,SPP
TEMOA,SPPS,2045,full-base-1000,tons,737890.0,SPP
TEMOA,SPPS,2050,full-base-1000,tons,342472.0,SPP
TEMOA,SRCA,2027,full-base-1000,tons,39314100.0,SOU
TEMOA,SRCA,2030,full-base-1000,tons,6282160.0,SOU
TEMOA,SRCA,2035,full-base-1000,tons,4261970.0,SOU
TEMOA,SRCA,2040,full-base-1000,tons,3265130.0,SOU
TEMOA,SRCA,2045,full-base-1000,tons,2137380.0,SOU
TEMOA,SRCA,2050,full-base-1000,tons,1519960.0,SOU
TEMOA,SRCE,2027,full-base-1000,tons,36307900.0,MISO
TEMOA,SRCE,2030,full-base-1000,tons,7528970.0,MISO
TEMOA,SRCE,2035,full-base-1000,tons,4928570.0,MISO
TEMOA,SRCE,2040,full-base-1000,tons,3127470.0,MISO
TEMOA,SRCE,2045,full-base-1000,tons,1804380.0,MISO
TEMOA,SRCE,2050,full-base-1000,tons,1024310.0,MISO
TEMOA,SRSE,2027,full-base-1000,tons,54379600.0,SOU
TEMOA,SRSE,2030,full-base-1000,tons,11943600.0,SOU
TEMOA,SRSE,2035,full-base-1000,tons,7461620.0,SOU
TEMOA,SRSE,2040,full-base-1000,tons,5131250.0,SOU
TEMOA,SRSE,2045,full-base-1000,tons,2630590.0,SOU
TEMOA,SRSE,2050,full-base-1000,tons,1457670.0,SOU
TEMOA,SRSG,2027,full-base-1000,tons,19548400.0,WECC
TEMOA,SRSG,2030,full-base-1000,tons,3841440.0,WECC
TEMOA,SRSG,2035,full-base-1000,tons,3661980.0,WECC
TEMOA,SRSG,2040,full-base-1000,tons,2593720.0,WECC
TEMOA,SRSG,2045,full-base-1000,tons,645656.0,WECC
TEMOA,SRSG,2050,full-base-1000,tons,185161.0,WECC
TEMOA,TRE,2027,full-base-1000,tons,69884900.0,TRE
TEMOA,TRE,2030,full-base-1000,tons,16289000.0,TRE
TEMOA,TRE,2035,full-base-1000,tons,9657300.0,TRE
TEMOA,TRE,2040,full-base-1000,tons,6274520.0,TRE
TEMOA,TRE,2045,full-base-1000,tons,3344440.0,TRE
TEMOA,TRE,2050,full-base-1000,tons,2282370.0,TRE
TEMOA,TREW,2027,full-base-1000,tons,7836490.0,TRE
TEMOA,TREW,2030,full-base-1000,tons,2753890.0,TRE
TEMOA,TREW,2035,full-base-1000,tons,1673490.0,TRE
TEMOA,TREW,2040,full-base-1000,tons,970645.0,TRE
TEMOA,TREW,2045,full-base-1000,tons,371288.0,TRE
TEMOA,TREW,2050,full-base-1000,tons,168780.0,TRE
USENSYS,BASN,2027,full-base-1000,tons,25740193.0,WECC
USENSYS,BASN,2030,full-base-1000,tons,3370825.0,WECC
USENSYS,BASN,2035,full-base-1000,tons,3277614.0,WECC
USENSYS,BASN,2040,full-base-1000,tons,2648879.0,WECC
USENSYS,BASN,2045,full-base-1000,tons,593599.0,WECC
USENSYS,BASN,2050,full-base-1000,tons,272370.0,WECC
USENSYS,CANO,2027,full-base-1000,tons,19762436.0,CA
USENSYS,CANO,2030,full-base-1000,tons,5274906.0,CA
USENSYS,CANO,2035,full-base-1000,tons,3206415.0,CA
USENSYS,CANO,2040,full-base-1000,tons,2959662.0,CA
USENSYS,CANO,2045,full-base-1000,tons,1711631.0,CA
USENSYS,CANO,2050,full-base-1000,tons,1273369.0,CA
USENSYS,CASO,2027,full-base-1000,tons,20280748.0,CA
USENSYS,CASO,2030,full-base-1000,tons,7360897.0,CA
USENSYS,CASO,2035,full-base-1000,tons,5043181.0,CA
USENSYS,CASO,2040,full-base-1000,tons,3659685.0,CA
USENSYS,CASO,2045,full-base-1000,tons,2001271.0,CA
USENSYS,CASO,2050,full-base-1000,tons,1508178.0,CA
USENSYS,FRCC,2027,full-base-1000,tons,75337120.0,SOU
USENSYS,FRCC,2030,full-base-1000,tons,11299132.0,SOU
USENSYS,FRCC,2035,full-base-1000,tons,9046467.0,SOU
USENSYS,FRCC,2040,full-base-1000,tons,6886169.0,SOU
USENSYS,FRCC,2045,full-base-1000,tons,3436412.0,SOU
USENSYS,FRCC,2050,full-base-1000,tons,2586814.0,SOU
USENSYS,ISNE,2027,full-base-1000,tons,31491802.0,NE
USENSYS,ISNE,2030,full-base-1000,tons,11153138.0,NE
USENSYS,ISNE,2035,full-base-1000,tons,12264402.0,NE
USENSYS,ISNE,2040,full-base-1000,tons,6357962.0,NE
USENSYS,ISNE,2045,full-base-1000,tons,2811419.0,NE
USENSYS,ISNE,2050,full-base-1000,tons,908379.0,NE
USENSYS,MISC,2027,full-base-1000,tons,37480696.0,MISO
USENSYS,MISC,2030,full-base-1000,tons,3788570.0,MISO
USENSYS,MISC,2035,full-base-1000,tons,3128538.0,MISO
USENSYS,MISC,2040,full-base-1000,tons,2505810.0,MISO
USENSYS,MISC,2045,full-base-1000,tons,1862251.0,MISO
USENSYS,MISC,2050,full-base-1000,tons,1413573.0,MISO
USENSYS,MISE,2027,full-base-1000,tons,33023812.0,MISO
USENSYS,MISE,2030,full-base-1000,tons,3083598.0,MISO
USENSYS,MISE,2035,full-base-1000,tons,2110288.0,MISO
USENSYS,MISE,2040,full-base-1000,tons,1634085.0,MISO
USENSYS,MISE,2045,full-base-1000,tons,1145476.0,MISO
USENSYS,MISE,2050,full-base-1000,tons,1009697.0,MISO
USENSYS,MISS,2027,full-base-1000,tons,52097375.0,MISO
USENSYS,MISS,2030,full-base-1000,tons,12639643.0,MISO
USENSYS,MISS,2035,full-base-1000,tons,8450671.0,MISO
USENSYS,MISS,2040,full-base-1000,tons,5036739.0,MISO
USENSYS,MISS,2045,full-base-1000,tons,2663438.0,MISO
USENSYS,MISS,2050,full-base-1000,tons,1638773.0,MISO
USENSYS,MISW,2027,full-base-1000,tons,43764917.0,MISO
USENSYS,MISW,2030,full-base-1000,tons,6516341.0,MISO
USENSYS,MISW,2035,full-base-1000,tons,4545371.0,MISO
USENSYS,MISW,2040,full-base-1000,tons,3242695.0,MISO
USENSYS,MISW,2045,full-base-1000,tons,1931158.0,MISO
USENSYS,MISW,2050,full-base-1000,tons,1301254.0,MISO
USENSYS,NWPP,2027,full-base-1000,tons,16342145.0,WECC
USENSYS,NWPP,2030,full-base-1000,tons,917469.0,WECC
USENSYS,NWPP,2035,full-base-1000,tons,1772865.0,WECC
USENSYS,NWPP,2040,full-base-1000,tons,1556418.0,WECC
USENSYS,NWPP,2045,full-base-1000,tons,861793.0,WECC
USENSYS,NWPP,2050,full-base-1000,tons,652139.0,WECC
USENSYS,NYCW,2027,full-base-1000,tons,9548926.0,NE
USENSYS,NYCW,2030,full-base-1000,tons,2731555.0,NE
USENSYS,NYCW,2035,full-base-1000,tons,1229561.0,NE
USENSYS,NYCW,2040,full-base-1000,tons,577986.0,NE
USENSYS,NYCW,2045,full-base-1000,tons,166917.0,NE
USENSYS,NYCW,2050,full-base-1000,tons,59539.0,NE
USENSYS,NYUP,2027,full-base-1000,tons,11956704.0,NE
USENSYS,NYUP,2030,full-base-1000,tons,3708910.0,NE
USENSYS,NYUP,2035,full-base-1000,tons,1622745.0,NE
USENSYS,NYUP,2040,full-base-1000,tons,1036474.0,NE
USENSYS,NYUP,2045,full-base-1000,tons,366965.0,NE
USENSYS,NYUP,2050,full-base-1000,tons,88902.0,NE
USENSYS,PJMC,2027,full-base-1000,tons,13469277.0,PJM
USENSYS,PJMC,2030,full-base-1000,tons,5244778.0,PJM
USENSYS,PJMC,2035,full-base-1000,tons,3453618.0,PJM
USENSYS,PJMC,2040,full-base-1000,tons,2073973.0,PJM
USENSYS,PJMC,2045,full-base-1000,tons,870410.0,PJM
USENSYS,PJMC,2050,full-base-1000,tons,358590.0,PJM
USENSYS,PJMD,2027,full-base-1000,tons,17631409.0,PJM
USENSYS,PJMD,2030,full-base-1000,tons,5175550.0,PJM
USENSYS,PJMD,2035,full-base-1000,tons,3525266.0,PJM
USENSYS,PJMD,2040,full-base-1000,tons,2528725.0,PJM
USENSYS,PJMD,2045,full-base-1000,tons,367304.0,PJM
USENSYS,PJMD,2050,full-base-1000,tons,150266.0,PJM
USENSYS,PJME,2027,full-base-1000,tons,78811274.0,PJM
USENSYS,PJME,2030,full-base-1000,tons,34140642.0,PJM
USENSYS,PJME,2035,full-base-1000,tons,19505466.0,PJM
USENSYS,PJME,2040,full-base-1000,tons,9836524.0,PJM
USENSYS,PJME,2045,full-base-1000,tons,2862421.0,PJM
USENSYS,PJME,2050,full-base-1000,tons,925536.0,PJM
USENSYS,PJMW,2027,full-base-1000,tons,94350052.0,PJM
USENSYS,PJMW,2030,full-base-1000,tons,15047330.0,PJM
USENSYS,PJMW,2035,full-base-1000,tons,11011624.0,PJM
USENSYS,PJMW,2040,full-base-1000,tons,9333656.0,PJM
USENSYS,PJMW,2045,full-base-1000,tons,7685440.0,PJM
USENSYS,PJMW,2050,full-base-1000,tons,6448862.0,PJM
USENSYS,RMRG,2027,full-base-1000,tons,16042837.0,WECC
USENSYS,RMRG,2030,full-base-1000,tons,720586.0,WECC
USENSYS,RMRG,2035,full-base-1000,tons,501779.0,WECC
USENSYS,RMRG,2040,full-base-1000,tons,511413.0,WECC
USENSYS,RMRG,2045,full-base-1000,tons,223564.0,WECC
USENSYS,RMRG,2050,full-base-1000,tons,135308.0,WECC
USENSYS,SPPC,2027,full-base-1000,tons,19512481.0,SPP
USENSYS,SPPC,2030,full-base-1000,tons,823390.0,SPP
USENSYS,SPPC,2035,full-base-1000,tons,549176.0,SPP
USENSYS,SPPC,2040,full-base-1000,tons,358177.0,SPP
USENSYS,SPPC,2045,full-base-1000,tons,126537.0,SPP
USENSYS,SPPC,2050,full-base-1000,tons,57953.0,SPP
USENSYS,SPPN,2027,full-base-1000,tons,8227387.0,SPP
USENSYS,SPPN,2030,full-base-1000,tons,302855.0,SPP
USENSYS,SPPN,2035,full-base-1000,tons,183287.0,SPP
USENSYS,SPPN,2040,full-base-1000,tons,139726.0,SPP
USENSYS,SPPN,2045,full-base-1000,tons,38284.0,SPP
USENSYS,SPPN,2050,full-base-1000,tons,10315.0,SPP
USENSYS,SPPS,2027,full-base-1000,tons,20092527.0,SPP
USENSYS,SPPS,2030,full-base-1000,tons,4495186.0,SPP
USENSYS,SPPS,2035,full-base-1000,tons,3137152.0,SPP
USENSYS,SPPS,2040,full-base-1000,tons,1962648.0,SPP
USENSYS,SPPS,2045,full-base-1000,tons,732240.0,SPP
USENSYS,SPPS,2050,full-base-1000,tons,380278.0,SPP
USENSYS,SRCA,2027,full-base-1000,tons,39693743.0,SOU
USENSYS,SRCA,2030,full-base-1000,tons,6321109.0,SOU
USENSYS,SRCA,2035,full-base-1000,tons,4409749.0,SOU
USENSYS,SRCA,2040,full-base-1000,tons,3297717.0,SOU
USENSYS,SRCA,2045,full-base-1000,tons,2227938.0,SOU
USENSYS,SRCA,2050,full-base-1000,tons,1704530.0,SOU
USENSYS,SRCE,2027,full-base-1000,tons,36100589.0,MISO
USENSYS,SRCE,2030,full-base-1000,tons,7481479.0,MISO
USENSYS,SRCE,2035,full-base-1000,tons,4935811.0,MISO
USENSYS,SRCE,2040,full-base-1000,tons,3164907.0,MISO
USENSYS,SRCE,2045,full-base-1000,tons,1804366.0,MISO
USENSYS,SRCE,2050,full-base-1000,tons,1072982.0,MISO
USENSYS,SRSE,2027,full-base-1000,tons,54415142.0,SOU
USENSYS,SRSE,2030,full-base-1000,tons,11737773.0,SOU
USENSYS,SRSE,2035,full-base-1000,tons,7292867.0,SOU
USENSYS,SRSE,2040,full-base-1000,tons,5149247.0,SOU
USENSYS,SRSE,2045,full-base-1000,tons,2651884.0,SOU
USENSYS,SRSE,2050,full-base-1000,tons,1570328.0,SOU
USENSYS,SRSG,2027,full-base-1000,tons,19927400.0,WECC
USENSYS,SRSG,2030,full-base-1000,tons,3787021.0,WECC
USENSYS,SRSG,2035,full-base-1000,tons,3804953.0,WECC
USENSYS,SRSG,2040,full-base-1000,tons,2644387.0,WECC
USENSYS,SRSG,2045,full-base-1000,tons,631999.0,WECC
USENSYS,SRSG,2050,full-base-1000,tons,249438.0,WECC
USENSYS,TRE,2027,full-base-1000,tons,70111415.0,TRE
USENSYS,TRE,2030,full-base-1000,tons,16085836.0,TRE
USENSYS,TRE,2035,full-base-1000,tons,10146871.0,TRE
USENSYS,TRE,2040,full-base-1000,tons,6510154.0,TRE
USENSYS,TRE,2045,full-base-1000,tons,3201049.0,TRE
USENSYS,TRE,2050,full-base-1000,tons,2240757.0,TRE
USENSYS,TREW,2027,full-base-1000,tons,7650998.0,TRE
USENSYS,TREW,2030,full-base-1000,tons,2775577.0,TRE
USENSYS,TREW,2035,full-base-1000,tons,1794088.0,TRE
USENSYS,TREW,2040,full-base-1000,tons,1046058.0,TRE
USENSYS,TREW,2045,full-base-1000,tons,353811.0,TRE
USENSYS,TREW,2050,full-base-1000,tons,173341.0,TRE
GenX,BASN,2027,full-base-1000,tons,27474500.0,WECC
GenX,CANO,2027,full-base-1000,tons,19490500.0,CA
GenX,CASO,2027,full-base-1000,tons,20121100.0,CA
GenX,FRCC,2027,full-base-1000,tons,75165100.0,SOU
GenX,ISNE,2027,full-base-1000,tons,28472400.0,NE
GenX,MISC,2027,full-base-1000,tons,37533200.0,MISO
GenX,MISE,2027,full-base-1000,tons,32764000.0,MISO
GenX,MISS,2027,full-base-1000,tons,52031700.0,MISO
GenX,MISW,2027,full-base-1000,tons,43395300.0,MISO
GenX,NWPP,2027,full-base-1000,tons,16223600.0,WECC
GenX,NYCW,2027,full-base-1000,tons,9952220.0,NE
GenX,NYUP,2027,full-base-1000,tons,13473300.0,NE
GenX,PJMC,2027,full-base-1000,tons,13371900.0,PJM
GenX,PJMD,2027,full-base-1000,tons,17466400.0,PJM
GenX,PJME,2027,full-base-1000,tons,78384100.0,PJM
GenX,PJMW,2027,full-base-1000,tons,94026900.0,PJM
GenX,RMRG,2027,full-base-1000,tons,16313800.0,WECC
GenX,SPPC,2027,full-base-1000,tons,19606000.0,SPP
GenX,SPPN,2027,full-base-1000,tons,8349310.0,SPP
GenX,SPPS,2027,full-base-1000,tons,20146500.0,SPP
GenX,SRCA,2027,full-base-1000,tons,39750700.0,SOU
GenX,SRCE,2027,full-base-1000,tons,36217100.0,MISO
GenX,SRSE,2027,full-base-1000,tons,54150800.0,SOU
GenX,SRSG,2027,full-base-1000,tons,20673700.0,WECC
GenX,TRE,2027,full-base-1000,tons,70691700.0,TRE
GenX,TREW,2027,full-base-1000,tons,7755350.0,TRE
GenX,BASN,2030,full-base-1000,tons,3405840.0,WECC
GenX,CANO,2030,full-base-1000,tons,5431230.0,CA
GenX,CASO,2030,full-base-1000,tons,7344640.0,CA
GenX,FRCC,2030,full-base-1000,tons,11254200.0,SOU
GenX,ISNE,2030,full-base-1000,tons,9991890.0,NE
GenX,MISC,2030,full-base-1000,tons,3750640.0,MISO
GenX,MISE,2030,full-base-1000,tons,3115540.0,MISO
GenX,MISS,2030,full-base-1000,tons,12487800.0,MISO
GenX,MISW,2030,full-base-1000,tons,6476150.0,MISO
GenX,NWPP,2030,full-base-1000,tons,961432.0,WECC
GenX,NYCW,2030,full-base-1000,tons,3625070.0,NE
GenX,NYUP,2030,full-base-1000,tons,4278930.0,NE
GenX,PJMC,2030,full-base-1000,tons,5266900.0,PJM
GenX,PJMD,2030,full-base-1000,tons,5001320.0,PJM
GenX,PJME,2030,full-base-1000,tons,33652000.0,PJM
GenX,PJMW,2030,full-base-1000,tons,15044300.0,PJM
GenX,RMRG,2030,full-base-1000,tons,718495.0,WECC
GenX,SPPC,2030,full-base-1000,tons,825176.0,SPP
GenX,SPPN,2030,full-base-1000,tons,287644.0,SPP
GenX,SPPS,2030,full-base-1000,tons,4604790.0,SPP
GenX,SRCA,2030,full-base-1000,tons,6267670.0,SOU
GenX,SRCE,2030,full-base-1000,tons,7617850.0,MISO
GenX,SRSE,2030,full-base-1000,tons,11584800.0,SOU
GenX,SRSG,2030,full-base-1000,tons,3738880.0,WECC
GenX,TRE,2030,full-base-1000,tons,16443600.0,TRE
GenX,TREW,2030,full-base-1000,tons,2823840.0,TRE
GenX,BASN,2035,full-base-1000,tons,3192890.0,WECC
GenX,CANO,2035,full-base-1000,tons,3237310.0,CA
GenX,CASO,2035,full-base-1000,tons,4964270.0,CA
GenX,FRCC,2035,full-base-1000,tons,8839060.0,SOU
GenX,ISNE,2035,full-base-1000,tons,12008900.0,NE
GenX,MISC,2035,full-base-1000,tons,3111800.0,MISO
GenX,MISE,2035,full-base-1000,tons,2112180.0,MISO
GenX,MISS,2035,full-base-1000,tons,8253600.0,MISO
GenX,MISW,2035,full-base-1000,tons,4449050.0,MISO
GenX,NWPP,2035,full-base-1000,tons,1878990.0,WECC
GenX,NYCW,2035,full-base-1000,tons,1602850.0,NE
GenX,NYUP,2035,full-base-1000,tons,2315630.0,NE
GenX,PJMC,2035,full-base-1000,tons,3384600.0,PJM
GenX,PJMD,2035,full-base-1000,tons,3578370.0,PJM
GenX,PJME,2035,full-base-1000,tons,20107600.0,PJM
GenX,PJMW,2035,full-base-1000,tons,11115700.0,PJM
GenX,RMRG,2035,full-base-1000,tons,506352.0,WECC
GenX,SPPC,2035,full-base-1000,tons,542398.0,SPP
GenX,SPPN,2035,full-base-1000,tons,179795.0,SPP
GenX,SPPS,2035,full-base-1000,tons,3059320.0,SPP
GenX,SRCA,2035,full-base-1000,tons,4302710.0,SOU
GenX,SRCE,2035,full-base-1000,tons,4905400.0,MISO
GenX,SRSE,2035,full-base-1000,tons,7192490.0,SOU
GenX,SRSG,2035,full-base-1000,tons,3725540.0,WECC
GenX,TRE,2035,full-base-1000,tons,9707290.0,TRE
GenX,TREW,2035,full-base-1000,tons,1726110.0,TRE
GenX,BASN,2040,full-base-1000,tons,2498100.0,WECC
GenX,CANO,2040,full-base-1000,tons,2924220.0,CA
GenX,CASO,2040,full-base-1000,tons,3403500.0,CA
GenX,FRCC,2040,full-base-1000,tons,6644390.0,SOU
GenX,ISNE,2040,full-base-1000,tons,7071840.0,NE
GenX,MISC,2040,full-base-1000,tons,2470360.0,MISO
GenX,MISE,2040,full-base-1000,tons,1603970.0,MISO
GenX,MISS,2040,full-base-1000,tons,4914420.0,MISO
GenX,MISW,2040,full-base-1000,tons,3180420.0,MISO
GenX,NWPP,2040,full-base-1000,tons,1553220.0,WECC
GenX,NYCW,2040,full-base-1000,tons,769785.0,NE
GenX,NYUP,2040,full-base-1000,tons,1421160.0,NE
GenX,PJMC,2040,full-base-1000,tons,2079990.0,PJM
GenX,PJMD,2040,full-base-1000,tons,2519940.0,PJM
GenX,PJME,2040,full-base-1000,tons,9918430.0,PJM
GenX,PJMW,2040,full-base-1000,tons,9506470.0,PJM
GenX,RMRG,2040,full-base-1000,tons,486041.0,WECC
GenX,SPPC,2040,full-base-1000,tons,328594.0,SPP
GenX,SPPN,2040,full-base-1000,tons,130638.0,SPP
GenX,SPPS,2040,full-base-1000,tons,1870900.0,SPP
GenX,SRCA,2040,full-base-1000,tons,3290980.0,SOU
GenX,SRCE,2040,full-base-1000,tons,3108140.0,MISO
GenX,SRSE,2040,full-base-1000,tons,5065310.0,SOU
GenX,SRSG,2040,full-base-1000,tons,2608160.0,WECC
GenX,TRE,2040,full-base-1000,tons,6295930.0,TRE
GenX,TREW,2040,full-base-1000,tons,995103.0,TRE
GenX,BASN,2045,full-base-1000,tons,592726.0,WECC
GenX,CANO,2045,full-base-1000,tons,1710610.0,CA
GenX,CASO,2045,full-base-1000,tons,1904320.0,CA
GenX,FRCC,2045,full-base-1000,tons,3528570.0,SOU
GenX,ISNE,2045,full-base-1000,tons,2056310.0,NE
GenX,MISC,2045,full-base-1000,tons,1849750.0,MISO
GenX,MISE,2045,full-base-1000,tons,1119670.0,MISO
GenX,MISS,2045,full-base-1000,tons,2614070.0,MISO
GenX,MISW,2045,full-base-1000,tons,1932840.0,MISO
GenX,NWPP,2045,full-base-1000,tons,952823.0,WECC
GenX,NYCW,2045,full-base-1000,tons,204698.0,NE
GenX,NYUP,2045,full-base-1000,tons,492161.0,NE
GenX,PJMC,2045,full-base-1000,tons,883865.0,PJM
GenX,PJMD,2045,full-base-1000,tons,485750.0,PJM
GenX,PJME,2045,full-base-1000,tons,2904080.0,PJM
GenX,PJMW,2045,full-base-1000,tons,7843410.0,PJM
GenX,RMRG,2045,full-base-1000,tons,226819.0,WECC
GenX,SPPC,2045,full-base-1000,tons,147321.0,SPP
GenX,SPPN,2045,full-base-1000,tons,53500.0,SPP
GenX,SPPS,2045,full-base-1000,tons,721599.0,SPP
GenX,SRCA,2045,full-base-1000,tons,2206180.0,SOU
GenX,SRCE,2045,full-base-1000,tons,1808140.0,MISO
GenX,SRSE,2045,full-base-1000,tons,2686260.0,SOU
GenX,SRSG,2045,full-base-1000,tons,660222.0,WECC
GenX,TRE,2045,full-base-1000,tons,3372930.0,TRE
GenX,TREW,2045,full-base-1000,tons,372583.0,TRE
GenX,BASN,2050,full-base-1000,tons,259432.0,WECC
GenX,CANO,2050,full-base-1000,tons,1263090.0,CA
GenX,CASO,2050,full-base-1000,tons,1396490.0,CA
GenX,FRCC,2050,full-base-1000,tons,2626330.0,SOU
GenX,ISNE,2050,full-base-1000,tons,508646.0,NE
GenX,MISC,2050,full-base-1000,tons,1369510.0,MISO
GenX,MISE,2050,full-base-1000,tons,974723.0,MISO
GenX,MISS,2050,full-base-1000,tons,1548080.0,MISO
GenX,MISW,2050,full-base-1000,tons,1284090.0,MISO
GenX,NWPP,2050,full-base-1000,tons,707524.0,WECC
GenX,NYCW,2050,full-base-1000,tons,83880.0,NE
GenX,NYUP,2050,full-base-1000,tons,223646.0,NE
GenX,PJMC,2050,full-base-1000,tons,346286.0,PJM
GenX,PJMD,2050,full-base-1000,tons,199254.0,PJM
GenX,PJME,2050,full-base-1000,tons,921615.0,PJM
GenX,PJMW,2050,full-base-1000,tons,6525080.0,PJM
GenX,RMRG,2050,full-base-1000,tons,134310.0,WECC
GenX,SPPC,2050,full-base-1000,tons,70835.0,SPP
GenX,SPPN,2050,full-base-1000,tons,21728.0,SPP
GenX,SPPS,2050,full-base-1000,tons,361637.0,SPP
GenX,SRCA,2050,full-base-1000,tons,1672120.0,SOU
GenX,SRCE,2050,full-base-1000,tons,1065280.0,MISO
GenX,SRSE,2050,full-base-1000,tons,1537200.0,SOU
GenX,SRSG,2050,full-base-1000,tons,230733.0,WECC
GenX,TRE,2050,full-base-1000,tons,2321080.0,TRE
GenX,TREW,2050,full-base-1000,tons,178167.0,TRE
SWITCH,BASN,2027,full-base-1000,kg,26070431.008,WECC
SWITCH,CANO,2027,full-base-1000,kg,19900721.334,CA
SWITCH,CASO,2027,full-base-1000,kg,20432836.856,CA
SWITCH,FRCC,2027,full-base-1000,kg,75085937.428,SOU
SWITCH,ISNE,2027,full-base-1000,kg,29022686.97,NE
SWITCH,MISC,2027,full-base-1000,kg,38010327.22,MISO
SWITCH,MISE,2027,full-base-1000,kg,33050163.066,MISO
SWITCH,MISS,2027,full-base-1000,kg,51883967.114,MISO
SWITCH,MISW,2027,full-base-1000,kg,44311117.445,MISO
SWITCH,NWPP,2027,full-base-1000,kg,16260091.031,WECC
SWITCH,NYCW,2027,full-base-1000,kg,9990210.064,NE
SWITCH,NYUP,2027,full-base-1000,kg,12300052.902,NE
SWITCH,PJMC,2027,full-base-1000,kg,13479844.749,PJM
SWITCH,PJMD,2027,full-base-1000,kg,17726169.159,PJM
SWITCH,PJME,2027,full-base-1000,kg,78450423.47,PJM
SWITCH,PJMW,2027,full-base-1000,kg,94612751.901,PJM
SWITCH,RMRG,2027,full-base-1000,kg,16289551.149,WECC
SWITCH,SPPC,2027,full-base-1000,kg,19617185.92,SPP
SWITCH,SPPN,2027,full-base-1000,kg,8395057.91,SPP
SWITCH,SPPS,2027,full-base-1000,kg,20306633.216,SPP
SWITCH,SRCA,2027,full-base-1000,kg,39732188.081,SOU
SWITCH,SRCE,2027,full-base-1000,kg,36049379.943,MISO
SWITCH,SRSE,2027,full-base-1000,kg,54488113.155,SOU
SWITCH,SRSG,2027,full-base-1000,kg,20282586.879,WECC
SWITCH,TRE,2027,full-base-1000,kg,69798704.35,TRE
SWITCH,TREW,2027,full-base-1000,kg,7446893.454,TRE
SWITCH,BASN,2030,full-base-1000,kg,3446809.46,WECC
SWITCH,CANO,2030,full-base-1000,kg,5133293.203,CA
SWITCH,CASO,2030,full-base-1000,kg,7432871.527,CA
SWITCH,FRCC,2030,full-base-1000,kg,11138835.924,SOU
SWITCH,ISNE,2030,full-base-1000,kg,10167064.329,NE
SWITCH,MISC,2030,full-base-1000,kg,3798410.035,MISO
SWITCH,MISE,2030,full-base-1000,kg,3355596.965,MISO
SWITCH,MISS,2030,full-base-1000,kg,12240957.434,MISO
SWITCH,MISW,2030,full-base-1000,kg,6628286.559,MISO
SWITCH,NWPP,2030,full-base-1000,kg,977955.701,WECC
SWITCH,NYCW,2030,full-base-1000,kg,3685183.505,NE
SWITCH,NYUP,2030,full-base-1000,kg,4039687.269,NE
SWITCH,PJMC,2030,full-base-1000,kg,5162762.352,PJM
SWITCH,PJMD,2030,full-base-1000,kg,5078128.245,PJM
SWITCH,PJME,2030,full-base-1000,kg,34025567.152,PJM
SWITCH,PJMW,2030,full-base-1000,kg,14995447.018,PJM
SWITCH,RMRG,2030,full-base-1000,kg,724711.887,WECC
SWITCH,SPPC,2030,full-base-1000,kg,842088.919,SPP
SWITCH,SPPN,2030,full-base-1000,kg,307338.792,SPP
SWITCH,SPPS,2030,full-base-1000,kg,4667805.522,SPP
SWITCH,SRCA,2030,full-base-1000,kg,6610706.64,SOU
SWITCH,SRCE,2030,full-base-1000,kg,7536393.447,MISO
SWITCH,SRSE,2030,full-base-1000,kg,11038908.27,SOU
SWITCH,SRSG,2030,full-base-1000,kg,3843321.514,WECC
SWITCH,TRE,2030,full-base-1000,kg,16330383.055,TRE
SWITCH,TREW,2030,full-base-1000,kg,2798082.892,TRE
SWITCH,BASN,2035,full-base-1000,kg,3267966.792,WECC
SWITCH,CANO,2035,full-base-1000,kg,2889303.59,CA
SWITCH,CASO,2035,full-base-1000,kg,4989712.441,CA
SWITCH,FRCC,2035,full-base-1000,kg,8811398.365,SOU
SWITCH,ISNE,2035,full-base-1000,kg,11911998.004,NE
SWITCH,MISC,2035,full-base-1000,kg,3124791.668,MISO
SWITCH,MISE,2035,full-base-1000,kg,2245665.436,MISO
SWITCH,MISS,2035,full-base-1000,kg,8049575.616,MISO
SWITCH,MISW,2035,full-base-1000,kg,4559232.369,MISO
SWITCH,NWPP,2035,full-base-1000,kg,1747970.092,WECC
SWITCH,NYCW,2035,full-base-1000,kg,1573753.526,NE
SWITCH,NYUP,2035,full-base-1000,kg,2185818.849,NE
SWITCH,PJMC,2035,full-base-1000,kg,3369860.156,PJM
SWITCH,PJMD,2035,full-base-1000,kg,3699640.833,PJM
SWITCH,PJME,2035,full-base-1000,kg,20591338.362,PJM
SWITCH,PJMW,2035,full-base-1000,kg,11072963.556,PJM
SWITCH,RMRG,2035,full-base-1000,kg,482905.135,WECC
SWITCH,SPPC,2035,full-base-1000,kg,562653.927,SPP
SWITCH,SPPN,2035,full-base-1000,kg,188295.125,SPP
SWITCH,SPPS,2035,full-base-1000,kg,3142484.93,SPP
SWITCH,SRCA,2035,full-base-1000,kg,4390288.254,SOU
SWITCH,SRCE,2035,full-base-1000,kg,4848701.297,MISO
SWITCH,SRSE,2035,full-base-1000,kg,6921689.921,SOU
SWITCH,SRSG,2035,full-base-1000,kg,3762486.345,WECC
SWITCH,TRE,2035,full-base-1000,kg,9828157.52,TRE
SWITCH,TREW,2035,full-base-1000,kg,1781394.482,TRE
SWITCH,BASN,2040,full-base-1000,kg,2573224.956,WECC
SWITCH,CANO,2040,full-base-1000,kg,2709650.803,CA
SWITCH,CASO,2040,full-base-1000,kg,3459657.305,CA
SWITCH,FRCC,2040,full-base-1000,kg,6414777.723,SOU
SWITCH,ISNE,2040,full-base-1000,kg,6851162.776,NE
SWITCH,MISC,2040,full-base-1000,kg,2522911.533,MISO
SWITCH,MISE,2040,full-base-1000,kg,1740779.806,MISO
SWITCH,MISS,2040,full-base-1000,kg,4888849.2,MISO
SWITCH,MISW,2040,full-base-1000,kg,3245603.858,MISO
SWITCH,NWPP,2040,full-base-1000,kg,1527387.044,WECC
SWITCH,NYCW,2040,full-base-1000,kg,753119.32,NE
SWITCH,NYUP,2040,full-base-1000,kg,1375077.414,NE
SWITCH,PJMC,2040,full-base-1000,kg,2113463.997,PJM
SWITCH,PJMD,2040,full-base-1000,kg,2584209.081,PJM
SWITCH,PJME,2040,full-base-1000,kg,10107093.358,PJM
SWITCH,PJMW,2040,full-base-1000,kg,9292100.518,PJM
SWITCH,RMRG,2040,full-base-1000,kg,501110.856,WECC
SWITCH,SPPC,2040,full-base-1000,kg,371059.862,SPP
SWITCH,SPPN,2040,full-base-1000,kg,149211.41,SPP
SWITCH,SPPS,2040,full-base-1000,kg,1953960.231,SPP
SWITCH,SRCA,2040,full-base-1000,kg,3356899.264,SOU
SWITCH,SRCE,2040,full-base-1000,kg,3135301.592,MISO
SWITCH,SRSE,2040,full-base-1000,kg,5040531.502,SOU
SWITCH,SRSG,2040,full-base-1000,kg,2581537.374,WECC
SWITCH,TRE,2040,full-base-1000,kg,6363271.53,TRE
SWITCH,TREW,2040,full-base-1000,kg,1048145.039,TRE
SWITCH,BASN,2045,full-base-1000,kg,608579.529,WECC
SWITCH,CANO,2045,full-base-1000,kg,1701924.038,CA
SWITCH,CASO,2045,full-base-1000,kg,1957778.298,CA
SWITCH,FRCC,2045,full-base-1000,kg,3394012.752,SOU
SWITCH,ISNE,2045,full-base-1000,kg,2095050.941,NE
SWITCH,MISC,2045,full-base-1000,kg,1905377.878,MISO
SWITCH,MISE,2045,full-base-1000,kg,1136059.064,MISO
SWITCH,MISS,2045,full-base-1000,kg,2635265.816,MISO
SWITCH,MISW,2045,full-base-1000,kg,1958835.027,MISO
SWITCH,NWPP,2045,full-base-1000,kg,983570.058,WECC
SWITCH,NYCW,2045,full-base-1000,kg,211512.787,NE
SWITCH,NYUP,2045,full-base-1000,kg,487310.074,NE
SWITCH,PJMC,2045,full-base-1000,kg,936384.286,PJM
SWITCH,PJMD,2045,full-base-1000,kg,447148.86,PJM
SWITCH,PJME,2045,full-base-1000,kg,3009318.667,PJM
SWITCH,PJMW,2045,full-base-1000,kg,7682344.938,PJM
SWITCH,RMRG,2045,full-base-1000,kg,221324.584,WECC
SWITCH,SPPC,2045,full-base-1000,kg,140907.866,SPP
SWITCH,SPPN,2045,full-base-1000,kg,48599.487,SPP
SWITCH,SPPS,2045,full-base-1000,kg,796031.216,SPP
SWITCH,SRCA,2045,full-base-1000,kg,2206158.54,SOU
SWITCH,SRCE,2045,full-base-1000,kg,1842071.213,MISO
SWITCH,SRSE,2045,full-base-1000,kg,2611831.002,SOU
SWITCH,SRSG,2045,full-base-1000,kg,616688.66,WECC
SWITCH,TRE,2045,full-base-1000,kg,3317558.225,TRE
SWITCH,TREW,2045,full-base-1000,kg,390825.059,TRE
SWITCH,BASN,2050,full-base-1000,kg,270953.52,WECC
SWITCH,CANO,2050,full-base-1000,kg,1278825.605,CA
SWITCH,CASO,2050,full-base-1000,kg,1420408.805,CA
SWITCH,FRCC,2050,full-base-1000,kg,2527511.161,SOU
SWITCH,ISNE,2050,full-base-1000,kg,446659.896,NE
SWITCH,MISC,2050,full-base-1000,kg,1452297.209,MISO
SWITCH,MISE,2050,full-base-1000,kg,957321.639,MISO
SWITCH,MISS,2050,full-base-1000,kg,1604632.862,MISO
SWITCH,MISW,2050,full-base-1000,kg,1295608.703,MISO
SWITCH,NWPP,2050,full-base-1000,kg,679085.422,WECC
SWITCH,NYCW,2050,full-base-1000,kg,84401.109,NE
SWITCH,NYUP,2050,full-base-1000,kg,197754.556,NE
SWITCH,PJMC,2050,full-base-1000,kg,407014.906,PJM
SWITCH,PJMD,2050,full-base-1000,kg,167984.394,PJM
SWITCH,PJME,2050,full-base-1000,kg,946292.876,PJM
SWITCH,PJMW,2050,full-base-1000,kg,6430422.077,PJM
SWITCH,RMRG,2050,full-base-1000,kg,125153.551,WECC
SWITCH,SPPC,2050,full-base-1000,kg,69122.947,SPP
SWITCH,SPPN,2050,full-base-1000,kg,16197.071,SPP
SWITCH,SPPS,2050,full-base-1000,kg,409799.923,SPP
SWITCH,SRCA,2050,full-base-1000,kg,1594098.074,SOU
SWITCH,SRCE,2050,full-base-1000,kg,1081587.412,MISO
SWITCH,SRSE,2050,full-base-1000,kg,1492716.012,SOU
SWITCH,SRSG,2050,full-base-1000,kg,192659.866,WECC
SWITCH,TRE,2050,full-base-1000,kg,2288361.632,TRE
SWITCH,TREW,2050,full-base-1000,kg,176990.038,TRE
