case,tech_type,planning_year,agg_zone,end_value,min,max
full-base-200,Battery,2027,CA,2.0,,
full-base-200,Battery,2027,MISO,5.0,,
full-base-200,Battery,2027,NE,4.0,,
full-base-200,Battery,2027,PJM,4.0,,
full-base-200,Battery,2027,SOU,3.0,,
full-base-200,Battery,2027,SPP,4.0,,
full-base-200,Battery,2027,TRE,2.0,,
full-base-200,Battery,2027,WECC,5.0,,
full-base-200,CCS,2027,CA,0.0,,
full-base-200,CCS,2027,MISO,0.0,,
full-base-200,CCS,2027,NE,,,
full-base-200,CCS,2027,PJM,0.0,,
full-base-200,CCS,2027,SOU,0.0,,
full-base-200,CCS,2027,SPP,0.0,,
full-base-200,CCS,2027,TRE,0.0,,
full-base-200,CCS,2027,WECC,0.0,,
full-base-200,Hydrogen,2027,CA,0.0,,
full-base-200,Hydrogen,2027,MISO,0.0,,
full-base-200,Hydrogen,2027,NE,1.0,,
full-base-200,Hydrogen,2027,PJM,0.0,,
full-base-200,Hydrogen,2027,SOU,0.0,,
full-base-200,Hydrogen,2027,SPP,0.0,,
full-base-200,Hydrogen,2027,TRE,0.0,,
full-base-200,Hydrogen,2027,WECC,0.0,,
full-base-200,Natural Gas CC,2027,CA,2.0,,
full-base-200,Natural Gas CC,2027,MISO,14.0,,
full-base-200,Natural Gas CC,2027,NE,1415.0,,
full-base-200,Natural Gas CC,2027,PJM,5.0,,
full-base-200,Natural Gas CC,2027,SOU,4.0,,
full-base-200,Natural Gas CC,2027,SPP,3.0,,
full-base-200,Natural Gas CC,2027,TRE,3.0,,
full-base-200,Natural Gas CC,2027,WECC,4.0,,
full-base-200,Natural Gas CT,2027,CA,0.0,,
full-base-200,Natural Gas CT,2027,MISO,1.0,,
full-base-200,Natural Gas CT,2027,NE,1.0,,
full-base-200,Natural Gas CT,2027,PJM,3.0,,
full-base-200,Natural Gas CT,2027,SOU,1.0,,
full-base-200,Natural Gas CT,2027,SPP,2.0,,
full-base-200,Natural Gas CT,2027,TRE,2.0,,
full-base-200,Natural Gas CT,2027,WECC,3.0,,
full-base-200,Nuclear,2027,CA,0.0,,
full-base-200,Nuclear,2027,MISO,0.0,,
full-base-200,Nuclear,2027,NE,0.0,,
full-base-200,Nuclear,2027,PJM,0.0,,
full-base-200,Nuclear,2027,SOU,0.0,,
full-base-200,Nuclear,2027,SPP,0.0,,
full-base-200,Nuclear,2027,TRE,0.0,,
full-base-200,Nuclear,2027,WECC,0.0,,
full-base-200,Solar,2027,CA,11.0,,
full-base-200,Solar,2027,MISO,29.0,,
full-base-200,Solar,2027,NE,0.0,,
full-base-200,Solar,2027,PJM,10.0,,
full-base-200,Solar,2027,SOU,18.0,,
full-base-200,Solar,2027,SPP,17.0,,
full-base-200,Solar,2027,TRE,0.0,,
full-base-200,Solar,2027,WECC,57.5,,
full-base-200,Wind,2027,CA,1.0,,
full-base-200,Wind,2027,MISO,43441.5,,
full-base-200,Wind,2027,NE,2173.8,,
full-base-200,Wind,2027,PJM,10672.0,,
full-base-200,Wind,2027,SOU,1448.2,,
full-base-200,Wind,2027,SPP,14640.0,,
full-base-200,Wind,2027,TRE,18486.5,,
full-base-200,Wind,2027,WECC,26879.2,,
full-base-200,Battery,2030,CA,39.0,,
full-base-200,Battery,2030,MISO,110.0,,
full-base-200,Battery,2030,NE,66.0,,
full-base-200,Battery,2030,PJM,83.0,,
full-base-200,Battery,2030,SOU,60.0,,
full-base-200,Battery,2030,SPP,72.0,,
full-base-200,Battery,2030,TRE,47.0,,
full-base-200,Battery,2030,WECC,94.0,,
full-base-200,CCS,2030,CA,5645.8,,
full-base-200,CCS,2030,MISO,13260.8,,
full-base-200,CCS,2030,NE,,,
full-base-200,CCS,2030,PJM,18738.5,,
full-base-200,CCS,2030,SOU,28501.5,,
full-base-200,CCS,2030,SPP,63.0,,
full-base-200,CCS,2030,TRE,8519.5,,
full-base-200,CCS,2030,WECC,46.0,,
full-base-200,Hydrogen,2030,CA,21.0,,
full-base-200,Hydrogen,2030,MISO,59.0,,
full-base-200,Hydrogen,2030,NE,38.0,,
full-base-200,Hydrogen,2030,PJM,44.0,,
full-base-200,Hydrogen,2030,SOU,36.0,,
full-base-200,Hydrogen,2030,SPP,36.0,,
full-base-200,Hydrogen,2030,TRE,26.0,,
full-base-200,Hydrogen,2030,WECC,49.0,,
full-base-200,Natural Gas CC,2030,CA,15.0,,
full-base-200,Natural Gas CC,2030,MISO,44.0,,
full-base-200,Natural Gas CC,2030,NE,1013.0,,
full-base-200,Natural Gas CC,2030,PJM,39.0,,
full-base-200,Natural Gas CC,2030,SOU,28.0,,
full-base-200,Natural Gas CC,2030,SPP,28.0,,
full-base-200,Natural Gas CC,2030,TRE,23.0,,
full-base-200,Natural Gas CC,2030,WECC,38.0,,
full-base-200,Natural Gas CT,2030,CA,11.0,,
full-base-200,Natural Gas CT,2030,MISO,30.0,,
full-base-200,Natural Gas CT,2030,NE,20.0,,
full-base-200,Natural Gas CT,2030,PJM,20.0,,
full-base-200,Natural Gas CT,2030,SOU,20.0,,
full-base-200,Natural Gas CT,2030,SPP,18.0,,
full-base-200,Natural Gas CT,2030,TRE,12.0,,
full-base-200,Natural Gas CT,2030,WECC,24.0,,
full-base-200,Nuclear,2030,CA,4.0,,
full-base-200,Nuclear,2030,MISO,13.0,,
full-base-200,Nuclear,2030,NE,8.0,,
full-base-200,Nuclear,2030,PJM,11.0,,
full-base-200,Nuclear,2030,SOU,10.0,,
full-base-200,Nuclear,2030,SPP,8.0,,
full-base-200,Nuclear,2030,TRE,6.0,,
full-base-200,Nuclear,2030,WECC,9.0,,
full-base-200,Solar,2030,CA,19848.5,,
full-base-200,Solar,2030,MISO,58045.2,,
full-base-200,Solar,2030,NE,10414.2,,
full-base-200,Solar,2030,PJM,62963.2,,
full-base-200,Solar,2030,SOU,52543.0,,
full-base-200,Solar,2030,SPP,12446.8,,
full-base-200,Solar,2030,TRE,9024.5,,
full-base-200,Solar,2030,WECC,22524.2,,
full-base-200,Wind,2030,CA,977.8,,
full-base-200,Wind,2030,MISO,55670.5,,
full-base-200,Wind,2030,NE,25820.8,,
full-base-200,Wind,2030,PJM,20027.0,,
full-base-200,Wind,2030,SOU,23914.2,,
full-base-200,Wind,2030,SPP,47142.0,,
full-base-200,Wind,2030,TRE,27093.8,,
full-base-200,Wind,2030,WECC,41944.0,,
full-base-200,Battery,2035,CA,5.3,,
full-base-200,Battery,2035,MISO,28.0,,
full-base-200,Battery,2035,NE,2918.8,,
full-base-200,Battery,2035,PJM,32.7,,
full-base-200,Battery,2035,SOU,25.7,,
full-base-200,Battery,2035,SPP,17.0,,
full-base-200,Battery,2035,TRE,8.7,,
full-base-200,Battery,2035,WECC,28.0,,
full-base-200,CCS,2035,CA,12143.0,,
full-base-200,CCS,2035,MISO,31215.8,,
full-base-200,CCS,2035,NE,,,
full-base-200,CCS,2035,PJM,27666.2,,
full-base-200,CCS,2035,SOU,18963.5,,
full-base-200,CCS,2035,SPP,25.7,,
full-base-200,CCS,2035,TRE,12407.8,,
full-base-200,CCS,2035,WECC,538.3,,
full-base-200,Hydrogen,2035,CA,-5.0,,
full-base-200,Hydrogen,2035,MISO,-18.5,,
full-base-200,Hydrogen,2035,NE,8.7,,
full-base-200,Hydrogen,2035,PJM,-11.5,,
full-base-200,Hydrogen,2035,SOU,-13.0,,
full-base-200,Hydrogen,2035,SPP,-12.0,,
full-base-200,Hydrogen,2035,TRE,-9.0,,
full-base-200,Hydrogen,2035,WECC,-14.0,,
full-base-200,Natural Gas CC,2035,CA,0.5,,
full-base-200,Natural Gas CC,2035,MISO,1.0,,
full-base-200,Natural Gas CC,2035,NE,8735.0,,
full-base-200,Natural Gas CC,2035,PJM,0.0,,
full-base-200,Natural Gas CC,2035,SOU,0.5,,
full-base-200,Natural Gas CC,2035,SPP,0.5,,
full-base-200,Natural Gas CC,2035,TRE,0.5,,
full-base-200,Natural Gas CC,2035,WECC,0.0,,
full-base-200,Natural Gas CT,2035,CA,-4.0,,
full-base-200,Natural Gas CT,2035,MISO,-10.5,,
full-base-200,Natural Gas CT,2035,NE,4.2,,
full-base-200,Natural Gas CT,2035,PJM,-5.5,,
full-base-200,Natural Gas CT,2035,SOU,-8.5,,
full-base-200,Natural Gas CT,2035,SPP,-7.0,,
full-base-200,Natural Gas CT,2035,TRE,-5.0,,
full-base-200,Natural Gas CT,2035,WECC,-9.0,,
full-base-200,Nuclear,2035,CA,0.0,,
full-base-200,Nuclear,2035,MISO,0.0,,
full-base-200,Nuclear,2035,NE,0.0,,
full-base-200,Nuclear,2035,PJM,0.0,,
full-base-200,Nuclear,2035,SOU,0.0,,
full-base-200,Nuclear,2035,SPP,0.5,,
full-base-200,Nuclear,2035,TRE,0.0,,
full-base-200,Nuclear,2035,WECC,0.5,,
full-base-200,Solar,2035,CA,9144.2,,
full-base-200,Solar,2035,MISO,21100.8,,
full-base-200,Solar,2035,NE,8122.5,,
full-base-200,Solar,2035,PJM,29704.2,,
full-base-200,Solar,2035,SOU,25540.8,,
full-base-200,Solar,2035,SPP,12113.5,,
full-base-200,Solar,2035,TRE,13008.2,,
full-base-200,Solar,2035,WECC,24549.0,,
full-base-200,Wind,2035,CA,468.5,,
full-base-200,Wind,2035,MISO,7382.5,,
full-base-200,Wind,2035,NE,9060.0,,
full-base-200,Wind,2035,PJM,3792.5,,
full-base-200,Wind,2035,SOU,2202.8,,
full-base-200,Wind,2035,SPP,13593.0,,
full-base-200,Wind,2035,TRE,9898.5,,
full-base-200,Wind,2035,WECC,25978.5,,
full-base-200,Battery,2040,CA,1939.0,,
full-base-200,Battery,2040,MISO,88.7,,
full-base-200,Battery,2040,NE,7886.5,,
full-base-200,Battery,2040,PJM,2077.5,,
full-base-200,Battery,2040,SOU,97.0,,
full-base-200,Battery,2040,SPP,55.7,,
full-base-200,Battery,2040,TRE,34.7,,
full-base-200,Battery,2040,WECC,1748.2,,
full-base-200,CCS,2040,CA,8822.0,,
full-base-200,CCS,2040,MISO,14092.8,,
full-base-200,CCS,2040,NE,,,
full-base-200,CCS,2040,PJM,14826.0,,
full-base-200,CCS,2040,SOU,9451.5,,
full-base-200,CCS,2040,SPP,27.3,,
full-base-200,CCS,2040,TRE,5537.0,,
full-base-200,CCS,2040,WECC,5970.2,,
full-base-200,Hydrogen,2040,CA,0.0,,
full-base-200,Hydrogen,2040,MISO,1.0,,
full-base-200,Hydrogen,2040,NE,9.7,,
full-base-200,Hydrogen,2040,PJM,1.5,,
full-base-200,Hydrogen,2040,SOU,2.0,,
full-base-200,Hydrogen,2040,SPP,1.5,,
full-base-200,Hydrogen,2040,TRE,0.5,,
full-base-200,Hydrogen,2040,WECC,2.5,,
full-base-200,Natural Gas CC,2040,CA,0.0,,
full-base-200,Natural Gas CC,2040,MISO,0.0,,
full-base-200,Natural Gas CC,2040,NE,2383.2,,
full-base-200,Natural Gas CC,2040,PJM,0.5,,
full-base-200,Natural Gas CC,2040,SOU,0.5,,
full-base-200,Natural Gas CC,2040,SPP,0.0,,
full-base-200,Natural Gas CC,2040,TRE,0.0,,
full-base-200,Natural Gas CC,2040,WECC,0.5,,
full-base-200,Natural Gas CT,2040,CA,0.5,,
full-base-200,Natural Gas CT,2040,MISO,0.0,,
full-base-200,Natural Gas CT,2040,NE,704.5,,
full-base-200,Natural Gas CT,2040,PJM,0.0,,
full-base-200,Natural Gas CT,2040,SOU,1.0,,
full-base-200,Natural Gas CT,2040,SPP,0.0,,
full-base-200,Natural Gas CT,2040,TRE,0.5,,
full-base-200,Natural Gas CT,2040,WECC,0.0,,
full-base-200,Nuclear,2040,CA,0.5,,
full-base-200,Nuclear,2040,MISO,1.0,,
full-base-200,Nuclear,2040,NE,0.0,,
full-base-200,Nuclear,2040,PJM,0.0,,
full-base-200,Nuclear,2040,SOU,0.0,,
full-base-200,Nuclear,2040,SPP,0.0,,
full-base-200,Nuclear,2040,TRE,0.0,,
full-base-200,Nuclear,2040,WECC,0.5,,
full-base-200,Solar,2040,CA,4150.8,,
full-base-200,Solar,2040,MISO,21628.2,,
full-base-200,Solar,2040,NE,12527.8,,
full-base-200,Solar,2040,PJM,17989.2,,
full-base-200,Solar,2040,SOU,20591.2,,
full-base-200,Solar,2040,SPP,3205.8,,
full-base-200,Solar,2040,TRE,6981.2,,
full-base-200,Solar,2040,WECC,22469.5,,
full-base-200,Wind,2040,CA,490.0,,
full-base-200,Wind,2040,MISO,13154.2,,
full-base-200,Wind,2040,NE,4916.0,,
full-base-200,Wind,2040,PJM,821.8,,
full-base-200,Wind,2040,SOU,5496.2,,
full-base-200,Wind,2040,SPP,10988.2,,
full-base-200,Wind,2040,TRE,11245.5,,
full-base-200,Wind,2040,WECC,16076.5,,
full-base-200,Battery,2045,CA,3347.2,,
full-base-200,Battery,2045,MISO,2601.0,,
full-base-200,Battery,2045,NE,5128.2,,
full-base-200,Battery,2045,PJM,8015.8,,
full-base-200,Battery,2045,SOU,877.0,,
full-base-200,Battery,2045,SPP,65.3,,
full-base-200,Battery,2045,TRE,53.0,,
full-base-200,Battery,2045,WECC,11607.8,,
full-base-200,CCS,2045,CA,7415.5,,
full-base-200,CCS,2045,MISO,17114.5,,
full-base-200,CCS,2045,NE,,,
full-base-200,CCS,2045,PJM,11322.0,,
full-base-200,CCS,2045,SOU,11099.5,,
full-base-200,CCS,2045,SPP,14.7,,
full-base-200,CCS,2045,TRE,4033.0,,
full-base-200,CCS,2045,WECC,4959.2,,
full-base-200,Hydrogen,2045,CA,1.0,,
full-base-200,Hydrogen,2045,MISO,1.5,,
full-base-200,Hydrogen,2045,NE,6.0,,
full-base-200,Hydrogen,2045,PJM,1.5,,
full-base-200,Hydrogen,2045,SOU,0.0,,
full-base-200,Hydrogen,2045,SPP,0.5,,
full-base-200,Hydrogen,2045,TRE,0.5,,
full-base-200,Hydrogen,2045,WECC,1.0,,
full-base-200,Natural Gas CC,2045,CA,0.0,,
full-base-200,Natural Gas CC,2045,MISO,0.0,,
full-base-200,Natural Gas CC,2045,NE,1255.2,,
full-base-200,Natural Gas CC,2045,PJM,0.5,,
full-base-200,Natural Gas CC,2045,SOU,0.0,,
full-base-200,Natural Gas CC,2045,SPP,0.0,,
full-base-200,Natural Gas CC,2045,TRE,0.0,,
full-base-200,Natural Gas CC,2045,WECC,0.0,,
full-base-200,Natural Gas CT,2045,CA,0.0,,
full-base-200,Natural Gas CT,2045,MISO,0.0,,
full-base-200,Natural Gas CT,2045,NE,2.5,,
full-base-200,Natural Gas CT,2045,PJM,1.0,,
full-base-200,Natural Gas CT,2045,SOU,0.5,,
full-base-200,Natural Gas CT,2045,SPP,0.0,,
full-base-200,Natural Gas CT,2045,TRE,1.0,,
full-base-200,Natural Gas CT,2045,WECC,0.5,,
full-base-200,Nuclear,2045,CA,0.5,,
full-base-200,Nuclear,2045,MISO,0.0,,
full-base-200,Nuclear,2045,NE,0.0,,
full-base-200,Nuclear,2045,PJM,0.5,,
full-base-200,Nuclear,2045,SOU,0.0,,
full-base-200,Nuclear,2045,SPP,0.0,,
full-base-200,Nuclear,2045,TRE,0.0,,
full-base-200,Nuclear,2045,WECC,0.0,,
full-base-200,Solar,2045,CA,13895.2,,
full-base-200,Solar,2045,MISO,25280.0,,
full-base-200,Solar,2045,NE,10765.5,,
full-base-200,Solar,2045,PJM,19756.8,,
full-base-200,Solar,2045,SOU,20871.2,,
full-base-200,Solar,2045,SPP,4077.8,,
full-base-200,Solar,2045,TRE,9270.2,,
full-base-200,Solar,2045,WECC,37377.5,,
full-base-200,Wind,2045,CA,176.8,,
full-base-200,Wind,2045,MISO,13010.0,,
full-base-200,Wind,2045,NE,2551.8,,
full-base-200,Wind,2045,PJM,1208.0,,
full-base-200,Wind,2045,SOU,6341.2,,
full-base-200,Wind,2045,SPP,19744.5,,
full-base-200,Wind,2045,TRE,15052.8,,
full-base-200,Wind,2045,WECC,14868.5,,
full-base-200,Battery,2050,CA,8098.8,10546.0,16341.0
full-base-200,Battery,2050,MISO,13752.0,14981.0,19409.0
full-base-200,Battery,2050,NE,3354.5,18200.0,20214.0
full-base-200,Battery,2050,PJM,10264.5,16620.0,26219.0
full-base-200,Battery,2050,SOU,9064.5,6884.0,13137.0
full-base-200,Battery,2050,SPP,4669.2,4159.0,5258.0
full-base-200,Battery,2050,TRE,4850.5,4499.0,5565.0
full-base-200,Battery,2050,WECC,20203.8,27890.0,37913.0
full-base-200,CCS,2050,CA,1087.8,31475.0,37871.0
full-base-200,CCS,2050,MISO,11693.8,85205.0,89586.0
full-base-200,CCS,2050,NE,,0.0,0.0
full-base-200,CCS,2050,PJM,3388.0,68621.0,79554.0
full-base-200,CCS,2050,SOU,3661.2,69772.0,74074.0
full-base-200,CCS,2050,SPP,152.8,0.0,531.0
full-base-200,CCS,2050,TRE,4957.2,34942.0,36605.0
full-base-200,CCS,2050,WECC,2160.5,11453.0,15115.0
full-base-200,Hydrogen,2050,CA,0.0,0.0,13.0
full-base-200,Hydrogen,2050,MISO,1.5,0.0,30.0
full-base-200,Hydrogen,2050,NE,-2.0,0.0,57.0
full-base-200,Hydrogen,2050,PJM,1.0,0.0,29.0
full-base-200,Hydrogen,2050,SOU,0.5,0.0,15.0
full-base-200,Hydrogen,2050,SPP,0.5,0.0,17.0
full-base-200,Hydrogen,2050,TRE,0.0,0.0,10.0
full-base-200,Hydrogen,2050,WECC,1.5,0.0,31.0
full-base-200,Natural Gas CC,2050,CA,0.0,0.0,18.0
full-base-200,Natural Gas CC,2050,MISO,1.0,0.0,62.0
full-base-200,Natural Gas CC,2050,NE,4.5,11380.0,20004.0
full-base-200,Natural Gas CC,2050,PJM,1.0,0.0,48.0
full-base-200,Natural Gas CC,2050,SOU,0.5,0.0,35.0
full-base-200,Natural Gas CC,2050,SPP,0.5,0.0,33.0
full-base-200,Natural Gas CC,2050,TRE,0.0,0.0,27.0
full-base-200,Natural Gas CC,2050,WECC,1.0,0.0,45.0
full-base-200,Natural Gas CT,2050,CA,0.5,0.0,5.0
full-base-200,Natural Gas CT,2050,MISO,0.5,0.0,11.0
full-base-200,Natural Gas CT,2050,NE,-0.8,0.0,2806.0
full-base-200,Natural Gas CT,2050,PJM,0.0,0.0,14.0
full-base-200,Natural Gas CT,2050,SOU,0.0,0.0,7.0
full-base-200,Natural Gas CT,2050,SPP,0.0,0.0,6.0
full-base-200,Natural Gas CT,2050,TRE,0.5,0.0,8.0
full-base-200,Natural Gas CT,2050,WECC,1.5,0.0,13.0
full-base-200,Nuclear,2050,CA,0.0,0.0,6.0
full-base-200,Nuclear,2050,MISO,0.0,0.0,15.0
full-base-200,Nuclear,2050,NE,0.5,0.0,9.0
full-base-200,Nuclear,2050,PJM,0.0,0.0,12.0
full-base-200,Nuclear,2050,SOU,0.5,0.0,11.0
full-base-200,Nuclear,2050,SPP,0.0,0.0,9.0
full-base-200,Nuclear,2050,TRE,0.0,0.0,6.0
full-base-200,Nuclear,2050,WECC,0.5,0.0,12.0
full-base-200,Solar,2050,CA,23907.0,68908.0,74207.0
full-base-200,Solar,2050,MISO,14207.5,137949.0,142051.0
full-base-200,Solar,2050,NE,8085.8,46687.0,53035.0
full-base-200,Solar,2050,PJM,24172.5,150014.0,156413.0
full-base-200,Solar,2050,SOU,35834.2,150938.0,159400.0
full-base-200,Solar,2050,SPP,5982.2,36051.0,39133.0
full-base-200,Solar,2050,TRE,14059.2,50927.0,55022.0
full-base-200,Solar,2050,WECC,27202.0,132151.0,137579.0
full-base-200,Wind,2050,CA,64.5,1788.0,2705.0
full-base-200,Wind,2050,MISO,7694.2,135946.0,143845.0
full-base-200,Wind,2050,NE,1493.5,44450.0,48012.0
full-base-200,Wind,2050,PJM,994.0,35446.0,39617.0
full-base-200,Wind,2050,SOU,1994.5,39874.0,42158.0
full-base-200,Wind,2050,SPP,11951.8,110062.0,126684.0
full-base-200,Wind,2050,TRE,7550.0,86192.0,92686.0
full-base-200,Wind,2050,WECC,9689.2,131706.0,141145.0
full-base-200-commit,Battery,2027,CA,1.0,,
full-base-200-commit,Battery,2027,MISO,2.5,,
full-base-200-commit,Battery,2027,NE,1.5,,
full-base-200-commit,Battery,2027,PJM,2.0,,
full-base-200-commit,Battery,2027,SOU,1.5,,
full-base-200-commit,Battery,2027,SPP,1.5,,
full-base-200-commit,Battery,2027,TRE,1.0,,
full-base-200-commit,Battery,2027,WECC,2.0,,
full-base-200-commit,CCS,2027,CA,0.0,,
full-base-200-commit,CCS,2027,MISO,1.0,,
full-base-200-commit,CCS,2027,NE,,,
full-base-200-commit,CCS,2027,PJM,0.5,,
full-base-200-commit,CCS,2027,SOU,0.5,,
full-base-200-commit,CCS,2027,SPP,0.0,,
full-base-200-commit,CCS,2027,TRE,0.0,,
full-base-200-commit,CCS,2027,WECC,0.0,,
full-base-200-commit,Hydrogen,2027,CA,0.0,,
full-base-200-commit,Hydrogen,2027,MISO,0.0,,
full-base-200-commit,Hydrogen,2027,NE,1.0,,
full-base-200-commit,Hydrogen,2027,PJM,0.0,,
full-base-200-commit,Hydrogen,2027,SOU,0.0,,
full-base-200-commit,Hydrogen,2027,SPP,0.0,,
full-base-200-commit,Hydrogen,2027,TRE,0.0,,
full-base-200-commit,Hydrogen,2027,WECC,0.0,,
full-base-200-commit,Natural Gas CC,2027,CA,1.0,,
full-base-200-commit,Natural Gas CC,2027,MISO,1347.5,,
full-base-200-commit,Natural Gas CC,2027,NE,333.0,,
full-base-200-commit,Natural Gas CC,2027,PJM,4.0,,
full-base-200-commit,Natural Gas CC,2027,SOU,3.5,,
full-base-200-commit,Natural Gas CC,2027,SPP,2.0,,
full-base-200-commit,Natural Gas CC,2027,TRE,2.0,,
full-base-200-commit,Natural Gas CC,2027,WECC,2.5,,
full-base-200-commit,Natural Gas CT,2027,CA,0.0,,
full-base-200-commit,Natural Gas CT,2027,MISO,2.5,,
full-base-200-commit,Natural Gas CT,2027,NE,1.5,,
full-base-200-commit,Natural Gas CT,2027,PJM,2.0,,
full-base-200-commit,Natural Gas CT,2027,SOU,1.5,,
full-base-200-commit,Natural Gas CT,2027,SPP,1.5,,
full-base-200-commit,Natural Gas CT,2027,TRE,1.0,,
full-base-200-commit,Natural Gas CT,2027,WECC,2.0,,
full-base-200-commit,Nuclear,2027,CA,0.0,,
full-base-200-commit,Nuclear,2027,MISO,0.0,,
full-base-200-commit,Nuclear,2027,NE,0.0,,
full-base-200-commit,Nuclear,2027,PJM,0.0,,
full-base-200-commit,Nuclear,2027,SOU,0.0,,
full-base-200-commit,Nuclear,2027,SPP,0.0,,
full-base-200-commit,Nuclear,2027,TRE,0.0,,
full-base-200-commit,Nuclear,2027,WECC,0.0,,
full-base-200-commit,Solar,2027,CA,4.5,,
full-base-200-commit,Solar,2027,MISO,17.5,,
full-base-200-commit,Solar,2027,NE,0.0,,
full-base-200-commit,Solar,2027,PJM,5.0,,
full-base-200-commit,Solar,2027,SOU,9.0,,
full-base-200-commit,Solar,2027,SPP,9.0,,
full-base-200-commit,Solar,2027,TRE,0.0,,
full-base-200-commit,Solar,2027,WECC,11.0,,
full-base-200-commit,Wind,2027,CA,0.0,,
full-base-200-commit,Wind,2027,MISO,44344.5,,
full-base-200-commit,Wind,2027,NE,2815.5,,
full-base-200-commit,Wind,2027,PJM,11188.0,,
full-base-200-commit,Wind,2027,SOU,2218.0,,
full-base-200-commit,Wind,2027,SPP,15124.5,,
full-base-200-commit,Wind,2027,TRE,16491.0,,
full-base-200-commit,Wind,2027,WECC,30070.5,,
full-base-200-commit,Battery,2030,CA,1.0,,
full-base-200-commit,Battery,2030,MISO,11.0,,
full-base-200-commit,Battery,2030,NE,305.5,,
full-base-200-commit,Battery,2030,PJM,8.0,,
full-base-200-commit,Battery,2030,SOU,250.0,,
full-base-200-commit,Battery,2030,SPP,4.5,,
full-base-200-commit,Battery,2030,TRE,3.0,,
full-base-200-commit,Battery,2030,WECC,3.0,,
full-base-200-commit,CCS,2030,CA,6448.0,,
full-base-200-commit,CCS,2030,MISO,15591.5,,
full-base-200-commit,CCS,2030,NE,,,
full-base-200-commit,CCS,2030,PJM,25210.5,,
full-base-200-commit,CCS,2030,SOU,33304.0,,
full-base-200-commit,CCS,2030,SPP,6.5,,
full-base-200-commit,CCS,2030,TRE,8231.0,,
full-base-200-commit,CCS,2030,WECC,4.0,,
full-base-200-commit,Hydrogen,2030,CA,2.0,,
full-base-200-commit,Hydrogen,2030,MISO,5.0,,
full-base-200-commit,Hydrogen,2030,NE,2.0,,
full-base-200-commit,Hydrogen,2030,PJM,4.0,,
full-base-200-commit,Hydrogen,2030,SOU,3.0,,
full-base-200-commit,Hydrogen,2030,SPP,3.0,,
full-base-200-commit,Hydrogen,2030,TRE,2.0,,
full-base-200-commit,Hydrogen,2030,WECC,4.0,,
full-base-200-commit,Natural Gas CC,2030,CA,0.5,,
full-base-200-commit,Natural Gas CC,2030,MISO,0.0,,
full-base-200-commit,Natural Gas CC,2030,NE,1200.0,,
full-base-200-commit,Natural Gas CC,2030,PJM,2.0,,
full-base-200-commit,Natural Gas CC,2030,SOU,1.0,,
full-base-200-commit,Natural Gas CC,2030,SPP,1.0,,
full-base-200-commit,Natural Gas CC,2030,TRE,2.0,,
full-base-200-commit,Natural Gas CC,2030,WECC,1.5,,
full-base-200-commit,Natural Gas CT,2030,CA,1.0,,
full-base-200-commit,Natural Gas CT,2030,MISO,0.0,,
full-base-200-commit,Natural Gas CT,2030,NE,0.5,,
full-base-200-commit,Natural Gas CT,2030,PJM,0.0,,
full-base-200-commit,Natural Gas CT,2030,SOU,0.0,,
full-base-200-commit,Natural Gas CT,2030,SPP,0.0,,
full-base-200-commit,Natural Gas CT,2030,TRE,0.0,,
full-base-200-commit,Natural Gas CT,2030,WECC,0.0,,
full-base-200-commit,Nuclear,2030,CA,1.0,,
full-base-200-commit,Nuclear,2030,MISO,2.5,,
full-base-200-commit,Nuclear,2030,NE,1.0,,
full-base-200-commit,Nuclear,2030,PJM,2.0,,
full-base-200-commit,Nuclear,2030,SOU,1.5,,
full-base-200-commit,Nuclear,2030,SPP,1.5,,
full-base-200-commit,Nuclear,2030,TRE,1.0,,
full-base-200-commit,Nuclear,2030,WECC,2.0,,
full-base-200-commit,Solar,2030,CA,15934.0,,
full-base-200-commit,Solar,2030,MISO,48504.5,,
full-base-200-commit,Solar,2030,NE,7794.0,,
full-base-200-commit,Solar,2030,PJM,41230.5,,
full-base-200-commit,Solar,2030,SOU,31209.0,,
full-base-200-commit,Solar,2030,SPP,12519.5,,
full-base-200-commit,Solar,2030,TRE,8495.5,,
full-base-200-commit,Solar,2030,WECC,22036.5,,
full-base-200-commit,Wind,2030,CA,915.0,,
full-base-200-commit,Wind,2030,MISO,52477.0,,
full-base-200-commit,Wind,2030,NE,25334.0,,
full-base-200-commit,Wind,2030,PJM,19125.5,,
full-base-200-commit,Wind,2030,SOU,22861.5,,
full-base-200-commit,Wind,2030,SPP,49173.0,,
full-base-200-commit,Wind,2030,TRE,31365.5,,
full-base-200-commit,Wind,2030,WECC,41078.5,,
full-base-200-commit,Battery,2035,CA,1.5,,
full-base-200-commit,Battery,2035,MISO,4425.0,,
full-base-200-commit,Battery,2035,NE,8654.5,,
full-base-200-commit,Battery,2035,PJM,6319.0,,
full-base-200-commit,Battery,2035,SOU,5527.5,,
full-base-200-commit,Battery,2035,SPP,7.5,,
full-base-200-commit,Battery,2035,TRE,9.0,,
full-base-200-commit,Battery,2035,WECC,6.0,,
full-base-200-commit,CCS,2035,CA,11615.0,,
full-base-200-commit,CCS,2035,MISO,31240.5,,
full-base-200-commit,CCS,2035,NE,,,
full-base-200-commit,CCS,2035,PJM,26184.5,,
full-base-200-commit,CCS,2035,SOU,18448.0,,
full-base-200-commit,CCS,2035,SPP,4.0,,
full-base-200-commit,CCS,2035,TRE,11163.5,,
full-base-200-commit,CCS,2035,WECC,538.5,,
full-base-200-commit,Hydrogen,2035,CA,0.0,,
full-base-200-commit,Hydrogen,2035,MISO,0.0,,
full-base-200-commit,Hydrogen,2035,NE,1.0,,
full-base-200-commit,Hydrogen,2035,PJM,0.0,,
full-base-200-commit,Hydrogen,2035,SOU,1.0,,
full-base-200-commit,Hydrogen,2035,SPP,0.0,,
full-base-200-commit,Hydrogen,2035,TRE,0.0,,
full-base-200-commit,Hydrogen,2035,WECC,0.0,,
full-base-200-commit,Natural Gas CC,2035,CA,0.5,,
full-base-200-commit,Natural Gas CC,2035,MISO,0.5,,
full-base-200-commit,Natural Gas CC,2035,NE,3750.5,,
full-base-200-commit,Natural Gas CC,2035,PJM,1.5,,
full-base-200-commit,Natural Gas CC,2035,SOU,0.0,,
full-base-200-commit,Natural Gas CC,2035,SPP,1.0,,
full-base-200-commit,Natural Gas CC,2035,TRE,0.0,,
full-base-200-commit,Natural Gas CC,2035,WECC,0.0,,
full-base-200-commit,Natural Gas CT,2035,CA,0.0,,
full-base-200-commit,Natural Gas CT,2035,MISO,0.0,,
full-base-200-commit,Natural Gas CT,2035,NE,0.0,,
full-base-200-commit,Natural Gas CT,2035,PJM,0.0,,
full-base-200-commit,Natural Gas CT,2035,SOU,0.0,,
full-base-200-commit,Natural Gas CT,2035,SPP,0.0,,
full-base-200-commit,Natural Gas CT,2035,TRE,0.0,,
full-base-200-commit,Natural Gas CT,2035,WECC,0.0,,
full-base-200-commit,Nuclear,2035,CA,0.0,,
full-base-200-commit,Nuclear,2035,MISO,0.0,,
full-base-200-commit,Nuclear,2035,NE,0.0,,
full-base-200-commit,Nuclear,2035,PJM,0.0,,
full-base-200-commit,Nuclear,2035,SOU,0.0,,
full-base-200-commit,Nuclear,2035,SPP,0.0,,
full-base-200-commit,Nuclear,2035,TRE,0.0,,
full-base-200-commit,Nuclear,2035,WECC,0.0,,
full-base-200-commit,Solar,2035,CA,7311.0,,
full-base-200-commit,Solar,2035,MISO,18248.0,,
full-base-200-commit,Solar,2035,NE,11676.5,,
full-base-200-commit,Solar,2035,PJM,22384.0,,
full-base-200-commit,Solar,2035,SOU,23139.5,,
full-base-200-commit,Solar,2035,SPP,10944.5,,
full-base-200-commit,Solar,2035,TRE,9893.0,,
full-base-200-commit,Solar,2035,WECC,24891.0,,
full-base-200-commit,Wind,2035,CA,447.5,,
full-base-200-commit,Wind,2035,MISO,9649.0,,
full-base-200-commit,Wind,2035,NE,8575.0,,
full-base-200-commit,Wind,2035,PJM,4179.5,,
full-base-200-commit,Wind,2035,SOU,3960.5,,
full-base-200-commit,Wind,2035,SPP,14298.0,,
full-base-200-commit,Wind,2035,TRE,13729.5,,
full-base-200-commit,Wind,2035,WECC,25241.5,,
full-base-200-commit,Battery,2040,CA,11880.5,,
full-base-200-commit,Battery,2040,MISO,10539.5,,
full-base-200-commit,Battery,2040,NE,5527.0,,
full-base-200-commit,Battery,2040,PJM,9843.0,,
full-base-200-commit,Battery,2040,SOU,12779.5,,
full-base-200-commit,Battery,2040,SPP,212.0,,
full-base-200-commit,Battery,2040,TRE,6228.0,,
full-base-200-commit,Battery,2040,WECC,7163.0,,
full-base-200-commit,CCS,2040,CA,4201.0,,
full-base-200-commit,CCS,2040,MISO,11578.5,,
full-base-200-commit,CCS,2040,NE,,,
full-base-200-commit,CCS,2040,PJM,11763.0,,
full-base-200-commit,CCS,2040,SOU,5493.5,,
full-base-200-commit,CCS,2040,SPP,36.0,,
full-base-200-commit,CCS,2040,TRE,4586.5,,
full-base-200-commit,CCS,2040,WECC,4132.0,,
full-base-200-commit,Hydrogen,2040,CA,5.0,,
full-base-200-commit,Hydrogen,2040,MISO,12.5,,
full-base-200-commit,Hydrogen,2040,NE,13.5,,
full-base-200-commit,Hydrogen,2040,PJM,10.0,,
full-base-200-commit,Hydrogen,2040,SOU,6.5,,
full-base-200-commit,Hydrogen,2040,SPP,7.5,,
full-base-200-commit,Hydrogen,2040,TRE,5.0,,
full-base-200-commit,Hydrogen,2040,WECC,11.5,,
full-base-200-commit,Natural Gas CC,2040,CA,2.0,,
full-base-200-commit,Natural Gas CC,2040,MISO,5.5,,
full-base-200-commit,Natural Gas CC,2040,NE,2705.5,,
full-base-200-commit,Natural Gas CC,2040,PJM,4.0,,
full-base-200-commit,Natural Gas CC,2040,SOU,3.5,,
full-base-200-commit,Natural Gas CC,2040,SPP,3.5,,
full-base-200-commit,Natural Gas CC,2040,TRE,2.0,,
full-base-200-commit,Natural Gas CC,2040,WECC,7.0,,
full-base-200-commit,Natural Gas CT,2040,CA,2.0,,
full-base-200-commit,Natural Gas CT,2040,MISO,5.0,,
full-base-200-commit,Natural Gas CT,2040,NE,6.0,,
full-base-200-commit,Natural Gas CT,2040,PJM,4.0,,
full-base-200-commit,Natural Gas CT,2040,SOU,3.0,,
full-base-200-commit,Natural Gas CT,2040,SPP,3.0,,
full-base-200-commit,Natural Gas CT,2040,TRE,2.0,,
full-base-200-commit,Natural Gas CT,2040,WECC,4.0,,
full-base-200-commit,Nuclear,2040,CA,1.0,,
full-base-200-commit,Nuclear,2040,MISO,2.5,,
full-base-200-commit,Nuclear,2040,NE,3.0,,
full-base-200-commit,Nuclear,2040,PJM,3.0,,
full-base-200-commit,Nuclear,2040,SOU,3.0,,
full-base-200-commit,Nuclear,2040,SPP,1.5,,
full-base-200-commit,Nuclear,2040,TRE,1.0,,
full-base-200-commit,Nuclear,2040,WECC,2.0,,
full-base-200-commit,Solar,2040,CA,10661.5,,
full-base-200-commit,Solar,2040,MISO,20957.0,,
full-base-200-commit,Solar,2040,NE,10393.0,,
full-base-200-commit,Solar,2040,PJM,26232.0,,
full-base-200-commit,Solar,2040,SOU,28405.5,,
full-base-200-commit,Solar,2040,SPP,5595.0,,
full-base-200-commit,Solar,2040,TRE,11048.5,,
full-base-200-commit,Solar,2040,WECC,23074.0,,
full-base-200-commit,Wind,2040,CA,445.0,,
full-base-200-commit,Wind,2040,MISO,11048.0,,
full-base-200-commit,Wind,2040,NE,5646.0,,
full-base-200-commit,Wind,2040,PJM,361.0,,
full-base-200-commit,Wind,2040,SOU,5387.0,,
full-base-200-commit,Wind,2040,SPP,12272.0,,
full-base-200-commit,Wind,2040,TRE,9913.0,,
full-base-200-commit,Wind,2040,WECC,18680.5,,
full-base-200-commit,Battery,2045,CA,6535.0,,
full-base-200-commit,Battery,2045,MISO,10693.0,,
full-base-200-commit,Battery,2045,NE,4863.0,,
full-base-200-commit,Battery,2045,PJM,7405.0,,
full-base-200-commit,Battery,2045,SOU,11876.5,,
full-base-200-commit,Battery,2045,SPP,930.5,,
full-base-200-commit,Battery,2045,TRE,3066.0,,
full-base-200-commit,Battery,2045,WECC,11978.5,,
full-base-200-commit,CCS,2045,CA,6307.0,,
full-base-200-commit,CCS,2045,MISO,13622.5,,
full-base-200-commit,CCS,2045,NE,,,
full-base-200-commit,CCS,2045,PJM,12237.5,,
full-base-200-commit,CCS,2045,SOU,7506.0,,
full-base-200-commit,CCS,2045,SPP,10.5,,
full-base-200-commit,CCS,2045,TRE,3669.0,,
full-base-200-commit,CCS,2045,WECC,4269.5,,
full-base-200-commit,Hydrogen,2045,CA,2.5,,
full-base-200-commit,Hydrogen,2045,MISO,8.5,,
full-base-200-commit,Hydrogen,2045,NE,5.5,,
full-base-200-commit,Hydrogen,2045,PJM,6.5,,
full-base-200-commit,Hydrogen,2045,SOU,2.0,,
full-base-200-commit,Hydrogen,2045,SPP,7.0,,
full-base-200-commit,Hydrogen,2045,TRE,5.5,,
full-base-200-commit,Hydrogen,2045,WECC,4.5,,
full-base-200-commit,Natural Gas CC,2045,CA,3.0,,
full-base-200-commit,Natural Gas CC,2045,MISO,7.0,,
full-base-200-commit,Natural Gas CC,2045,NE,568.5,,
full-base-200-commit,Natural Gas CC,2045,PJM,3.5,,
full-base-200-commit,Natural Gas CC,2045,SOU,2.5,,
full-base-200-commit,Natural Gas CC,2045,SPP,5.0,,
full-base-200-commit,Natural Gas CC,2045,TRE,2.5,,
full-base-200-commit,Natural Gas CC,2045,WECC,3.5,,
full-base-200-commit,Natural Gas CT,2045,CA,1.0,,
full-base-200-commit,Natural Gas CT,2045,MISO,4.0,,
full-base-200-commit,Natural Gas CT,2045,NE,3.0,,
full-base-200-commit,Natural Gas CT,2045,PJM,2.0,,
full-base-200-commit,Natural Gas CT,2045,SOU,3.0,,
full-base-200-commit,Natural Gas CT,2045,SPP,3.0,,
full-base-200-commit,Natural Gas CT,2045,TRE,2.0,,
full-base-200-commit,Natural Gas CT,2045,WECC,3.0,,
full-base-200-commit,Nuclear,2045,CA,0.5,,
full-base-200-commit,Nuclear,2045,MISO,1.5,,
full-base-200-commit,Nuclear,2045,NE,2.0,,
full-base-200-commit,Nuclear,2045,PJM,2.5,,
full-base-200-commit,Nuclear,2045,SOU,1.0,,
full-base-200-commit,Nuclear,2045,SPP,0.0,,
full-base-200-commit,Nuclear,2045,TRE,2.5,,
full-base-200-commit,Nuclear,2045,WECC,1.5,,
full-base-200-commit,Solar,2045,CA,14857.0,,
full-base-200-commit,Solar,2045,MISO,22197.5,,
full-base-200-commit,Solar,2045,NE,9992.5,,
full-base-200-commit,Solar,2045,PJM,21792.0,,
full-base-200-commit,Solar,2045,SOU,27613.5,,
full-base-200-commit,Solar,2045,SPP,5343.5,,
full-base-200-commit,Solar,2045,TRE,9203.0,,
full-base-200-commit,Solar,2045,WECC,36433.0,,
full-base-200-commit,Wind,2045,CA,421.0,,
full-base-200-commit,Wind,2045,MISO,14025.5,,
full-base-200-commit,Wind,2045,NE,2711.5,,
full-base-200-commit,Wind,2045,PJM,1914.5,,
full-base-200-commit,Wind,2045,SOU,5538.5,,
full-base-200-commit,Wind,2045,SPP,19757.0,,
full-base-200-commit,Wind,2045,TRE,15071.5,,
full-base-200-commit,Wind,2045,WECC,15494.0,,
full-base-200-commit,Battery,2050,CA,7470.0,25393.0,26385.0
full-base-200-commit,Battery,2050,MISO,14966.5,38029.0,43246.0
full-base-200-commit,Battery,2050,NE,2819.0,21770.0,22571.0
full-base-200-commit,Battery,2050,PJM,8025.0,31032.0,32172.0
full-base-200-commit,Battery,2050,SOU,15435.0,44180.0,47560.0
full-base-200-commit,Battery,2050,SPP,1849.5,2919.0,3092.0
full-base-200-commit,Battery,2050,TRE,4363.0,13169.0,14171.0
full-base-200-commit,Battery,2050,WECC,16564.5,35199.0,36235.0
full-base-200-commit,CCS,2050,CA,1066.0,29569.0,29705.0
full-base-200-commit,CCS,2050,MISO,3006.0,74369.0,75711.0
full-base-200-commit,CCS,2050,NE,,0.0,0.0
full-base-200-commit,CCS,2050,PJM,5052.0,80231.0,80665.0
full-base-200-commit,CCS,2050,SOU,1911.0,65821.0,67505.0
full-base-200-commit,CCS,2050,SPP,84.5,4.0,279.0
full-base-200-commit,CCS,2050,TRE,2083.0,29622.0,29844.0
full-base-200-commit,CCS,2050,WECC,2129.5,10923.0,11224.0
full-base-200-commit,Hydrogen,2050,CA,13.0,0.0,45.0
full-base-200-commit,Hydrogen,2050,MISO,36.0,0.0,124.0
full-base-200-commit,Hydrogen,2050,NE,28.0,0.0,102.0
full-base-200-commit,Hydrogen,2050,PJM,27.5,0.0,96.0
full-base-200-commit,Hydrogen,2050,SOU,26.5,0.0,78.0
full-base-200-commit,Hydrogen,2050,SPP,21.5,0.0,78.0
full-base-200-commit,Hydrogen,2050,TRE,14.0,0.0,53.0
full-base-200-commit,Hydrogen,2050,WECC,38.0,0.0,116.0
full-base-200-commit,Natural Gas CC,2050,CA,8.0,0.0,30.0
full-base-200-commit,Natural Gas CC,2050,MISO,20.0,1258.0,1503.0
full-base-200-commit,Natural Gas CC,2050,NE,19.0,8139.0,9014.0
full-base-200-commit,Natural Gas CC,2050,PJM,21.0,2.0,70.0
full-base-200-commit,Natural Gas CC,2050,SOU,16.0,1.0,52.0
full-base-200-commit,Natural Gas CC,2050,SPP,15.5,0.0,56.0
full-base-200-commit,Natural Gas CC,2050,TRE,11.0,1.0,38.0
full-base-200-commit,Natural Gas CC,2050,WECC,27.5,0.0,84.0
full-base-200-commit,Natural Gas CT,2050,CA,5.5,0.0,19.0
full-base-200-commit,Natural Gas CT,2050,MISO,16.5,0.0,56.0
full-base-200-commit,Natural Gas CT,2050,NE,10.0,0.0,42.0
full-base-200-commit,Natural Gas CT,2050,PJM,14.0,0.0,44.0
full-base-200-commit,Natural Gas CT,2050,SOU,9.0,0.0,33.0
full-base-200-commit,Natural Gas CT,2050,SPP,10.0,0.0,35.0
full-base-200-commit,Natural Gas CT,2050,TRE,7.0,0.0,24.0
full-base-200-commit,Natural Gas CT,2050,WECC,15.5,0.0,49.0
full-base-200-commit,Nuclear,2050,CA,3.5,0.0,12.0
full-base-200-commit,Nuclear,2050,MISO,9.0,0.0,31.0
full-base-200-commit,Nuclear,2050,NE,4.5,0.0,21.0
full-base-200-commit,Nuclear,2050,PJM,5.5,0.0,26.0
full-base-200-commit,Nuclear,2050,SOU,5.5,0.0,22.0
full-base-200-commit,Nuclear,2050,SPP,6.0,0.0,18.0
full-base-200-commit,Nuclear,2050,TRE,8.0,0.0,25.0
full-base-200-commit,Nuclear,2050,WECC,8.0,0.0,27.0
full-base-200-commit,Solar,2050,CA,21262.5,69825.0,70236.0
full-base-200-commit,Solar,2050,MISO,26823.0,133426.0,140069.0
full-base-200-commit,Solar,2050,NE,8690.0,47806.0,49286.0
full-base-200-commit,Solar,2050,PJM,18625.5,127732.0,132806.0
full-base-200-commit,Solar,2050,SOU,39735.5,145824.0,154400.0
full-base-200-commit,Solar,2050,SPP,7996.5,40910.0,43906.0
full-base-200-commit,Solar,2050,TRE,12084.5,49352.0,52097.0
full-base-200-commit,Solar,2050,WECC,29521.5,135847.0,136087.0
full-base-200-commit,Wind,2050,CA,716.0,2693.0,3196.0
full-base-200-commit,Wind,2050,MISO,8139.5,137744.0,141623.0
full-base-200-commit,Wind,2050,NE,1652.5,46274.0,47195.0
full-base-200-commit,Wind,2050,PJM,2021.0,38682.0,38897.0
full-base-200-commit,Wind,2050,SOU,2454.5,42184.0,42656.0
full-base-200-commit,Wind,2050,SPP,11737.0,117413.0,127310.0
full-base-200-commit,Wind,2050,TRE,11045.0,95433.0,99798.0
full-base-200-commit,Wind,2050,WECC,10767.5,140659.0,142006.0
full-current-policies,Battery,2027,CA,7.0,,
full-current-policies,Battery,2027,MISO,19.0,,
full-current-policies,Battery,2027,NE,8.0,,
full-current-policies,Battery,2027,PJM,15.5,,
full-current-policies,Battery,2027,SOU,11.0,,
full-current-policies,Battery,2027,SPP,12.5,,
full-current-policies,Battery,2027,TRE,8.0,,
full-current-policies,Battery,2027,WECC,18.0,,
full-current-policies,CCS,2027,CA,1.0,,
full-current-policies,CCS,2027,MISO,2.5,,
full-current-policies,CCS,2027,NE,,,
full-current-policies,CCS,2027,PJM,1.0,,
full-current-policies,CCS,2027,SOU,1.5,,
full-current-policies,CCS,2027,SPP,1.5,,
full-current-policies,CCS,2027,TRE,1.0,,
full-current-policies,CCS,2027,WECC,1.5,,
full-current-policies,Hydrogen,2027,CA,2.0,,
full-current-policies,Hydrogen,2027,MISO,5.0,,
full-current-policies,Hydrogen,2027,NE,3.0,,
full-current-policies,Hydrogen,2027,PJM,4.0,,
full-current-policies,Hydrogen,2027,SOU,3.0,,
full-current-policies,Hydrogen,2027,SPP,3.0,,
full-current-policies,Hydrogen,2027,TRE,2.0,,
full-current-policies,Hydrogen,2027,WECC,4.0,,
full-current-policies,Natural Gas CC,2027,CA,1.5,,
full-current-policies,Natural Gas CC,2027,MISO,4.5,,
full-current-policies,Natural Gas CC,2027,NE,2.0,,
full-current-policies,Natural Gas CC,2027,PJM,3.5,,
full-current-policies,Natural Gas CC,2027,SOU,3.0,,
full-current-policies,Natural Gas CC,2027,SPP,2.0,,
full-current-policies,Natural Gas CC,2027,TRE,1.5,,
full-current-policies,Natural Gas CC,2027,WECC,3.5,,
full-current-policies,Natural Gas CT,2027,CA,1.0,,
full-current-policies,Natural Gas CT,2027,MISO,2.5,,
full-current-policies,Natural Gas CT,2027,NE,1.5,,
full-current-policies,Natural Gas CT,2027,PJM,2.0,,
full-current-policies,Natural Gas CT,2027,SOU,1.5,,
full-current-policies,Natural Gas CT,2027,SPP,1.5,,
full-current-policies,Natural Gas CT,2027,TRE,1.0,,
full-current-policies,Natural Gas CT,2027,WECC,2.0,,
full-current-policies,Nuclear,2027,CA,0.0,,
full-current-policies,Nuclear,2027,MISO,0.0,,
full-current-policies,Nuclear,2027,NE,0.0,,
full-current-policies,Nuclear,2027,PJM,0.0,,
full-current-policies,Nuclear,2027,SOU,0.0,,
full-current-policies,Nuclear,2027,SPP,0.0,,
full-current-policies,Nuclear,2027,TRE,0.0,,
full-current-policies,Nuclear,2027,WECC,0.0,,
full-current-policies,Solar,2027,CA,144.7,,
full-current-policies,Solar,2027,MISO,110.5,,
full-current-policies,Solar,2027,NE,12458.0,,
full-current-policies,Solar,2027,PJM,130.5,,
full-current-policies,Solar,2027,SOU,84.0,,
full-current-policies,Solar,2027,SPP,68.5,,
full-current-policies,Solar,2027,TRE,25.5,,
full-current-policies,Solar,2027,WECC,215.0,,
full-current-policies,Wind,2027,CA,27.0,,
full-current-policies,Wind,2027,MISO,42020.2,,
full-current-policies,Wind,2027,NE,18460.5,,
full-current-policies,Wind,2027,PJM,19117.8,,
full-current-policies,Wind,2027,SOU,349.2,,
full-current-policies,Wind,2027,SPP,14441.5,,
full-current-policies,Wind,2027,TRE,23083.8,,
full-current-policies,Wind,2027,WECC,24291.8,,
full-current-policies,Battery,2030,CA,-3.0,,
full-current-policies,Battery,2030,MISO,-7.5,,
full-current-policies,Battery,2030,NE,438.2,,
full-current-policies,Battery,2030,PJM,-7.5,,
full-current-policies,Battery,2030,SOU,-5.0,,
full-current-policies,Battery,2030,SPP,-5.0,,
full-current-policies,Battery,2030,TRE,-3.0,,
full-current-policies,Battery,2030,WECC,-10.0,,
full-current-policies,CCS,2030,CA,0.0,,
full-current-policies,CCS,2030,MISO,0.0,,
full-current-policies,CCS,2030,NE,,,
full-current-policies,CCS,2030,PJM,0.0,,
full-current-policies,CCS,2030,SOU,0.0,,
full-current-policies,CCS,2030,SPP,0.0,,
full-current-policies,CCS,2030,TRE,0.0,,
full-current-policies,CCS,2030,WECC,0.0,,
full-current-policies,Hydrogen,2030,CA,0.0,,
full-current-policies,Hydrogen,2030,MISO,0.0,,
full-current-policies,Hydrogen,2030,NE,0.5,,
full-current-policies,Hydrogen,2030,PJM,0.0,,
full-current-policies,Hydrogen,2030,SOU,0.0,,
full-current-policies,Hydrogen,2030,SPP,0.0,,
full-current-policies,Hydrogen,2030,TRE,0.0,,
full-current-policies,Hydrogen,2030,WECC,0.0,,
full-current-policies,Natural Gas CC,2030,CA,0.0,,
full-current-policies,Natural Gas CC,2030,MISO,0.0,,
full-current-policies,Natural Gas CC,2030,NE,1.5,,
full-current-policies,Natural Gas CC,2030,PJM,0.0,,
full-current-policies,Natural Gas CC,2030,SOU,0.0,,
full-current-policies,Natural Gas CC,2030,SPP,-0.5,,
full-current-policies,Natural Gas CC,2030,TRE,0.0,,
full-current-policies,Natural Gas CC,2030,WECC,0.0,,
full-current-policies,Natural Gas CT,2030,CA,0.0,,
full-current-policies,Natural Gas CT,2030,MISO,0.0,,
full-current-policies,Natural Gas CT,2030,NE,0.5,,
full-current-policies,Natural Gas CT,2030,PJM,0.0,,
full-current-policies,Natural Gas CT,2030,SOU,0.0,,
full-current-policies,Natural Gas CT,2030,SPP,0.0,,
full-current-policies,Natural Gas CT,2030,TRE,0.0,,
full-current-policies,Natural Gas CT,2030,WECC,0.0,,
full-current-policies,Nuclear,2030,CA,0.0,,
full-current-policies,Nuclear,2030,MISO,0.0,,
full-current-policies,Nuclear,2030,NE,0.0,,
full-current-policies,Nuclear,2030,PJM,1.0,,
full-current-policies,Nuclear,2030,SOU,0.0,,
full-current-policies,Nuclear,2030,SPP,0.0,,
full-current-policies,Nuclear,2030,TRE,0.5,,
full-current-policies,Nuclear,2030,WECC,0.0,,
full-current-policies,Solar,2030,CA,13607.2,,
full-current-policies,Solar,2030,MISO,1480.8,,
full-current-policies,Solar,2030,NE,4631.5,,
full-current-policies,Solar,2030,PJM,2304.2,,
full-current-policies,Solar,2030,SOU,11346.0,,
full-current-policies,Solar,2030,SPP,11.0,,
full-current-policies,Solar,2030,TRE,5.5,,
full-current-policies,Solar,2030,WECC,4237.8,,
full-current-policies,Wind,2030,CA,0.5,,
full-current-policies,Wind,2030,MISO,20695.2,,
full-current-policies,Wind,2030,NE,11520.5,,
full-current-policies,Wind,2030,PJM,8073.5,,
full-current-policies,Wind,2030,SOU,3745.0,,
full-current-policies,Wind,2030,SPP,9178.8,,
full-current-policies,Wind,2030,TRE,8250.5,,
full-current-policies,Wind,2030,WECC,16556.0,,
full-current-policies,Battery,2035,CA,41.2,,
full-current-policies,Battery,2035,MISO,3606.5,,
full-current-policies,Battery,2035,NE,9536.5,,
full-current-policies,Battery,2035,PJM,645.5,,
full-current-policies,Battery,2035,SOU,53.8,,
full-current-policies,Battery,2035,SPP,69.0,,
full-current-policies,Battery,2035,TRE,37.8,,
full-current-policies,Battery,2035,WECC,89.8,,
full-current-policies,CCS,2035,CA,15.0,,
full-current-policies,CCS,2035,MISO,48.0,,
full-current-policies,CCS,2035,NE,,,
full-current-policies,CCS,2035,PJM,18.0,,
full-current-policies,CCS,2035,SOU,17.5,,
full-current-policies,CCS,2035,SPP,12.0,,
full-current-policies,CCS,2035,TRE,9.5,,
full-current-policies,CCS,2035,WECC,13.5,,
full-current-policies,Hydrogen,2035,CA,13.5,,
full-current-policies,Hydrogen,2035,MISO,55.5,,
full-current-policies,Hydrogen,2035,NE,107.5,,
full-current-policies,Hydrogen,2035,PJM,49.0,,
full-current-policies,Hydrogen,2035,SOU,26.5,,
full-current-policies,Hydrogen,2035,SPP,26.5,,
full-current-policies,Hydrogen,2035,TRE,18.0,,
full-current-policies,Hydrogen,2035,WECC,36.5,,
full-current-policies,Natural Gas CC,2035,CA,18.0,,
full-current-policies,Natural Gas CC,2035,MISO,198.8,,
full-current-policies,Natural Gas CC,2035,NE,8969.8,,
full-current-policies,Natural Gas CC,2035,PJM,1064.5,,
full-current-policies,Natural Gas CC,2035,SOU,23.5,,
full-current-policies,Natural Gas CC,2035,SPP,18.5,,
full-current-policies,Natural Gas CC,2035,TRE,16.5,,
full-current-policies,Natural Gas CC,2035,WECC,28.0,,
full-current-policies,Natural Gas CT,2035,CA,8.5,,
full-current-policies,Natural Gas CT,2035,MISO,38.0,,
full-current-policies,Natural Gas CT,2035,NE,899.8,,
full-current-policies,Natural Gas CT,2035,PJM,32.0,,
full-current-policies,Natural Gas CT,2035,SOU,16.0,,
full-current-policies,Natural Gas CT,2035,SPP,15.5,,
full-current-policies,Natural Gas CT,2035,TRE,11.0,,
full-current-policies,Natural Gas CT,2035,WECC,22.5,,
full-current-policies,Nuclear,2035,CA,3.0,,
full-current-policies,Nuclear,2035,MISO,8.5,,
full-current-policies,Nuclear,2035,NE,4.5,,
full-current-policies,Nuclear,2035,PJM,6.5,,
full-current-policies,Nuclear,2035,SOU,5.0,,
full-current-policies,Nuclear,2035,SPP,4.5,,
full-current-policies,Nuclear,2035,TRE,3.0,,
full-current-policies,Nuclear,2035,WECC,7.5,,
full-current-policies,Solar,2035,CA,20645.0,,
full-current-policies,Solar,2035,MISO,67580.2,,
full-current-policies,Solar,2035,NE,79.2,,
full-current-policies,Solar,2035,PJM,30767.2,,
full-current-policies,Solar,2035,SOU,61139.2,,
full-current-policies,Solar,2035,SPP,3103.8,,
full-current-policies,Solar,2035,TRE,7901.5,,
full-current-policies,Solar,2035,WECC,26775.0,,
full-current-policies,Wind,2035,CA,182.5,,
full-current-policies,Wind,2035,MISO,20306.0,,
full-current-policies,Wind,2035,NE,11446.8,,
full-current-policies,Wind,2035,PJM,14889.2,,
full-current-policies,Wind,2035,SOU,8569.5,,
full-current-policies,Wind,2035,SPP,22557.2,,
full-current-policies,Wind,2035,TRE,12718.0,,
full-current-policies,Wind,2035,WECC,13736.5,,
full-current-policies,Battery,2040,CA,9957.5,,
full-current-policies,Battery,2040,MISO,12879.8,,
full-current-policies,Battery,2040,NE,4417.5,,
full-current-policies,Battery,2040,PJM,7768.8,,
full-current-policies,Battery,2040,SOU,4655.2,,
full-current-policies,Battery,2040,SPP,80.2,,
full-current-policies,Battery,2040,TRE,739.0,,
full-current-policies,Battery,2040,WECC,8924.5,,
full-current-policies,CCS,2040,CA,2066.5,,
full-current-policies,CCS,2040,MISO,96.3,,
full-current-policies,CCS,2040,NE,,,
full-current-policies,CCS,2040,PJM,2434.8,,
full-current-policies,CCS,2040,SOU,113.3,,
full-current-policies,CCS,2040,SPP,9.0,,
full-current-policies,CCS,2040,TRE,15.7,,
full-current-policies,CCS,2040,WECC,10.5,,
full-current-policies,Hydrogen,2040,CA,16.5,,
full-current-policies,Hydrogen,2040,MISO,47.0,,
full-current-policies,Hydrogen,2040,NE,75.5,,
full-current-policies,Hydrogen,2040,PJM,31.5,,
full-current-policies,Hydrogen,2040,SOU,23.5,,
full-current-policies,Hydrogen,2040,SPP,22.0,,
full-current-policies,Hydrogen,2040,TRE,23.0,,
full-current-policies,Hydrogen,2040,WECC,51.0,,
full-current-policies,Natural Gas CC,2040,CA,7288.8,,
full-current-policies,Natural Gas CC,2040,MISO,16552.5,,
full-current-policies,Natural Gas CC,2040,NE,3923.0,,
full-current-policies,Natural Gas CC,2040,PJM,17753.0,,
full-current-policies,Natural Gas CC,2040,SOU,3284.5,,
full-current-policies,Natural Gas CC,2040,SPP,26.0,,
full-current-policies,Natural Gas CC,2040,TRE,3490.5,,
full-current-policies,Natural Gas CC,2040,WECC,6691.0,,
full-current-policies,Natural Gas CT,2040,CA,12.0,,
full-current-policies,Natural Gas CT,2040,MISO,32.0,,
full-current-policies,Natural Gas CT,2040,NE,4494.5,,
full-current-policies,Natural Gas CT,2040,PJM,25.5,,
full-current-policies,Natural Gas CT,2040,SOU,17.0,,
full-current-policies,Natural Gas CT,2040,SPP,15.5,,
full-current-policies,Natural Gas CT,2040,TRE,18.0,,
full-current-policies,Natural Gas CT,2040,WECC,30.0,,
full-current-policies,Nuclear,2040,CA,0.5,,
full-current-policies,Nuclear,2040,MISO,1.5,,
full-current-policies,Nuclear,2040,NE,1.0,,
full-current-policies,Nuclear,2040,PJM,0.0,,
full-current-policies,Nuclear,2040,SOU,1.0,,
full-current-policies,Nuclear,2040,SPP,0.0,,
full-current-policies,Nuclear,2040,TRE,0.5,,
full-current-policies,Nuclear,2040,WECC,0.0,,
full-current-policies,Solar,2040,CA,4442.5,,
full-current-policies,Solar,2040,MISO,22254.2,,
full-current-policies,Solar,2040,NE,10856.0,,
full-current-policies,Solar,2040,PJM,32124.8,,
full-current-policies,Solar,2040,SOU,30553.5,,
full-current-policies,Solar,2040,SPP,8101.2,,
full-current-policies,Solar,2040,TRE,15014.2,,
full-current-policies,Solar,2040,WECC,28814.8,,
full-current-policies,Wind,2040,CA,116.5,,
full-current-policies,Wind,2040,MISO,21041.2,,
full-current-policies,Wind,2040,NE,2498.5,,
full-current-policies,Wind,2040,PJM,5015.5,,
full-current-policies,Wind,2040,SOU,11425.5,,
full-current-policies,Wind,2040,SPP,11783.5,,
full-current-policies,Wind,2040,TRE,14853.0,,
full-current-policies,Wind,2040,WECC,23632.5,,
full-current-policies,Battery,2045,CA,478.2,,
full-current-policies,Battery,2045,MISO,336.5,,
full-current-policies,Battery,2045,NE,575.8,,
full-current-policies,Battery,2045,PJM,170.8,,
full-current-policies,Battery,2045,SOU,221.8,,
full-current-policies,Battery,2045,SPP,180.8,,
full-current-policies,Battery,2045,TRE,59.5,,
full-current-policies,Battery,2045,WECC,1965.5,,
full-current-policies,CCS,2045,CA,0.5,,
full-current-policies,CCS,2045,MISO,3.0,,
full-current-policies,CCS,2045,NE,,,
full-current-policies,CCS,2045,PJM,0.2,,
full-current-policies,CCS,2045,SOU,1.0,,
full-current-policies,CCS,2045,SPP,9.0,,
full-current-policies,CCS,2045,TRE,1.3,,
full-current-policies,CCS,2045,WECC,9.0,,
full-current-policies,Hydrogen,2045,CA,36.5,,
full-current-policies,Hydrogen,2045,MISO,109.5,,
full-current-policies,Hydrogen,2045,NE,1319.2,,
full-current-policies,Hydrogen,2045,PJM,128.5,,
full-current-policies,Hydrogen,2045,SOU,72.0,,
full-current-policies,Hydrogen,2045,SPP,111.5,,
full-current-policies,Hydrogen,2045,TRE,46.5,,
full-current-policies,Hydrogen,2045,WECC,174.5,,
full-current-policies,Natural Gas CC,2045,CA,13028.8,,
full-current-policies,Natural Gas CC,2045,MISO,45088.8,,
full-current-policies,Natural Gas CC,2045,NE,3081.0,,
full-current-policies,Natural Gas CC,2045,PJM,22663.0,,
full-current-policies,Natural Gas CC,2045,SOU,28557.0,,
full-current-policies,Natural Gas CC,2045,SPP,4422.5,,
full-current-policies,Natural Gas CC,2045,TRE,22768.2,,
full-current-policies,Natural Gas CC,2045,WECC,23231.2,,
full-current-policies,Natural Gas CT,2045,CA,27.5,,
full-current-policies,Natural Gas CT,2045,MISO,66.3,,
full-current-policies,Natural Gas CT,2045,NE,1677.8,,
full-current-policies,Natural Gas CT,2045,PJM,105.5,,
full-current-policies,Natural Gas CT,2045,SOU,55.0,,
full-current-policies,Natural Gas CT,2045,SPP,107.0,,
full-current-policies,Natural Gas CT,2045,TRE,35.5,,
full-current-policies,Natural Gas CT,2045,WECC,103.8,,
full-current-policies,Nuclear,2045,CA,1.0,,
full-current-policies,Nuclear,2045,MISO,2.5,,
full-current-policies,Nuclear,2045,NE,2.5,,
full-current-policies,Nuclear,2045,PJM,2.0,,
full-current-policies,Nuclear,2045,SOU,1.5,,
full-current-policies,Nuclear,2045,SPP,3.0,,
full-current-policies,Nuclear,2045,TRE,1.0,,
full-current-policies,Nuclear,2045,WECC,2.5,,
full-current-policies,Solar,2045,CA,3902.2,,
full-current-policies,Solar,2045,MISO,161.5,,
full-current-policies,Solar,2045,NE,8434.5,,
full-current-policies,Solar,2045,PJM,102.0,,
full-current-policies,Solar,2045,SOU,103.5,,
full-current-policies,Solar,2045,SPP,1870.0,,
full-current-policies,Solar,2045,TRE,93.0,,
full-current-policies,Solar,2045,WECC,3184.0,,
full-current-policies,Wind,2045,CA,37.0,,
full-current-policies,Wind,2045,MISO,225.8,,
full-current-policies,Wind,2045,NE,2531.5,,
full-current-policies,Wind,2045,PJM,115.2,,
full-current-policies,Wind,2045,SOU,180.2,,
full-current-policies,Wind,2045,SPP,217.5,,
full-current-policies,Wind,2045,TRE,108.0,,
full-current-policies,Wind,2045,WECC,197.2,,
full-current-policies,Battery,2050,CA,1061.2,9800.0,12303.0
full-current-policies,Battery,2050,MISO,-764.8,13579.0,20618.0
full-current-policies,Battery,2050,NE,-2442.2,9393.0,14984.0
full-current-policies,Battery,2050,PJM,4514.8,7466.0,21646.0
full-current-policies,Battery,2050,SOU,5212.2,7919.0,14093.0
full-current-policies,Battery,2050,SPP,1130.5,11.0,2857.0
full-current-policies,Battery,2050,TRE,162.5,623.0,1385.0
full-current-policies,Battery,2050,WECC,5777.8,10708.0,26537.0
full-current-policies,CCS,2050,CA,3.0,1795.0,2376.0
full-current-policies,CCS,2050,MISO,12.7,0.0,321.0
full-current-policies,CCS,2050,NE,,0.0,0.0
full-current-policies,CCS,2050,PJM,3.2,9.0,3905.0
full-current-policies,CCS,2050,SOU,7.7,0.0,303.0
full-current-policies,CCS,2050,SPP,8.0,0.0,64.0
full-current-policies,CCS,2050,TRE,4.0,0.0,59.0
full-current-policies,CCS,2050,WECC,6.0,0.0,69.0
full-current-policies,Hydrogen,2050,CA,24.3,0.0,160.0
full-current-policies,Hydrogen,2050,MISO,121.0,0.0,584.0
full-current-policies,Hydrogen,2050,NE,654.8,1500.0,2678.0
full-current-policies,Hydrogen,2050,PJM,152.3,0.0,647.0
full-current-policies,Hydrogen,2050,SOU,82.3,0.0,370.0
full-current-policies,Hydrogen,2050,SPP,78.3,0.0,404.0
full-current-policies,Hydrogen,2050,TRE,31.7,0.0,209.0
full-current-policies,Hydrogen,2050,WECC,168.7,0.0,728.0
full-current-policies,Natural Gas CC,2050,CA,8419.2,27472.0,30033.0
full-current-policies,Natural Gas CC,2050,MISO,37871.5,97871.0,102624.0
full-current-policies,Natural Gas CC,2050,NE,93.2,14886.0,16852.0
full-current-policies,Natural Gas CC,2050,PJM,13584.5,48560.0,58545.0
full-current-policies,Natural Gas CC,2050,SOU,26432.2,56236.0,60097.0
full-current-policies,Natural Gas CC,2050,SPP,6054.8,8158.0,15528.0
full-current-policies,Natural Gas CC,2050,TRE,12155.8,36344.0,43048.0
full-current-policies,Natural Gas CC,2050,WECC,19547.5,42570.0,56053.0
full-current-policies,Natural Gas CT,2050,CA,26.7,0.0,124.0
full-current-policies,Natural Gas CT,2050,MISO,161.0,0.0,589.0
full-current-policies,Natural Gas CT,2050,NE,2575.0,6506.0,16721.0
full-current-policies,Natural Gas CT,2050,PJM,296.3,0.0,849.0
full-current-policies,Natural Gas CT,2050,SOU,90.0,0.0,330.0
full-current-policies,Natural Gas CT,2050,SPP,111.3,0.0,422.0
full-current-policies,Natural Gas CT,2050,TRE,35.3,0.0,167.0
full-current-policies,Natural Gas CT,2050,WECC,341.2,1.0,1282.0
full-current-policies,Nuclear,2050,CA,1.0,2.0,9.0
full-current-policies,Nuclear,2050,MISO,3.0,5.0,26.0
full-current-policies,Nuclear,2050,NE,1.5,3.0,16.0
full-current-policies,Nuclear,2050,PJM,2.5,4.0,20.0
full-current-policies,Nuclear,2050,SOU,2.0,4.0,15.0
full-current-policies,Nuclear,2050,SPP,2.5,3.0,17.0
full-current-policies,Nuclear,2050,TRE,1.0,2.0,10.0
full-current-policies,Nuclear,2050,WECC,2.0,4.0,20.0
full-current-policies,Solar,2050,CA,14628.0,56905.0,58328.0
full-current-policies,Solar,2050,MISO,439.0,89482.0,95885.0
full-current-policies,Solar,2050,NE,10294.5,43649.0,48622.0
full-current-policies,Solar,2050,PJM,185.5,60953.0,68395.0
full-current-policies,Solar,2050,SOU,3457.0,104795.0,108523.0
full-current-policies,Solar,2050,SPP,9127.8,16067.0,25583.0
full-current-policies,Solar,2050,TRE,10008.0,31472.0,34449.0
full-current-policies,Solar,2050,WECC,23906.5,82544.0,89987.0
full-current-policies,Wind,2050,CA,68.5,25.0,860.0
full-current-policies,Wind,2050,MISO,331.8,102190.0,107493.0
full-current-policies,Wind,2050,NE,5702.2,51728.0,52821.0
full-current-policies,Wind,2050,PJM,126.8,46564.0,48206.0
full-current-policies,Wind,2050,SOU,145.0,22652.0,26500.0
full-current-policies,Wind,2050,SPP,3912.0,58840.0,67951.0
full-current-policies,Wind,2050,TRE,320.8,56920.0,60760.0
full-current-policies,Wind,2050,WECC,1292.2,77020.0,83933.0
full-current-policies-commit,Battery,2027,CA,2.0,,
full-current-policies-commit,Battery,2027,MISO,5.0,,
full-current-policies-commit,Battery,2027,NE,3.0,,
full-current-policies-commit,Battery,2027,PJM,4.0,,
full-current-policies-commit,Battery,2027,SOU,3.0,,
full-current-policies-commit,Battery,2027,SPP,3.0,,
full-current-policies-commit,Battery,2027,TRE,2.0,,
full-current-policies-commit,Battery,2027,WECC,4.0,,
full-current-policies-commit,CCS,2027,CA,1.0,,
full-current-policies-commit,CCS,2027,MISO,2.5,,
full-current-policies-commit,CCS,2027,NE,,,
full-current-policies-commit,CCS,2027,PJM,1.0,,
full-current-policies-commit,CCS,2027,SOU,1.5,,
full-current-policies-commit,CCS,2027,SPP,1.5,,
full-current-policies-commit,CCS,2027,TRE,1.0,,
full-current-policies-commit,CCS,2027,WECC,1.5,,
full-current-policies-commit,Hydrogen,2027,CA,2.0,,
full-current-policies-commit,Hydrogen,2027,MISO,5.0,,
full-current-policies-commit,Hydrogen,2027,NE,3.0,,
full-current-policies-commit,Hydrogen,2027,PJM,4.0,,
full-current-policies-commit,Hydrogen,2027,SOU,3.0,,
full-current-policies-commit,Hydrogen,2027,SPP,3.0,,
full-current-policies-commit,Hydrogen,2027,TRE,2.0,,
full-current-policies-commit,Hydrogen,2027,WECC,4.0,,
full-current-policies-commit,Natural Gas CC,2027,CA,1.0,,
full-current-policies-commit,Natural Gas CC,2027,MISO,3.0,,
full-current-policies-commit,Natural Gas CC,2027,NE,2.0,,
full-current-policies-commit,Natural Gas CC,2027,PJM,2.0,,
full-current-policies-commit,Natural Gas CC,2027,SOU,2.0,,
full-current-policies-commit,Natural Gas CC,2027,SPP,1.5,,
full-current-policies-commit,Natural Gas CC,2027,TRE,2.0,,
full-current-policies-commit,Natural Gas CC,2027,WECC,3.0,,
full-current-policies-commit,Natural Gas CT,2027,CA,1.0,,
full-current-policies-commit,Natural Gas CT,2027,MISO,2.5,,
full-current-policies-commit,Natural Gas CT,2027,NE,1.5,,
full-current-policies-commit,Natural Gas CT,2027,PJM,2.0,,
full-current-policies-commit,Natural Gas CT,2027,SOU,1.5,,
full-current-policies-commit,Natural Gas CT,2027,SPP,1.5,,
full-current-policies-commit,Natural Gas CT,2027,TRE,1.0,,
full-current-policies-commit,Natural Gas CT,2027,WECC,2.0,,
full-current-policies-commit,Nuclear,2027,CA,0.0,,
full-current-policies-commit,Nuclear,2027,MISO,0.0,,
full-current-policies-commit,Nuclear,2027,NE,0.0,,
full-current-policies-commit,Nuclear,2027,PJM,0.0,,
full-current-policies-commit,Nuclear,2027,SOU,0.0,,
full-current-policies-commit,Nuclear,2027,SPP,0.0,,
full-current-policies-commit,Nuclear,2027,TRE,0.0,,
full-current-policies-commit,Nuclear,2027,WECC,0.0,,
full-current-policies-commit,Solar,2027,CA,4.5,,
full-current-policies-commit,Solar,2027,MISO,0.5,,
full-current-policies-commit,Solar,2027,NE,11451.5,,
full-current-policies-commit,Solar,2027,PJM,8.5,,
full-current-policies-commit,Solar,2027,SOU,3.5,,
full-current-policies-commit,Solar,2027,SPP,0.0,,
full-current-policies-commit,Solar,2027,TRE,0.0,,
full-current-policies-commit,Solar,2027,WECC,8.0,,
full-current-policies-commit,Wind,2027,CA,0.0,,
full-current-policies-commit,Wind,2027,MISO,27733.0,,
full-current-policies-commit,Wind,2027,NE,19126.5,,
full-current-policies-commit,Wind,2027,PJM,19108.0,,
full-current-policies-commit,Wind,2027,SOU,278.0,,
full-current-policies-commit,Wind,2027,SPP,10142.0,,
full-current-policies-commit,Wind,2027,TRE,17984.5,,
full-current-policies-commit,Wind,2027,WECC,21956.0,,
full-current-policies-commit,Battery,2030,CA,0.0,,
full-current-policies-commit,Battery,2030,MISO,0.0,,
full-current-policies-commit,Battery,2030,NE,3.0,,
full-current-policies-commit,Battery,2030,PJM,0.0,,
full-current-policies-commit,Battery,2030,SOU,0.0,,
full-current-policies-commit,Battery,2030,SPP,0.0,,
full-current-policies-commit,Battery,2030,TRE,0.0,,
full-current-policies-commit,Battery,2030,WECC,0.0,,
full-current-policies-commit,CCS,2030,CA,0.0,,
full-current-policies-commit,CCS,2030,MISO,0.0,,
full-current-policies-commit,CCS,2030,NE,,,
full-current-policies-commit,CCS,2030,PJM,0.0,,
full-current-policies-commit,CCS,2030,SOU,0.0,,
full-current-policies-commit,CCS,2030,SPP,0.0,,
full-current-policies-commit,CCS,2030,TRE,0.0,,
full-current-policies-commit,CCS,2030,WECC,0.0,,
full-current-policies-commit,Hydrogen,2030,CA,0.0,,
full-current-policies-commit,Hydrogen,2030,MISO,0.0,,
full-current-policies-commit,Hydrogen,2030,NE,0.0,,
full-current-policies-commit,Hydrogen,2030,PJM,0.0,,
full-current-policies-commit,Hydrogen,2030,SOU,0.0,,
full-current-policies-commit,Hydrogen,2030,SPP,0.0,,
full-current-policies-commit,Hydrogen,2030,TRE,0.0,,
full-current-policies-commit,Hydrogen,2030,WECC,0.0,,
full-current-policies-commit,Natural Gas CC,2030,CA,0.0,,
full-current-policies-commit,Natural Gas CC,2030,MISO,1.5,,
full-current-policies-commit,Natural Gas CC,2030,NE,0.5,,
full-current-policies-commit,Natural Gas CC,2030,PJM,0.0,,
full-current-policies-commit,Natural Gas CC,2030,SOU,1.0,,
full-current-policies-commit,Natural Gas CC,2030,SPP,0.0,,
full-current-policies-commit,Natural Gas CC,2030,TRE,0.0,,
full-current-policies-commit,Natural Gas CC,2030,WECC,0.5,,
full-current-policies-commit,Natural Gas CT,2030,CA,0.0,,
full-current-policies-commit,Natural Gas CT,2030,MISO,0.0,,
full-current-policies-commit,Natural Gas CT,2030,NE,0.5,,
full-current-policies-commit,Natural Gas CT,2030,PJM,0.0,,
full-current-policies-commit,Natural Gas CT,2030,SOU,0.0,,
full-current-policies-commit,Natural Gas CT,2030,SPP,0.0,,
full-current-policies-commit,Natural Gas CT,2030,TRE,0.0,,
full-current-policies-commit,Natural Gas CT,2030,WECC,0.0,,
full-current-policies-commit,Nuclear,2030,CA,0.0,,
full-current-policies-commit,Nuclear,2030,MISO,0.0,,
full-current-policies-commit,Nuclear,2030,NE,0.0,,
full-current-policies-commit,Nuclear,2030,PJM,0.0,,
full-current-policies-commit,Nuclear,2030,SOU,0.0,,
full-current-policies-commit,Nuclear,2030,SPP,0.0,,
full-current-policies-commit,Nuclear,2030,TRE,0.0,,
full-current-policies-commit,Nuclear,2030,WECC,0.0,,
full-current-policies-commit,Solar,2030,CA,10958.5,,
full-current-policies-commit,Solar,2030,MISO,1727.0,,
full-current-policies-commit,Solar,2030,NE,4668.5,,
full-current-policies-commit,Solar,2030,PJM,3895.5,,
full-current-policies-commit,Solar,2030,SOU,6741.0,,
full-current-policies-commit,Solar,2030,SPP,9.0,,
full-current-policies-commit,Solar,2030,TRE,10.0,,
full-current-policies-commit,Solar,2030,WECC,3152.0,,
full-current-policies-commit,Wind,2030,CA,0.5,,
full-current-policies-commit,Wind,2030,MISO,19696.0,,
full-current-policies-commit,Wind,2030,NE,11507.0,,
full-current-policies-commit,Wind,2030,PJM,7143.5,,
full-current-policies-commit,Wind,2030,SOU,3242.0,,
full-current-policies-commit,Wind,2030,SPP,9490.0,,
full-current-policies-commit,Wind,2030,TRE,9104.5,,
full-current-policies-commit,Wind,2030,WECC,16553.0,,
full-current-policies-commit,Battery,2035,CA,0.0,,
full-current-policies-commit,Battery,2035,MISO,6252.0,,
full-current-policies-commit,Battery,2035,NE,10816.0,,
full-current-policies-commit,Battery,2035,PJM,864.0,,
full-current-policies-commit,Battery,2035,SOU,3.0,,
full-current-policies-commit,Battery,2035,SPP,1.5,,
full-current-policies-commit,Battery,2035,TRE,1.5,,
full-current-policies-commit,Battery,2035,WECC,3.0,,
full-current-policies-commit,CCS,2035,CA,1.0,,
full-current-policies-commit,CCS,2035,MISO,5.5,,
full-current-policies-commit,CCS,2035,NE,,,
full-current-policies-commit,CCS,2035,PJM,2.5,,
full-current-policies-commit,CCS,2035,SOU,2.0,,
full-current-policies-commit,CCS,2035,SPP,0.0,,
full-current-policies-commit,CCS,2035,TRE,0.0,,
full-current-policies-commit,CCS,2035,WECC,0.5,,
full-current-policies-commit,Hydrogen,2035,CA,0.0,,
full-current-policies-commit,Hydrogen,2035,MISO,0.0,,
full-current-policies-commit,Hydrogen,2035,NE,5.0,,
full-current-policies-commit,Hydrogen,2035,PJM,0.0,,
full-current-policies-commit,Hydrogen,2035,SOU,0.0,,
full-current-policies-commit,Hydrogen,2035,SPP,0.0,,
full-current-policies-commit,Hydrogen,2035,TRE,0.0,,
full-current-policies-commit,Hydrogen,2035,WECC,0.0,,
full-current-policies-commit,Natural Gas CC,2035,CA,1.5,,
full-current-policies-commit,Natural Gas CC,2035,MISO,1111.0,,
full-current-policies-commit,Natural Gas CC,2035,NE,7566.0,,
full-current-policies-commit,Natural Gas CC,2035,PJM,1159.5,,
full-current-policies-commit,Natural Gas CC,2035,SOU,1.5,,
full-current-policies-commit,Natural Gas CC,2035,SPP,1.5,,
full-current-policies-commit,Natural Gas CC,2035,TRE,0.0,,
full-current-policies-commit,Natural Gas CC,2035,WECC,3.5,,
full-current-policies-commit,Natural Gas CT,2035,CA,0.0,,
full-current-policies-commit,Natural Gas CT,2035,MISO,1.0,,
full-current-policies-commit,Natural Gas CT,2035,NE,18.5,,
full-current-policies-commit,Natural Gas CT,2035,PJM,1.5,,
full-current-policies-commit,Natural Gas CT,2035,SOU,0.0,,
full-current-policies-commit,Natural Gas CT,2035,SPP,0.0,,
full-current-policies-commit,Natural Gas CT,2035,TRE,0.0,,
full-current-policies-commit,Natural Gas CT,2035,WECC,0.5,,
full-current-policies-commit,Nuclear,2035,CA,0.0,,
full-current-policies-commit,Nuclear,2035,MISO,0.5,,
full-current-policies-commit,Nuclear,2035,NE,0.5,,
full-current-policies-commit,Nuclear,2035,PJM,1.5,,
full-current-policies-commit,Nuclear,2035,SOU,1.0,,
full-current-policies-commit,Nuclear,2035,SPP,0.0,,
full-current-policies-commit,Nuclear,2035,TRE,0.0,,
full-current-policies-commit,Nuclear,2035,WECC,0.5,,
full-current-policies-commit,Solar,2035,CA,16417.0,,
full-current-policies-commit,Solar,2035,MISO,57356.0,,
full-current-policies-commit,Solar,2035,NE,1.5,,
full-current-policies-commit,Solar,2035,PJM,20534.5,,
full-current-policies-commit,Solar,2035,SOU,30282.0,,
full-current-policies-commit,Solar,2035,SPP,2428.0,,
full-current-policies-commit,Solar,2035,TRE,6029.5,,
full-current-policies-commit,Solar,2035,WECC,21092.5,,
full-current-policies-commit,Wind,2035,CA,751.5,,
full-current-policies-commit,Wind,2035,MISO,27017.5,,
full-current-policies-commit,Wind,2035,NE,11730.5,,
full-current-policies-commit,Wind,2035,PJM,12593.5,,
full-current-policies-commit,Wind,2035,SOU,9662.5,,
full-current-policies-commit,Wind,2035,SPP,22634.5,,
full-current-policies-commit,Wind,2035,TRE,15548.0,,
full-current-policies-commit,Wind,2035,WECC,16209.0,,
full-current-policies-commit,Battery,2040,CA,13673.0,,
full-current-policies-commit,Battery,2040,MISO,16390.0,,
full-current-policies-commit,Battery,2040,NE,5088.5,,
full-current-policies-commit,Battery,2040,PJM,11596.5,,
full-current-policies-commit,Battery,2040,SOU,10572.5,,
full-current-policies-commit,Battery,2040,SPP,11.5,,
full-current-policies-commit,Battery,2040,TRE,6151.0,,
full-current-policies-commit,Battery,2040,WECC,9297.5,,
full-current-policies-commit,CCS,2040,CA,1035.5,,
full-current-policies-commit,CCS,2040,MISO,318.0,,
full-current-policies-commit,CCS,2040,NE,,,
full-current-policies-commit,CCS,2040,PJM,1458.5,,
full-current-policies-commit,CCS,2040,SOU,11.5,,
full-current-policies-commit,CCS,2040,SPP,1.5,,
full-current-policies-commit,CCS,2040,TRE,1.5,,
full-current-policies-commit,CCS,2040,WECC,1.0,,
full-current-policies-commit,Hydrogen,2040,CA,0.0,,
full-current-policies-commit,Hydrogen,2040,MISO,0.5,,
full-current-policies-commit,Hydrogen,2040,NE,4.5,,
full-current-policies-commit,Hydrogen,2040,PJM,0.5,,
full-current-policies-commit,Hydrogen,2040,SOU,0.0,,
full-current-policies-commit,Hydrogen,2040,SPP,0.0,,
full-current-policies-commit,Hydrogen,2040,TRE,0.0,,
full-current-policies-commit,Hydrogen,2040,WECC,0.0,,
full-current-policies-commit,Natural Gas CC,2040,CA,4701.0,,
full-current-policies-commit,Natural Gas CC,2040,MISO,10506.0,,
full-current-policies-commit,Natural Gas CC,2040,NE,4843.5,,
full-current-policies-commit,Natural Gas CC,2040,PJM,20212.5,,
full-current-policies-commit,Natural Gas CC,2040,SOU,2730.5,,
full-current-policies-commit,Natural Gas CC,2040,SPP,2.0,,
full-current-policies-commit,Natural Gas CC,2040,TRE,4.0,,
full-current-policies-commit,Natural Gas CC,2040,WECC,4030.0,,
full-current-policies-commit,Natural Gas CT,2040,CA,1.0,,
full-current-policies-commit,Natural Gas CT,2040,MISO,3.0,,
full-current-policies-commit,Natural Gas CT,2040,NE,2572.0,,
full-current-policies-commit,Natural Gas CT,2040,PJM,1.5,,
full-current-policies-commit,Natural Gas CT,2040,SOU,1.5,,
full-current-policies-commit,Natural Gas CT,2040,SPP,1.5,,
full-current-policies-commit,Natural Gas CT,2040,TRE,1.0,,
full-current-policies-commit,Natural Gas CT,2040,WECC,2.0,,
full-current-policies-commit,Nuclear,2040,CA,1.0,,
full-current-policies-commit,Nuclear,2040,MISO,2.0,,
full-current-policies-commit,Nuclear,2040,NE,0.5,,
full-current-policies-commit,Nuclear,2040,PJM,0.0,,
full-current-policies-commit,Nuclear,2040,SOU,0.5,,
full-current-policies-commit,Nuclear,2040,SPP,1.5,,
full-current-policies-commit,Nuclear,2040,TRE,1.0,,
full-current-policies-commit,Nuclear,2040,WECC,1.5,,
full-current-policies-commit,Solar,2040,CA,6568.5,,
full-current-policies-commit,Solar,2040,MISO,21211.0,,
full-current-policies-commit,Solar,2040,NE,12369.0,,
full-current-policies-commit,Solar,2040,PJM,22073.0,,
full-current-policies-commit,Solar,2040,SOU,35054.5,,
full-current-policies-commit,Solar,2040,SPP,8249.0,,
full-current-policies-commit,Solar,2040,TRE,14451.0,,
full-current-policies-commit,Solar,2040,WECC,28199.5,,
full-current-policies-commit,Wind,2040,CA,160.5,,
full-current-policies-commit,Wind,2040,MISO,24290.5,,
full-current-policies-commit,Wind,2040,NE,1581.0,,
full-current-policies-commit,Wind,2040,PJM,6591.5,,
full-current-policies-commit,Wind,2040,SOU,11067.5,,
full-current-policies-commit,Wind,2040,SPP,13793.5,,
full-current-policies-commit,Wind,2040,TRE,14881.0,,
full-current-policies-commit,Wind,2040,WECC,26167.5,,
full-current-policies-commit,Battery,2045,CA,107.0,,
full-current-policies-commit,Battery,2045,MISO,573.0,,
full-current-policies-commit,Battery,2045,NE,71.0,,
full-current-policies-commit,Battery,2045,PJM,-2.0,,
full-current-policies-commit,Battery,2045,SOU,46.5,,
full-current-policies-commit,Battery,2045,SPP,218.0,,
full-current-policies-commit,Battery,2045,TRE,637.0,,
full-current-policies-commit,Battery,2045,WECC,4120.0,,
full-current-policies-commit,CCS,2045,CA,7.0,,
full-current-policies-commit,CCS,2045,MISO,30.0,,
full-current-policies-commit,CCS,2045,NE,,,
full-current-policies-commit,CCS,2045,PJM,7.5,,
full-current-policies-commit,CCS,2045,SOU,14.5,,
full-current-policies-commit,CCS,2045,SPP,26.5,,
full-current-policies-commit,CCS,2045,TRE,16.0,,
full-current-policies-commit,CCS,2045,WECC,25.5,,
full-current-policies-commit,Hydrogen,2045,CA,29.5,,
full-current-policies-commit,Hydrogen,2045,MISO,99.0,,
full-current-policies-commit,Hydrogen,2045,NE,202.5,,
full-current-policies-commit,Hydrogen,2045,PJM,83.0,,
full-current-policies-commit,Hydrogen,2045,SOU,55.5,,
full-current-policies-commit,Hydrogen,2045,SPP,70.5,,
full-current-policies-commit,Hydrogen,2045,TRE,43.0,,
full-current-policies-commit,Hydrogen,2045,WECC,98.0,,
full-current-policies-commit,Natural Gas CC,2045,CA,14251.0,,
full-current-policies-commit,Natural Gas CC,2045,MISO,45075.5,,
full-current-policies-commit,Natural Gas CC,2045,NE,4637.5,,
full-current-policies-commit,Natural Gas CC,2045,PJM,22776.0,,
full-current-policies-commit,Natural Gas CC,2045,SOU,27933.5,,
full-current-policies-commit,Natural Gas CC,2045,SPP,3688.5,,
full-current-policies-commit,Natural Gas CC,2045,TRE,21921.0,,
full-current-policies-commit,Natural Gas CC,2045,WECC,20975.5,,
full-current-policies-commit,Natural Gas CT,2045,CA,29.0,,
full-current-policies-commit,Natural Gas CT,2045,MISO,105.0,,
full-current-policies-commit,Natural Gas CT,2045,NE,339.5,,
full-current-policies-commit,Natural Gas CT,2045,PJM,69.5,,
full-current-policies-commit,Natural Gas CT,2045,SOU,51.5,,
full-current-policies-commit,Natural Gas CT,2045,SPP,72.0,,
full-current-policies-commit,Natural Gas CT,2045,TRE,43.0,,
full-current-policies-commit,Natural Gas CT,2045,WECC,94.0,,
full-current-policies-commit,Nuclear,2045,CA,5.0,,
full-current-policies-commit,Nuclear,2045,MISO,12.5,,
full-current-policies-commit,Nuclear,2045,NE,8.5,,
full-current-policies-commit,Nuclear,2045,PJM,10.0,,
full-current-policies-commit,Nuclear,2045,SOU,9.0,,
full-current-policies-commit,Nuclear,2045,SPP,7.5,,
full-current-policies-commit,Nuclear,2045,TRE,5.0,,
full-current-policies-commit,Nuclear,2045,WECC,11.0,,
full-current-policies-commit,Solar,2045,CA,2315.5,,
full-current-policies-commit,Solar,2045,MISO,137.0,,
full-current-policies-commit,Solar,2045,NE,7472.0,,
full-current-policies-commit,Solar,2045,PJM,384.0,,
full-current-policies-commit,Solar,2045,SOU,103.0,,
full-current-policies-commit,Solar,2045,SPP,1972.0,,
full-current-policies-commit,Solar,2045,TRE,91.5,,
full-current-policies-commit,Solar,2045,WECC,5146.5,,
full-current-policies-commit,Wind,2045,CA,27.0,,
full-current-policies-commit,Wind,2045,MISO,116.5,,
full-current-policies-commit,Wind,2045,NE,2964.0,,
full-current-policies-commit,Wind,2045,PJM,783.5,,
full-current-policies-commit,Wind,2045,SOU,57.0,,
full-current-policies-commit,Wind,2045,SPP,139.0,,
full-current-policies-commit,Wind,2045,TRE,111.0,,
full-current-policies-commit,Wind,2045,WECC,239.5,,
full-current-policies-commit,Battery,2050,CA,1896.5,15248.0,16109.0
full-current-policies-commit,Battery,2050,MISO,-2971.0,19019.0,21479.0
full-current-policies-commit,Battery,2050,NE,1654.5,14852.0,20420.0
full-current-policies-commit,Battery,2050,PJM,2471.5,14393.0,15475.0
full-current-policies-commit,Battery,2050,SOU,4685.5,14227.0,16394.0
full-current-policies-commit,Battery,2050,SPP,780.0,842.0,1186.0
full-current-policies-commit,Battery,2050,TRE,314.5,6096.0,8116.0
full-current-policies-commit,Battery,2050,WECC,10024.0,20386.0,26511.0
full-current-policies-commit,CCS,2050,CA,0.0,922.0,1167.0
full-current-policies-commit,CCS,2050,MISO,0.5,0.0,713.0
full-current-policies-commit,CCS,2050,NE,,0.0,0.0
full-current-policies-commit,CCS,2050,PJM,0.0,0.0,2939.0
full-current-policies-commit,CCS,2050,SOU,0.0,0.0,59.0
full-current-policies-commit,CCS,2050,SPP,0.5,0.0,60.0
full-current-policies-commit,CCS,2050,TRE,0.0,0.0,37.0
full-current-policies-commit,CCS,2050,WECC,0.0,0.0,57.0
full-current-policies-commit,Hydrogen,2050,CA,0.5,0.0,64.0
full-current-policies-commit,Hydrogen,2050,MISO,2.0,0.0,213.0
full-current-policies-commit,Hydrogen,2050,NE,202.0,322.0,512.0
full-current-policies-commit,Hydrogen,2050,PJM,0.5,0.0,176.0
full-current-policies-commit,Hydrogen,2050,SOU,0.0,0.0,117.0
full-current-policies-commit,Hydrogen,2050,SPP,1.0,0.0,149.0
full-current-policies-commit,Hydrogen,2050,TRE,0.0,0.0,90.0
full-current-policies-commit,Hydrogen,2050,WECC,1.0,0.0,206.0
full-current-policies-commit,Natural Gas CC,2050,CA,7380.0,25931.0,26738.0
full-current-policies-commit,Natural Gas CC,2050,MISO,38974.0,95175.0,96167.0
full-current-policies-commit,Natural Gas CC,2050,NE,152.5,16784.0,17620.0
full-current-policies-commit,Natural Gas CC,2050,PJM,14031.0,56829.0,59533.0
full-current-policies-commit,Natural Gas CC,2050,SOU,28349.0,58167.0,59868.0
full-current-policies-commit,Natural Gas CC,2050,SPP,8353.5,11279.0,12815.0
full-current-policies-commit,Natural Gas CC,2050,TRE,12390.0,33639.0,34995.0
full-current-policies-commit,Natural Gas CC,2050,WECC,15967.5,40160.0,41800.0
full-current-policies-commit,Natural Gas CT,2050,CA,0.0,0.0,62.0
full-current-policies-commit,Natural Gas CT,2050,MISO,1.0,0.0,225.0
full-current-policies-commit,Natural Gas CT,2050,NE,596.0,3126.0,3930.0
full-current-policies-commit,Natural Gas CT,2050,PJM,0.5,0.0,150.0
full-current-policies-commit,Natural Gas CT,2050,SOU,1.0,0.0,111.0
full-current-policies-commit,Natural Gas CT,2050,SPP,1.0,0.0,152.0
full-current-policies-commit,Natural Gas CT,2050,TRE,0.5,0.0,91.0
full-current-policies-commit,Natural Gas CT,2050,WECC,0.0,0.0,197.0
full-current-policies-commit,Nuclear,2050,CA,0.0,0.0,12.0
full-current-policies-commit,Nuclear,2050,MISO,0.0,0.0,30.0
full-current-policies-commit,Nuclear,2050,NE,0.0,0.0,19.0
full-current-policies-commit,Nuclear,2050,PJM,0.0,0.0,23.0
full-current-policies-commit,Nuclear,2050,SOU,0.0,0.0,21.0
full-current-policies-commit,Nuclear,2050,SPP,0.0,0.0,18.0
full-current-policies-commit,Nuclear,2050,TRE,0.0,0.0,12.0
full-current-policies-commit,Nuclear,2050,WECC,0.0,0.0,26.0
full-current-policies-commit,Solar,2050,CA,11911.5,46792.0,49559.0
full-current-policies-commit,Solar,2050,MISO,2.0,78723.0,82144.0
full-current-policies-commit,Solar,2050,NE,12101.5,46320.0,49808.0
full-current-policies-commit,Solar,2050,PJM,12440.5,58367.0,60305.0
full-current-policies-commit,Solar,2050,SOU,8584.5,80708.0,80829.0
full-current-policies-commit,Solar,2050,SPP,6333.5,17467.0,20516.0
full-current-policies-commit,Solar,2050,TRE,7105.5,26807.0,28568.0
full-current-policies-commit,Solar,2050,WECC,25926.5,82573.0,84477.0
full-current-policies-commit,Wind,2050,CA,0.5,911.0,969.0
full-current-policies-commit,Wind,2050,MISO,2.5,98523.0,99189.0
full-current-policies-commit,Wind,2050,NE,4634.0,50593.0,52493.0
full-current-policies-commit,Wind,2050,PJM,322.0,46021.0,47063.0
full-current-policies-commit,Wind,2050,SOU,0.0,22970.0,25644.0
full-current-policies-commit,Wind,2050,SPP,1130.5,54997.0,59662.0
full-current-policies-commit,Wind,2050,TRE,2.5,56930.0,58333.0
full-current-policies-commit,Wind,2050,WECC,619.0,80995.0,82493.0
