line_name,planning_year,case,start_region,dest_region,value
BASN_to_CANO,2027,full-base-200,BASN,CANO,0.0
PJMD_to_PJME,2027,full-base-200,PJMD,PJME,0.0
MISC_to_PJMW,2027,full-base-200,MISC,PJMW,0.0
MISC_to_PJMC,2027,full-base-200,MISC,PJMC,0.0
PJMD_to_PJMW,2027,full-base-200,PJMD,PJMW,0.0
PJMD_to_SRCA,2027,full-base-200,PJMD,SRCA,0.0
NYCW_to_PJME,2027,full-base-200,NYCW,PJME,4309.5
MISC_to_SPPC,2027,full-base-200,MISC,SPPC,0.0
NYUP_to_PJME,2027,full-base-200,NYUP,PJME,0.5
PJMC_to_PJMW,2027,full-base-200,PJMC,PJMW,0.0
MISC_to_MISE,2027,full-base-200,MISC,MISE,1.0
PJMW_to_SRCE,2027,full-base-200,PJMW,SRCE,0.0
ISNE_to_NYUP,2027,full-base-200,ISNE,NYUP,0.5
RMRG_to_SPPC,2027,full-base-200,RMRG,SPPC,4.0
PJMW_to_SRCA,2027,full-base-200,PJMW,SRCA,0.0
PJME_to_PJMW,2027,full-base-200,PJME,PJMW,0.0
MISC_to_MISS,2027,full-base-200,MISC,MISS,0.0
PJMW_to_MISE,2027,full-base-200,PJMW,MISE,0.0
MISC_to_SPPN,2027,full-base-200,MISC,SPPN,2.5
MISS_to_SPPC,2027,full-base-200,MISS,SPPC,2.5
MISW_to_PJMC,2027,full-base-200,MISW,PJMC,0.0
MISW_to_SPPC,2027,full-base-200,MISW,SPPC,1.0
MISW_to_NWPP,2027,full-base-200,MISW,NWPP,0.0
MISS_to_SRCE,2027,full-base-200,MISS,SRCE,0.0
MISS_to_SRSE,2027,full-base-200,MISS,SRSE,0.0
MISW_to_MISC,2027,full-base-200,MISW,MISC,0.0
MISS_to_SPPS,2027,full-base-200,MISS,SPPS,20.666666666666668
MISW_to_SPPN,2027,full-base-200,MISW,SPPN,0.0
MISC_to_SPPS,2027,full-base-200,MISC,SPPS,0.0
NWPP_to_SPPN,2027,full-base-200,NWPP,SPPN,0.5
NYCW_to_NYUP,2027,full-base-200,NYCW,NYUP,0.0
NWPP_to_RMRG,2027,full-base-200,NWPP,RMRG,0.0
MISE_to_MISW,2027,full-base-200,MISE,MISW,1.0
NWPP_to_BASN,2027,full-base-200,NWPP,BASN,0.5
NWPP_to_CASO,2027,full-base-200,NWPP,CASO,0.0
MISC_to_SRCE,2027,full-base-200,MISC,SRCE,0.0
CASO_to_BASN,2027,full-base-200,CASO,BASN,0.5
SPPS_to_SRSG,2027,full-base-200,SPPS,SRSG,0.0
CASO_to_CANO,2027,full-base-200,CASO,CANO,0.0
CASO_to_SRSG,2027,full-base-200,CASO,SRSG,0.0
SPPN_to_SPPS,2027,full-base-200,SPPN,SPPS,8.0
SRSG_to_BASN,2027,full-base-200,SRSG,BASN,0.5
SPPS_to_TREW,2027,full-base-200,SPPS,TREW,1474.0
SRCA_to_SRSE,2027,full-base-200,SRCA,SRSE,0.0
SRCA_to_SRCE,2027,full-base-200,SRCA,SRCE,0.0
SRSG_to_TRE,2027,full-base-200,SRSG,TRE,1.0
SRCE_to_SRSE,2027,full-base-200,SRCE,SRSE,0.0
BASN_to_RMRG,2027,full-base-200,BASN,RMRG,0.0
CANO_to_NWPP,2027,full-base-200,CANO,NWPP,0.0
SPPS_to_TRE,2027,full-base-200,SPPS,TRE,4.0
SPPC_to_SPPN,2027,full-base-200,SPPC,SPPN,1590.0
FRCC_to_SRSE,2027,full-base-200,FRCC,SRSE,0.0
TREW_to_TRE,2027,full-base-200,TREW,TRE,0.0
RMRG_to_SRSG,2027,full-base-200,RMRG,SRSG,1.5
SPPC_to_SPPS,2027,full-base-200,SPPC,SPPS,0.0
ISNE_to_NYCW,2027,full-base-200,ISNE,NYCW,51.333333333333336
RMRG_to_SPPN,2027,full-base-200,RMRG,SPPN,1477.5
PJMD_to_PJME,2030,full-base-200,PJMD,PJME,2827.75
MISC_to_PJMC,2030,full-base-200,MISC,PJMC,1.0
PJMD_to_PJMW,2030,full-base-200,PJMD,PJMW,0.5
MISC_to_PJMW,2030,full-base-200,MISC,PJMW,10.666666666666666
PJMC_to_PJMW,2030,full-base-200,PJMC,PJMW,8991.75
NYCW_to_PJME,2030,full-base-200,NYCW,PJME,324.6666666666667
MISC_to_SPPC,2030,full-base-200,MISC,SPPC,4687.25
NYUP_to_PJME,2030,full-base-200,NYUP,PJME,3534.25
PJMD_to_SRCA,2030,full-base-200,PJMD,SRCA,9.0
PJMW_to_SRCE,2030,full-base-200,PJMW,SRCE,0.5
ISNE_to_NYUP,2030,full-base-200,ISNE,NYUP,4578.5
RMRG_to_SPPC,2030,full-base-200,RMRG,SPPC,5767.25
MISC_to_MISE,2030,full-base-200,MISC,MISE,1758.75
PJME_to_PJMW,2030,full-base-200,PJME,PJMW,3061.75
MISC_to_MISS,2030,full-base-200,MISC,MISS,0.5
PJMW_to_MISE,2030,full-base-200,PJMW,MISE,0.0
PJMW_to_SRCA,2030,full-base-200,PJMW,SRCA,0.5
MISW_to_NWPP,2030,full-base-200,MISW,NWPP,1.5
MISS_to_SPPC,2030,full-base-200,MISS,SPPC,3216.75
MISW_to_PJMC,2030,full-base-200,MISW,PJMC,6868.25
MISW_to_SPPC,2030,full-base-200,MISW,SPPC,29.5
MISS_to_SRCE,2030,full-base-200,MISS,SRCE,0.5
MISS_to_SRSE,2030,full-base-200,MISS,SRSE,7367.5
MISS_to_SPPS,2030,full-base-200,MISS,SPPS,16544.75
MISW_to_MISC,2030,full-base-200,MISW,MISC,0.0
MISW_to_SPPN,2030,full-base-200,MISW,SPPN,0.0
NWPP_to_RMRG,2030,full-base-200,NWPP,RMRG,2347.0
MISC_to_SPPS,2030,full-base-200,MISC,SPPS,3438.25
NWPP_to_SPPN,2030,full-base-200,NWPP,SPPN,790.75
NYCW_to_NYUP,2030,full-base-200,NYCW,NYUP,1956.75
MISC_to_SPPN,2030,full-base-200,MISC,SPPN,1756.0
MISE_to_MISW,2030,full-base-200,MISE,MISW,1008.25
NWPP_to_BASN,2030,full-base-200,NWPP,BASN,0.5
NWPP_to_CASO,2030,full-base-200,NWPP,CASO,0.0
MISC_to_SRCE,2030,full-base-200,MISC,SRCE,2.5
CASO_to_BASN,2030,full-base-200,CASO,BASN,0.5
CASO_to_CANO,2030,full-base-200,CASO,CANO,3.0
SPPS_to_SRSG,2030,full-base-200,SPPS,SRSG,6653.25
SPPN_to_SPPS,2030,full-base-200,SPPN,SPPS,5135.25
SRSG_to_BASN,2030,full-base-200,SRSG,BASN,0.0
SRCE_to_SRSE,2030,full-base-200,SRCE,SRSE,2.0
SRCA_to_SRSE,2030,full-base-200,SRCA,SRSE,0.5
SPPS_to_TREW,2030,full-base-200,SPPS,TREW,4609.25
SRCA_to_SRCE,2030,full-base-200,SRCA,SRCE,1.0
CANO_to_NWPP,2030,full-base-200,CANO,NWPP,0.5
SPPS_to_TRE,2030,full-base-200,SPPS,TRE,7282.5
BASN_to_RMRG,2030,full-base-200,BASN,RMRG,10.666666666666666
CASO_to_SRSG,2030,full-base-200,CASO,SRSG,2590.0
RMRG_to_SRSG,2030,full-base-200,RMRG,SRSG,378.0
SPPC_to_SPPN,2030,full-base-200,SPPC,SPPN,7.333333333333333
FRCC_to_SRSE,2030,full-base-200,FRCC,SRSE,0.5
SPPC_to_SPPS,2030,full-base-200,SPPC,SPPS,1.5
TREW_to_TRE,2030,full-base-200,TREW,TRE,0.5
SRSG_to_TRE,2030,full-base-200,SRSG,TRE,1995.25
RMRG_to_SPPN,2030,full-base-200,RMRG,SPPN,1634.25
BASN_to_CANO,2030,full-base-200,BASN,CANO,0.5
ISNE_to_NYCW,2030,full-base-200,ISNE,NYCW,0.0
PJMD_to_PJME,2035,full-base-200,PJMD,PJME,1014.25
MISC_to_PJMC,2035,full-base-200,MISC,PJMC,8.333333333333334
PJMD_to_PJMW,2035,full-base-200,PJMD,PJMW,0.0
PJMC_to_PJMW,2035,full-base-200,PJMC,PJMW,800.0
NYCW_to_PJME,2035,full-base-200,NYCW,PJME,4527.0
MISC_to_SPPC,2035,full-base-200,MISC,SPPC,1473.25
NYUP_to_PJME,2035,full-base-200,NYUP,PJME,3598.0
MISC_to_PJMW,2035,full-base-200,MISC,PJMW,815.75
PJMD_to_SRCA,2035,full-base-200,PJMD,SRCA,55.0
PJMW_to_SRCE,2035,full-base-200,PJMW,SRCE,15.0
ISNE_to_NYUP,2035,full-base-200,ISNE,NYUP,3868.25
RMRG_to_SPPC,2035,full-base-200,RMRG,SPPC,2046.0
PJMW_to_SRCA,2035,full-base-200,PJMW,SRCA,3.3333333333333335
MISC_to_MISS,2035,full-base-200,MISC,MISS,3.6666666666666665
PJME_to_PJMW,2035,full-base-200,PJME,PJMW,21174.0
PJMW_to_MISE,2035,full-base-200,PJMW,MISE,0.0
MISC_to_MISE,2035,full-base-200,MISC,MISE,116.25
MISW_to_NWPP,2035,full-base-200,MISW,NWPP,5.333333333333333
MISS_to_SPPC,2035,full-base-200,MISS,SPPC,459.25
MISW_to_PJMC,2035,full-base-200,MISW,PJMC,129.66666666666666
MISW_to_SPPC,2035,full-base-200,MISW,SPPC,8.333333333333334
MISS_to_SRSE,2035,full-base-200,MISS,SRSE,164.66666666666666
MISS_to_SPPS,2035,full-base-200,MISS,SPPS,3636.0
MISW_to_MISC,2035,full-base-200,MISW,MISC,0.0
MISW_to_SPPN,2035,full-base-200,MISW,SPPN,4.666666666666667
NWPP_to_RMRG,2035,full-base-200,NWPP,RMRG,1259.0
MISC_to_SPPS,2035,full-base-200,MISC,SPPS,391.5
NWPP_to_SPPN,2035,full-base-200,NWPP,SPPN,641.0
MISC_to_SPPN,2035,full-base-200,MISC,SPPN,425.0
NYCW_to_NYUP,2035,full-base-200,NYCW,NYUP,5.0
MISE_to_MISW,2035,full-base-200,MISE,MISW,21.333333333333332
NWPP_to_BASN,2035,full-base-200,NWPP,BASN,0.0
MISC_to_SRCE,2035,full-base-200,MISC,SRCE,3.6666666666666665
NWPP_to_CASO,2035,full-base-200,NWPP,CASO,0.0
MISS_to_SRCE,2035,full-base-200,MISS,SRCE,4.333333333333333
ISNE_to_NYCW,2035,full-base-200,ISNE,NYCW,8.333333333333334
CASO_to_BASN,2035,full-base-200,CASO,BASN,0.0
SRCE_to_SRSE,2035,full-base-200,SRCE,SRSE,8.333333333333334
CASO_to_CANO,2035,full-base-200,CASO,CANO,0.0
SPPC_to_SPPS,2035,full-base-200,SPPC,SPPS,159.66666666666666
SRSG_to_BASN,2035,full-base-200,SRSG,BASN,0.0
SPPS_to_SRSG,2035,full-base-200,SPPS,SRSG,1535.25
SPPS_to_TREW,2035,full-base-200,SPPS,TREW,1043.5
CANO_to_NWPP,2035,full-base-200,CANO,NWPP,0.0
SRCA_to_SRSE,2035,full-base-200,SRCA,SRSE,4.666666666666667
BASN_to_RMRG,2035,full-base-200,BASN,RMRG,50.666666666666664
SPPS_to_TRE,2035,full-base-200,SPPS,TRE,101.33333333333333
SPPN_to_SPPS,2035,full-base-200,SPPN,SPPS,465.25
SRCA_to_SRCE,2035,full-base-200,SRCA,SRCE,23.666666666666668
SPPC_to_SPPN,2035,full-base-200,SPPC,SPPN,56.666666666666664
BASN_to_CANO,2035,full-base-200,BASN,CANO,3.6666666666666665
TREW_to_TRE,2035,full-base-200,TREW,TRE,3.6666666666666665
FRCC_to_SRSE,2035,full-base-200,FRCC,SRSE,10.0
RMRG_to_SRSG,2035,full-base-200,RMRG,SRSG,1225.5
CASO_to_SRSG,2035,full-base-200,CASO,SRSG,1403.75
SRSG_to_TRE,2035,full-base-200,SRSG,TRE,1008.0
RMRG_to_SPPN,2035,full-base-200,RMRG,SPPN,536.0
PJMC_to_PJMW,2040,full-base-200,PJMC,PJMW,400.3333333333333
MISC_to_PJMC,2040,full-base-200,MISC,PJMC,7.333333333333333
PJMD_to_PJME,2040,full-base-200,PJMD,PJME,1036.0
PJMD_to_PJMW,2040,full-base-200,PJMD,PJMW,0.0
MISC_to_SPPC,2040,full-base-200,MISC,SPPC,849.75
NYCW_to_PJME,2040,full-base-200,NYCW,PJME,1357.5
NYUP_to_PJME,2040,full-base-200,NYUP,PJME,1970.25
MISC_to_PJMW,2040,full-base-200,MISC,PJMW,2158.25
PJMW_to_SRCA,2040,full-base-200,PJMW,SRCA,0.0
ISNE_to_NYUP,2040,full-base-200,ISNE,NYUP,698.0
PJMW_to_SRCE,2040,full-base-200,PJMW,SRCE,23.0
RMRG_to_SPPC,2040,full-base-200,RMRG,SPPC,370.0
PJMD_to_SRCA,2040,full-base-200,PJMD,SRCA,1017.75
MISC_to_MISS,2040,full-base-200,MISC,MISS,0.0
PJME_to_PJMW,2040,full-base-200,PJME,PJMW,11993.75
MISC_to_MISE,2040,full-base-200,MISC,MISE,208.5
PJMW_to_MISE,2040,full-base-200,PJMW,MISE,0.5
ISNE_to_NYCW,2040,full-base-200,ISNE,NYCW,6.333333333333333
MISW_to_NWPP,2040,full-base-200,MISW,NWPP,0.0
MISS_to_SPPC,2040,full-base-200,MISS,SPPC,26.666666666666668
MISW_to_SPPC,2040,full-base-200,MISW,SPPC,6.333333333333333
MISW_to_PJMC,2040,full-base-200,MISW,PJMC,1124.0
MISS_to_SRCE,2040,full-base-200,MISS,SRCE,0.0
MISS_to_SRSE,2040,full-base-200,MISS,SRSE,328.0
MISS_to_SPPS,2040,full-base-200,MISS,SPPS,1212.3333333333333
MISW_to_MISC,2040,full-base-200,MISW,MISC,0.0
MISE_to_MISW,2040,full-base-200,MISE,MISW,13.666666666666666
MISC_to_SPPS,2040,full-base-200,MISC,SPPS,511.5
NWPP_to_RMRG,2040,full-base-200,NWPP,RMRG,307.3333333333333
NWPP_to_SPPN,2040,full-base-200,NWPP,SPPN,667.5
MISC_to_SPPN,2040,full-base-200,MISC,SPPN,312.3333333333333
NYCW_to_NYUP,2040,full-base-200,NYCW,NYUP,167.33333333333334
MISW_to_SPPN,2040,full-base-200,MISW,SPPN,0.0
NWPP_to_BASN,2040,full-base-200,NWPP,BASN,0.0
MISC_to_SRCE,2040,full-base-200,MISC,SRCE,0.0
NWPP_to_CASO,2040,full-base-200,NWPP,CASO,0.0
CASO_to_BASN,2040,full-base-200,CASO,BASN,0.0
SPPN_to_SPPS,2040,full-base-200,SPPN,SPPS,137.66666666666666
SRCE_to_SRSE,2040,full-base-200,SRCE,SRSE,5.666666666666667
SPPC_to_SPPS,2040,full-base-200,SPPC,SPPS,135.66666666666666
SRSG_to_BASN,2040,full-base-200,SRSG,BASN,0.0
CASO_to_CANO,2040,full-base-200,CASO,CANO,0.0
CANO_to_NWPP,2040,full-base-200,CANO,NWPP,0.0
BASN_to_RMRG,2040,full-base-200,BASN,RMRG,91.5
SPPS_to_TREW,2040,full-base-200,SPPS,TREW,30.0
SRCA_to_SRCE,2040,full-base-200,SRCA,SRCE,16.0
SPPS_to_TRE,2040,full-base-200,SPPS,TRE,55.0
SPPS_to_SRSG,2040,full-base-200,SPPS,SRSG,2347.5
SRCA_to_SRSE,2040,full-base-200,SRCA,SRSE,0.0
RMRG_to_SRSG,2040,full-base-200,RMRG,SRSG,74.0
FRCC_to_SRSE,2040,full-base-200,FRCC,SRSE,12.333333333333334
BASN_to_CANO,2040,full-base-200,BASN,CANO,0.0
RMRG_to_SPPN,2040,full-base-200,RMRG,SPPN,780.0
TREW_to_TRE,2040,full-base-200,TREW,TRE,0.0
SPPC_to_SPPN,2040,full-base-200,SPPC,SPPN,37.666666666666664
CASO_to_SRSG,2040,full-base-200,CASO,SRSG,1294.5
SRSG_to_TRE,2040,full-base-200,SRSG,TRE,1407.5
PJMC_to_PJMW,2045,full-base-200,PJMC,PJMW,24.333333333333332
MISC_to_PJMC,2045,full-base-200,MISC,PJMC,6.666666666666667
PJMD_to_PJMW,2045,full-base-200,PJMD,PJMW,640.0
PJMD_to_PJME,2045,full-base-200,PJMD,PJME,1798.5
MISC_to_SPPC,2045,full-base-200,MISC,SPPC,1232.5
NYCW_to_PJME,2045,full-base-200,NYCW,PJME,1280.0
MISC_to_PJMW,2045,full-base-200,MISC,PJMW,2128.0
NYUP_to_PJME,2045,full-base-200,NYUP,PJME,150.0
MISC_to_MISS,2045,full-base-200,MISC,MISS,0.0
PJMW_to_SRCA,2045,full-base-200,PJMW,SRCA,0.0
ISNE_to_NYUP,2045,full-base-200,ISNE,NYUP,72.33333333333333
PJMW_to_SRCE,2045,full-base-200,PJMW,SRCE,340.75
ISNE_to_NYCW,2045,full-base-200,ISNE,NYCW,7.666666666666667
RMRG_to_SPPC,2045,full-base-200,RMRG,SPPC,1429.0
PJMD_to_SRCA,2045,full-base-200,PJMD,SRCA,1624.25
PJME_to_PJMW,2045,full-base-200,PJME,PJMW,7304.333333333333
MISC_to_MISE,2045,full-base-200,MISC,MISE,31.0
PJMW_to_MISE,2045,full-base-200,PJMW,MISE,0.0
NYCW_to_NYUP,2045,full-base-200,NYCW,NYUP,408.3333333333333
MISW_to_NWPP,2045,full-base-200,MISW,NWPP,4.333333333333333
MISW_to_PJMC,2045,full-base-200,MISW,PJMC,1152.75
MISW_to_SPPC,2045,full-base-200,MISW,SPPC,216.5
MISE_to_MISW,2045,full-base-200,MISE,MISW,58.5
MISS_to_SPPC,2045,full-base-200,MISS,SPPC,143.0
MISS_to_SRCE,2045,full-base-200,MISS,SRCE,0.0
MISS_to_SPPS,2045,full-base-200,MISS,SPPS,1402.6666666666667
MISS_to_SRSE,2045,full-base-200,MISS,SRSE,77.66666666666667
MISW_to_MISC,2045,full-base-200,MISW,MISC,0.0
NWPP_to_RMRG,2045,full-base-200,NWPP,RMRG,1327.25
MISC_to_SPPN,2045,full-base-200,MISC,SPPN,493.75
NWPP_to_SPPN,2045,full-base-200,NWPP,SPPN,845.25
MISC_to_SPPS,2045,full-base-200,MISC,SPPS,1401.75
MISW_to_SPPN,2045,full-base-200,MISW,SPPN,17.333333333333332
MISC_to_SRCE,2045,full-base-200,MISC,SRCE,0.0
NWPP_to_BASN,2045,full-base-200,NWPP,BASN,0.0
NWPP_to_CASO,2045,full-base-200,NWPP,CASO,0.0
CASO_to_BASN,2045,full-base-200,CASO,BASN,0.0
SRCE_to_SRSE,2045,full-base-200,SRCE,SRSE,5.333333333333333
SPPN_to_SPPS,2045,full-base-200,SPPN,SPPS,346.5
CANO_to_NWPP,2045,full-base-200,CANO,NWPP,0.0
SRSG_to_BASN,2045,full-base-200,SRSG,BASN,0.5
SPPC_to_SPPS,2045,full-base-200,SPPC,SPPS,371.0
CASO_to_CANO,2045,full-base-200,CASO,CANO,0.0
BASN_to_RMRG,2045,full-base-200,BASN,RMRG,1534.75
SPPS_to_TREW,2045,full-base-200,SPPS,TREW,148.0
SRCA_to_SRCE,2045,full-base-200,SRCA,SRCE,43.0
SPPS_to_TRE,2045,full-base-200,SPPS,TRE,379.0
SPPS_to_SRSG,2045,full-base-200,SPPS,SRSG,2856.6666666666665
SRCA_to_SRSE,2045,full-base-200,SRCA,SRSE,0.0
SRSG_to_TRE,2045,full-base-200,SRSG,TRE,1454.5
RMRG_to_SPPN,2045,full-base-200,RMRG,SPPN,1040.5
CASO_to_SRSG,2045,full-base-200,CASO,SRSG,1115.5
RMRG_to_SRSG,2045,full-base-200,RMRG,SRSG,378.75
BASN_to_CANO,2045,full-base-200,BASN,CANO,0.5
FRCC_to_SRSE,2045,full-base-200,FRCC,SRSE,23.666666666666668
TREW_to_TRE,2045,full-base-200,TREW,TRE,0.0
SPPC_to_SPPN,2045,full-base-200,SPPC,SPPN,39.333333333333336
MISC_to_PJMC,2050,full-base-200,MISC,PJMC,0.0
PJMC_to_PJMW,2050,full-base-200,PJMC,PJMW,67.33333333333333
PJMD_to_PJME,2050,full-base-200,PJMD,PJME,489.0
PJMD_to_PJMW,2050,full-base-200,PJMD,PJMW,334.0
NYCW_to_NYUP,2050,full-base-200,NYCW,NYUP,0.0
NYCW_to_PJME,2050,full-base-200,NYCW,PJME,280.6666666666667
MISC_to_PJMW,2050,full-base-200,MISC,PJMW,1903.25
NYUP_to_PJME,2050,full-base-200,NYUP,PJME,9.0
MISC_to_MISS,2050,full-base-200,MISC,MISS,0.0
ISNE_to_NYUP,2050,full-base-200,ISNE,NYUP,1.5
PJMW_to_SRCA,2050,full-base-200,PJMW,SRCA,0.0
PJMW_to_SRCE,2050,full-base-200,PJMW,SRCE,85.25
ISNE_to_NYCW,2050,full-base-200,ISNE,NYCW,0.0
MISC_to_SPPC,2050,full-base-200,MISC,SPPC,982.25
PJMD_to_SRCA,2050,full-base-200,PJMD,SRCA,15.333333333333334
MISC_to_MISE,2050,full-base-200,MISC,MISE,258.6666666666667
PJME_to_PJMW,2050,full-base-200,PJME,PJMW,2591.3333333333335
PJMW_to_MISE,2050,full-base-200,PJMW,MISE,0.0
MISW_to_NWPP,2050,full-base-200,MISW,NWPP,0.0
MISW_to_PJMC,2050,full-base-200,MISW,PJMC,4.0
MISE_to_MISW,2050,full-base-200,MISE,MISW,0.0
MISW_to_SPPC,2050,full-base-200,MISW,SPPC,14.333333333333334
MISW_to_MISC,2050,full-base-200,MISW,MISC,0.0
MISS_to_SRCE,2050,full-base-200,MISS,SRCE,0.0
MISS_to_SPPS,2050,full-base-200,MISS,SPPS,26.666666666666668
MISS_to_SRSE,2050,full-base-200,MISS,SRSE,1145.0
MISS_to_SPPC,2050,full-base-200,MISS,SPPC,21.0
NWPP_to_RMRG,2050,full-base-200,NWPP,RMRG,106.33333333333333
MISC_to_SPPN,2050,full-base-200,MISC,SPPN,750.0
NWPP_to_SPPN,2050,full-base-200,NWPP,SPPN,508.0
MISC_to_SPPS,2050,full-base-200,MISC,SPPS,1101.25
MISW_to_SPPN,2050,full-base-200,MISW,SPPN,7.666666666666667
MISC_to_SRCE,2050,full-base-200,MISC,SRCE,0.0
NWPP_to_BASN,2050,full-base-200,NWPP,BASN,0.0
NWPP_to_CASO,2050,full-base-200,NWPP,CASO,0.0
RMRG_to_SPPC,2050,full-base-200,RMRG,SPPC,395.6666666666667
SRCE_to_SRSE,2050,full-base-200,SRCE,SRSE,7.0
CANO_to_NWPP,2050,full-base-200,CANO,NWPP,4.666666666666667
SPPN_to_SPPS,2050,full-base-200,SPPN,SPPS,45.666666666666664
CASO_to_BASN,2050,full-base-200,CASO,BASN,0.0
SRSG_to_BASN,2050,full-base-200,SRSG,BASN,0.0
SPPC_to_SPPS,2050,full-base-200,SPPC,SPPS,22.666666666666668
CASO_to_CANO,2050,full-base-200,CASO,CANO,0.0
SPPS_to_TRE,2050,full-base-200,SPPS,TRE,19.666666666666668
BASN_to_RMRG,2050,full-base-200,BASN,RMRG,245.75
SPPS_to_TREW,2050,full-base-200,SPPS,TREW,20.666666666666668
SRCA_to_SRCE,2050,full-base-200,SRCA,SRCE,162.25
SRCA_to_SRSE,2050,full-base-200,SRCA,SRSE,4.666666666666667
SPPS_to_SRSG,2050,full-base-200,SPPS,SRSG,657.0
BASN_to_CANO,2050,full-base-200,BASN,CANO,0.0
CASO_to_SRSG,2050,full-base-200,CASO,SRSG,20.0
FRCC_to_SRSE,2050,full-base-200,FRCC,SRSE,98.0
RMRG_to_SRSG,2050,full-base-200,RMRG,SRSG,86.66666666666667
SRSG_to_TRE,2050,full-base-200,SRSG,TRE,385.75
RMRG_to_SPPN,2050,full-base-200,RMRG,SPPN,945.5
TREW_to_TRE,2050,full-base-200,TREW,TRE,0.0
SPPC_to_SPPN,2050,full-base-200,SPPC,SPPN,15.333333333333334
NWPP_to_BASN,2027,full-base-200-retire,NWPP,BASN,0.0
SRCA_to_SRSE,2027,full-base-200-retire,SRCA,SRSE,0.0
MISS_to_SRSE,2027,full-base-200-retire,MISS,SRSE,8.666666666666666
NWPP_to_CASO,2027,full-base-200-retire,NWPP,CASO,0.0
SRSG_to_BASN,2027,full-base-200-retire,SRSG,BASN,0.0
MISW_to_PJMC,2027,full-base-200-retire,MISW,PJMC,6.333333333333333
MISW_to_NWPP,2027,full-base-200-retire,MISW,NWPP,0.0
SRSG_to_TRE,2027,full-base-200-retire,SRSG,TRE,6.666666666666667
TREW_to_TRE,2027,full-base-200-retire,TREW,TRE,-0.3333333333333333
SRCE_to_SRSE,2027,full-base-200-retire,SRCE,SRSE,4.333333333333333
MISW_to_MISC,2027,full-base-200-retire,MISW,MISC,0.0
MISW_to_SPPC,2027,full-base-200-retire,MISW,SPPC,1.0
MISW_to_SPPN,2027,full-base-200-retire,MISW,SPPN,0.0
PJME_to_PJMW,2027,full-base-200-retire,PJME,PJMW,0.0
SPPC_to_SPPS,2027,full-base-200-retire,SPPC,SPPS,14.333333333333334
PJMD_to_SRCA,2027,full-base-200-retire,PJMD,SRCA,21.333333333333332
PJMD_to_PJMW,2027,full-base-200-retire,PJMD,PJMW,-0.3333333333333333
SPPN_to_SPPS,2027,full-base-200-retire,SPPN,SPPS,1111.5
SPPC_to_SPPN,2027,full-base-200-retire,SPPC,SPPN,1213.75
RMRG_to_SPPN,2027,full-base-200-retire,RMRG,SPPN,2558.75
RMRG_to_SPPC,2027,full-base-200-retire,RMRG,SPPC,1047.75
PJMW_to_SRCE,2027,full-base-200-retire,PJMW,SRCE,0.0
RMRG_to_SRSG,2027,full-base-200-retire,RMRG,SRSG,7.0
PJMW_to_SRCA,2027,full-base-200-retire,PJMW,SRCA,5.333333333333333
NYCW_to_NYUP,2027,full-base-200-retire,NYCW,NYUP,0.0
SPPS_to_TREW,2027,full-base-200-retire,SPPS,TREW,2981.5
SPPS_to_TRE,2027,full-base-200-retire,SPPS,TRE,611.0
NWPP_to_SPPN,2027,full-base-200-retire,NWPP,SPPN,5.333333333333333
SRCA_to_SRCE,2027,full-base-200-retire,SRCA,SRCE,4.0
NWPP_to_RMRG,2027,full-base-200-retire,NWPP,RMRG,0.0
PJMD_to_PJME,2027,full-base-200-retire,PJMD,PJME,950.25
PJMC_to_PJMW,2027,full-base-200-retire,PJMC,PJMW,4.666666666666667
SPPS_to_SRSG,2027,full-base-200-retire,SPPS,SRSG,1820.5
NYUP_to_PJME,2027,full-base-200-retire,NYUP,PJME,8.666666666666666
NYCW_to_PJME,2027,full-base-200-retire,NYCW,PJME,485.6666666666667
ISNE_to_NYUP,2027,full-base-200-retire,ISNE,NYUP,198.5
MISC_to_SPPN,2027,full-base-200-retire,MISC,SPPN,8.333333333333334
BASN_to_CASO,2027,full-base-200-retire,BASN,CASO,0.0
CANO_to_CASO,2027,full-base-200-retire,CANO,CASO,0.0
MISE_to_PJMW,2027,full-base-200-retire,MISE,PJMW,0.0
MISC_to_MISS,2027,full-base-200-retire,MISC,MISS,0.0
MISC_to_SRCE,2027,full-base-200-retire,MISC,SRCE,0.0
MISE_to_MISW,2027,full-base-200-retire,MISE,MISW,0.5
CANO_to_NWPP,2027,full-base-200-retire,CANO,NWPP,0.0
ISNE_to_NYCW,2027,full-base-200-retire,ISNE,NYCW,6.666666666666667
MISC_to_MISE,2027,full-base-200-retire,MISC,MISE,1.0
BASN_to_RMRG,2027,full-base-200-retire,BASN,RMRG,0.0
FRCC_to_SRSE,2027,full-base-200-retire,FRCC,SRSE,0.0
MISS_to_SPPS,2027,full-base-200-retire,MISS,SPPS,805.75
BASN_to_CANO,2027,full-base-200-retire,BASN,CANO,0.0
CASO_to_SRSG,2027,full-base-200-retire,CASO,SRSG,0.0
MISC_to_PJMW,2027,full-base-200-retire,MISC,PJMW,0.5
MISS_to_SRCE,2027,full-base-200-retire,MISS,SRCE,0.0
MISC_to_SPPC,2027,full-base-200-retire,MISC,SPPC,24.0
MISC_to_SPPS,2027,full-base-200-retire,MISC,SPPS,15.0
MISC_to_PJMC,2027,full-base-200-retire,MISC,PJMC,3.3333333333333335
MISS_to_SPPC,2027,full-base-200-retire,MISS,SPPC,17.333333333333332
TREW_to_TRE,2030,full-base-200-retire,TREW,TRE,0.5
NWPP_to_BASN,2030,full-base-200-retire,NWPP,BASN,2.0
SRCA_to_SRSE,2030,full-base-200-retire,SRCA,SRSE,0.0
NWPP_to_CASO,2030,full-base-200-retire,NWPP,CASO,0.5
MISS_to_SRSE,2030,full-base-200-retire,MISS,SRSE,8392.0
MISW_to_NWPP,2030,full-base-200-retire,MISW,NWPP,1.0
SRSG_to_BASN,2030,full-base-200-retire,SRSG,BASN,0.5
MISW_to_PJMC,2030,full-base-200-retire,MISW,PJMC,6659.0
SRSG_to_TRE,2030,full-base-200-retire,SRSG,TRE,2078.0
SRCE_to_SRSE,2030,full-base-200-retire,SRCE,SRSE,4.0
MISW_to_MISC,2030,full-base-200-retire,MISW,MISC,0.0
MISW_to_SPPC,2030,full-base-200-retire,MISW,SPPC,19.0
SPPS_to_TRE,2030,full-base-200-retire,SPPS,TRE,6417.5
SRCA_to_SRCE,2030,full-base-200-retire,SRCA,SRCE,234.0
PJME_to_PJMW,2030,full-base-200-retire,PJME,PJMW,3034.5
SPPC_to_SPPS,2030,full-base-200-retire,SPPC,SPPS,7.0
PJMD_to_PJMW,2030,full-base-200-retire,PJMD,PJMW,2.0
PJMD_to_SRCA,2030,full-base-200-retire,PJMD,SRCA,4.0
SPPC_to_SPPN,2030,full-base-200-retire,SPPC,SPPN,10.666666666666666
RMRG_to_SPPN,2030,full-base-200-retire,RMRG,SPPN,528.5
RMRG_to_SPPC,2030,full-base-200-retire,RMRG,SPPC,5245.5
PJMW_to_SRCE,2030,full-base-200-retire,PJMW,SRCE,1.0
RMRG_to_SRSG,2030,full-base-200-retire,RMRG,SRSG,317.25
PJMW_to_SRCA,2030,full-base-200-retire,PJMW,SRCA,0.5
SPPN_to_SPPS,2030,full-base-200-retire,SPPN,SPPS,4381.5
NYCW_to_NYUP,2030,full-base-200-retire,NYCW,NYUP,1917.6666666666667
SPPS_to_TREW,2030,full-base-200-retire,SPPS,TREW,3137.25
NWPP_to_RMRG,2030,full-base-200-retire,NWPP,RMRG,2567.25
NWPP_to_SPPN,2030,full-base-200-retire,NWPP,SPPN,1187.5
PJMD_to_PJME,2030,full-base-200-retire,PJMD,PJME,2352.25
PJMC_to_PJMW,2030,full-base-200-retire,PJMC,PJMW,9024.5
NYUP_to_PJME,2030,full-base-200-retire,NYUP,PJME,4020.5
SPPS_to_SRSG,2030,full-base-200-retire,SPPS,SRSG,3833.0
NYCW_to_PJME,2030,full-base-200-retire,NYCW,PJME,3871.5
MISW_to_SPPN,2030,full-base-200-retire,MISW,SPPN,1.5
CANO_to_CASO,2030,full-base-200-retire,CANO,CASO,1.5
ISNE_to_NYUP,2030,full-base-200-retire,ISNE,NYUP,3392.0
BASN_to_RMRG,2030,full-base-200-retire,BASN,RMRG,7.666666666666667
MISC_to_SPPN,2030,full-base-200-retire,MISC,SPPN,1878.25
CANO_to_NWPP,2030,full-base-200-retire,CANO,NWPP,0.0
ISNE_to_NYCW,2030,full-base-200-retire,ISNE,NYCW,263.5
MISE_to_PJMW,2030,full-base-200-retire,MISE,PJMW,0.0
BASN_to_CASO,2030,full-base-200-retire,BASN,CASO,1.5
MISE_to_MISW,2030,full-base-200-retire,MISE,MISW,980.75
MISC_to_MISE,2030,full-base-200-retire,MISC,MISE,2564.0
MISC_to_MISS,2030,full-base-200-retire,MISC,MISS,0.5
MISC_to_SPPS,2030,full-base-200-retire,MISC,SPPS,4198.0
MISC_to_PJMW,2030,full-base-200-retire,MISC,PJMW,237.66666666666666
MISC_to_SRCE,2030,full-base-200-retire,MISC,SRCE,5.0
MISS_to_SPPS,2030,full-base-200-retire,MISS,SPPS,16135.0
FRCC_to_SRSE,2030,full-base-200-retire,FRCC,SRSE,0.0
MISS_to_SRCE,2030,full-base-200-retire,MISS,SRCE,1.5
CASO_to_SRSG,2030,full-base-200-retire,CASO,SRSG,1583.75
BASN_to_CANO,2030,full-base-200-retire,BASN,CANO,0.0
MISS_to_SPPC,2030,full-base-200-retire,MISS,SPPC,4361.25
MISC_to_SPPC,2030,full-base-200-retire,MISC,SPPC,4615.5
MISC_to_PJMC,2030,full-base-200-retire,MISC,PJMC,1.0
MISS_to_SRSE,2035,full-base-200-retire,MISS,SRSE,658.5
NWPP_to_CASO,2035,full-base-200-retire,NWPP,CASO,0.0
TREW_to_TRE,2035,full-base-200-retire,TREW,TRE,7.75
NWPP_to_BASN,2035,full-base-200-retire,NWPP,BASN,0.0
SRCA_to_SRSE,2035,full-base-200-retire,SRCA,SRSE,5.666666666666667
SRCA_to_SRCE,2035,full-base-200-retire,SRCA,SRCE,486.6666666666667
SRSG_to_TRE,2035,full-base-200-retire,SRSG,TRE,495.5
MISW_to_PJMC,2035,full-base-200-retire,MISW,PJMC,50.5
SRSG_to_BASN,2035,full-base-200-retire,SRSG,BASN,-0.3333333333333333
MISW_to_NWPP,2035,full-base-200-retire,MISW,NWPP,4.333333333333333
MISW_to_SPPN,2035,full-base-200-retire,MISW,SPPN,6.75
SRCE_to_SRSE,2035,full-base-200-retire,SRCE,SRSE,11.666666666666666
MISW_to_SPPC,2035,full-base-200-retire,MISW,SPPC,8.333333333333334
MISW_to_MISC,2035,full-base-200-retire,MISW,MISC,4.666666666666667
SPPC_to_SPPN,2035,full-base-200-retire,SPPC,SPPN,55.666666666666664
MISS_to_SRCE,2035,full-base-200-retire,MISS,SRCE,5.333333333333333
PJMD_to_SRCA,2035,full-base-200-retire,PJMD,SRCA,1211.75
SPPC_to_SPPS,2035,full-base-200-retire,SPPC,SPPS,59.0
PJMD_to_PJMW,2035,full-base-200-retire,PJMD,PJMW,4.25
RMRG_to_SPPC,2035,full-base-200-retire,RMRG,SPPC,2462.5
RMRG_to_SPPN,2035,full-base-200-retire,RMRG,SPPN,1026.25
PJMW_to_SRCE,2035,full-base-200-retire,PJMW,SRCE,17.0
RMRG_to_SRSG,2035,full-base-200-retire,RMRG,SRSG,896.25
PJMW_to_SRCA,2035,full-base-200-retire,PJMW,SRCA,5.0
SPPN_to_SPPS,2035,full-base-200-retire,SPPN,SPPS,113.25
NYCW_to_NYUP,2035,full-base-200-retire,NYCW,NYUP,4.666666666666667
SPPS_to_TRE,2035,full-base-200-retire,SPPS,TRE,96.75
NWPP_to_SPPN,2035,full-base-200-retire,NWPP,SPPN,584.6666666666666
SPPS_to_TREW,2035,full-base-200-retire,SPPS,TREW,543.5
NWPP_to_RMRG,2035,full-base-200-retire,NWPP,RMRG,699.25
PJMD_to_PJME,2035,full-base-200-retire,PJMD,PJME,388.25
PJMC_to_PJMW,2035,full-base-200-retire,PJMC,PJMW,943.25
NYUP_to_PJME,2035,full-base-200-retire,NYUP,PJME,1683.5
SPPS_to_SRSG,2035,full-base-200-retire,SPPS,SRSG,2854.0
NYCW_to_PJME,2035,full-base-200-retire,NYCW,PJME,3619.75
PJME_to_PJMW,2035,full-base-200-retire,PJME,PJMW,19894.5
CANO_to_NWPP,2035,full-base-200-retire,CANO,NWPP,4.0
BASN_to_CASO,2035,full-base-200-retire,BASN,CASO,3.25
MISE_to_MISW,2035,full-base-200-retire,MISE,MISW,27.666666666666668
ISNE_to_NYUP,2035,full-base-200-retire,ISNE,NYUP,1688.75
ISNE_to_NYCW,2035,full-base-200-retire,ISNE,NYCW,470.5
MISE_to_PJMW,2035,full-base-200-retire,MISE,PJMW,4.333333333333333
MISC_to_MISE,2035,full-base-200-retire,MISC,MISE,162.66666666666666
MISC_to_SPPS,2035,full-base-200-retire,MISC,SPPS,84.25
MISC_to_MISS,2035,full-base-200-retire,MISC,MISS,4.0
MISC_to_SPPN,2035,full-base-200-retire,MISC,SPPN,526.5
CANO_to_CASO,2035,full-base-200-retire,CANO,CASO,3.6666666666666665
MISC_to_SRCE,2035,full-base-200-retire,MISC,SRCE,4.0
MISC_to_SPPC,2035,full-base-200-retire,MISC,SPPC,3071.0
BASN_to_RMRG,2035,full-base-200-retire,BASN,RMRG,315.3333333333333
MISS_to_SPPS,2035,full-base-200-retire,MISS,SPPS,2067.75
BASN_to_CANO,2035,full-base-200-retire,BASN,CANO,4.0
MISC_to_PJMC,2035,full-base-200-retire,MISC,PJMC,7.0
MISC_to_PJMW,2035,full-base-200-retire,MISC,PJMW,2189.5
CASO_to_SRSG,2035,full-base-200-retire,CASO,SRSG,1331.75
MISS_to_SPPC,2035,full-base-200-retire,MISS,SPPC,134.25
FRCC_to_SRSE,2035,full-base-200-retire,FRCC,SRSE,321.3333333333333
NWPP_to_CASO,2040,full-base-200-retire,NWPP,CASO,0.0
MISS_to_SRSE,2040,full-base-200-retire,MISS,SRSE,80.0
MISS_to_SRCE,2040,full-base-200-retire,MISS,SRCE,0.0
SRCA_to_SRCE,2040,full-base-200-retire,SRCA,SRCE,59.0
SRCA_to_SRSE,2040,full-base-200-retire,SRCA,SRSE,8.333333333333334
TREW_to_TRE,2040,full-base-200-retire,TREW,TRE,0.0
NWPP_to_BASN,2040,full-base-200-retire,NWPP,BASN,0.0
MISW_to_SPPN,2040,full-base-200-retire,MISW,SPPN,6.333333333333333
MISW_to_PJMC,2040,full-base-200-retire,MISW,PJMC,257.75
SRSG_to_BASN,2040,full-base-200-retire,SRSG,BASN,0.5
MISW_to_NWPP,2040,full-base-200-retire,MISW,NWPP,3.6666666666666665
SRSG_to_TRE,2040,full-base-200-retire,SRSG,TRE,1113.5
MISW_to_MISC,2040,full-base-200-retire,MISW,MISC,0.0
SRCE_to_SRSE,2040,full-base-200-retire,SRCE,SRSE,4.333333333333333
MISW_to_SPPC,2040,full-base-200-retire,MISW,SPPC,6.666666666666667
PJME_to_PJMW,2040,full-base-200-retire,PJME,PJMW,11489.25
SPPC_to_SPPN,2040,full-base-200-retire,SPPC,SPPN,25.333333333333332
PJMD_to_SRCA,2040,full-base-200-retire,PJMD,SRCA,642.75
SPPC_to_SPPS,2040,full-base-200-retire,SPPC,SPPS,183.0
PJMD_to_PJMW,2040,full-base-200-retire,PJMD,PJMW,3.6666666666666665
RMRG_to_SPPC,2040,full-base-200-retire,RMRG,SPPC,988.25
RMRG_to_SPPN,2040,full-base-200-retire,RMRG,SPPN,887.25
PJMW_to_SRCE,2040,full-base-200-retire,PJMW,SRCE,11.0
PJMW_to_SRCA,2040,full-base-200-retire,PJMW,SRCA,0.0
RMRG_to_SRSG,2040,full-base-200-retire,RMRG,SRSG,209.25
NYCW_to_NYUP,2040,full-base-200-retire,NYCW,NYUP,0.0
SPPS_to_TRE,2040,full-base-200-retire,SPPS,TRE,20.333333333333332
NWPP_to_SPPN,2040,full-base-200-retire,NWPP,SPPN,517.5
SPPS_to_TREW,2040,full-base-200-retire,SPPS,TREW,126.0
NWPP_to_RMRG,2040,full-base-200-retire,NWPP,RMRG,284.3333333333333
PJMC_to_PJMW,2040,full-base-200-retire,PJMC,PJMW,49.0
SPPN_to_SPPS,2040,full-base-200-retire,SPPN,SPPS,118.33333333333333
NYUP_to_PJME,2040,full-base-200-retire,NYUP,PJME,1423.75
NYCW_to_PJME,2040,full-base-200-retire,NYCW,PJME,2273.0
SPPS_to_SRSG,2040,full-base-200-retire,SPPS,SRSG,1959.25
PJMD_to_PJME,2040,full-base-200-retire,PJMD,PJME,42.5
BASN_to_CASO,2040,full-base-200-retire,BASN,CASO,0.0
MISE_to_MISW,2040,full-base-200-retire,MISE,MISW,10.666666666666666
MISC_to_SPPC,2040,full-base-200-retire,MISC,SPPC,1641.5
MISE_to_PJMW,2040,full-base-200-retire,MISE,PJMW,0.0
ISNE_to_NYCW,2040,full-base-200-retire,ISNE,NYCW,12.666666666666666
CANO_to_NWPP,2040,full-base-200-retire,CANO,NWPP,3.6666666666666665
MISC_to_SPPS,2040,full-base-200-retire,MISC,SPPS,509.0
MISC_to_MISE,2040,full-base-200-retire,MISC,MISE,10.666666666666666
CANO_to_CASO,2040,full-base-200-retire,CANO,CASO,0.0
ISNE_to_NYUP,2040,full-base-200-retire,ISNE,NYUP,1780.25
MISC_to_MISS,2040,full-base-200-retire,MISC,MISS,0.0
MISC_to_SRCE,2040,full-base-200-retire,MISC,SRCE,0.0
MISC_to_SPPN,2040,full-base-200-retire,MISC,SPPN,1209.6666666666667
MISC_to_PJMC,2040,full-base-200-retire,MISC,PJMC,4.0
BASN_to_CANO,2040,full-base-200-retire,BASN,CANO,0.0
MISS_to_SPPS,2040,full-base-200-retire,MISS,SPPS,537.6666666666666
CASO_to_SRSG,2040,full-base-200-retire,CASO,SRSG,1112.25
MISC_to_PJMW,2040,full-base-200-retire,MISC,PJMW,2716.0
MISS_to_SPPC,2040,full-base-200-retire,MISS,SPPC,30.0
FRCC_to_SRSE,2040,full-base-200-retire,FRCC,SRSE,657.5
BASN_to_RMRG,2040,full-base-200-retire,BASN,RMRG,385.0
NWPP_to_CASO,2045,full-base-200-retire,NWPP,CASO,7.0
NWPP_to_BASN,2045,full-base-200-retire,NWPP,BASN,0.0
MISS_to_SRCE,2045,full-base-200-retire,MISS,SRCE,11.0
SRCA_to_SRCE,2045,full-base-200-retire,SRCA,SRCE,44.5
TREW_to_TRE,2045,full-base-200-retire,TREW,TRE,7.0
MISW_to_SPPN,2045,full-base-200-retire,MISW,SPPN,19.666666666666668
MISW_to_PJMC,2045,full-base-200-retire,MISW,PJMC,603.5
MISW_to_NWPP,2045,full-base-200-retire,MISW,NWPP,12.0
SRSG_to_BASN,2045,full-base-200-retire,SRSG,BASN,0.0
MISW_to_MISC,2045,full-base-200-retire,MISW,MISC,5.666666666666667
MISS_to_SRSE,2045,full-base-200-retire,MISS,SRSE,458.3333333333333
SRCA_to_SRSE,2045,full-base-200-retire,SRCA,SRSE,18.666666666666668
MISW_to_SPPC,2045,full-base-200-retire,MISW,SPPC,20.0
SRCE_to_SRSE,2045,full-base-200-retire,SRCE,SRSE,13.333333333333334
SRSG_to_TRE,2045,full-base-200-retire,SRSG,TRE,635.5
SPPC_to_SPPN,2045,full-base-200-retire,SPPC,SPPN,28.0
PJMD_to_SRCA,2045,full-base-200-retire,PJMD,SRCA,463.25
PJME_to_PJMW,2045,full-base-200-retire,PJME,PJMW,5985.75
PJMD_to_PJMW,2045,full-base-200-retire,PJMD,PJMW,214.0
SPPC_to_SPPS,2045,full-base-200-retire,SPPC,SPPS,300.5
RMRG_to_SPPC,2045,full-base-200-retire,RMRG,SPPC,807.5
PJMW_to_SRCE,2045,full-base-200-retire,PJMW,SRCE,405.0
RMRG_to_SPPN,2045,full-base-200-retire,RMRG,SPPN,1103.25
PJMW_to_SRCA,2045,full-base-200-retire,PJMW,SRCA,5.333333333333333
RMRG_to_SRSG,2045,full-base-200-retire,RMRG,SRSG,412.5
PJMD_to_PJME,2045,full-base-200-retire,PJMD,PJME,1133.75
SPPS_to_TRE,2045,full-base-200-retire,SPPS,TRE,33.333333333333336
NWPP_to_SPPN,2045,full-base-200-retire,NWPP,SPPN,720.0
NWPP_to_RMRG,2045,full-base-200-retire,NWPP,RMRG,860.75
SPPS_to_TREW,2045,full-base-200-retire,SPPS,TREW,436.25
NYCW_to_NYUP,2045,full-base-200-retire,NYCW,NYUP,7.333333333333333
PJMC_to_PJMW,2045,full-base-200-retire,PJMC,PJMW,30.333333333333332
NYUP_to_PJME,2045,full-base-200-retire,NYUP,PJME,513.3333333333334
SPPN_to_SPPS,2045,full-base-200-retire,SPPN,SPPS,250.5
NYCW_to_PJME,2045,full-base-200-retire,NYCW,PJME,1051.25
SPPS_to_SRSG,2045,full-base-200-retire,SPPS,SRSG,1572.6666666666667
ISNE_to_NYUP,2045,full-base-200-retire,ISNE,NYUP,122.33333333333333
MISE_to_MISW,2045,full-base-200-retire,MISE,MISW,9.333333333333334
BASN_to_CASO,2045,full-base-200-retire,BASN,CASO,6.333333333333333
ISNE_to_NYCW,2045,full-base-200-retire,ISNE,NYCW,114.75
MISE_to_PJMW,2045,full-base-200-retire,MISE,PJMW,6.666666666666667
CANO_to_NWPP,2045,full-base-200-retire,CANO,NWPP,11.333333333333334
MISC_to_SPPC,2045,full-base-200-retire,MISC,SPPC,1036.0
MISC_to_MISS,2045,full-base-200-retire,MISC,MISS,4.333333333333333
MISC_to_SPPS,2045,full-base-200-retire,MISC,SPPS,926.5
MISC_to_SPPN,2045,full-base-200-retire,MISC,SPPN,892.75
CANO_to_CASO,2045,full-base-200-retire,CANO,CASO,6.333333333333333
MISC_to_MISE,2045,full-base-200-retire,MISC,MISE,31.333333333333332
MISC_to_SRCE,2045,full-base-200-retire,MISC,SRCE,7.333333333333333
MISC_to_PJMW,2045,full-base-200-retire,MISC,PJMW,2018.75
BASN_to_RMRG,2045,full-base-200-retire,BASN,RMRG,466.75
MISS_to_SPPC,2045,full-base-200-retire,MISS,SPPC,377.75
CASO_to_SRSG,2045,full-base-200-retire,CASO,SRSG,597.25
MISC_to_PJMC,2045,full-base-200-retire,MISC,PJMC,17.333333333333332
MISS_to_SPPS,2045,full-base-200-retire,MISS,SPPS,1041.3333333333333
FRCC_to_SRSE,2045,full-base-200-retire,FRCC,SRSE,242.25
BASN_to_CANO,2045,full-base-200-retire,BASN,CANO,5.0
TREW_to_TRE,2050,full-base-200-retire,TREW,TRE,6.0
MISW_to_SPPN,2050,full-base-200-retire,MISW,SPPN,15.0
NWPP_to_BASN,2050,full-base-200-retire,NWPP,BASN,0.0
MISS_to_SRCE,2050,full-base-200-retire,MISS,SRCE,7.333333333333333
SRCA_to_SRCE,2050,full-base-200-retire,SRCA,SRCE,11.75
MISW_to_MISC,2050,full-base-200-retire,MISW,MISC,0.0
MISW_to_NWPP,2050,full-base-200-retire,MISW,NWPP,8.333333333333334
SRSG_to_BASN,2050,full-base-200-retire,SRSG,BASN,0.0
MISW_to_PJMC,2050,full-base-200-retire,MISW,PJMC,21.333333333333332
SRCA_to_SRSE,2050,full-base-200-retire,SRCA,SRSE,7.666666666666667
MISS_to_SRSE,2050,full-base-200-retire,MISS,SRSE,131.66666666666666
MISW_to_SPPC,2050,full-base-200-retire,MISW,SPPC,11.0
SRCE_to_SRSE,2050,full-base-200-retire,SRCE,SRSE,11.666666666666666
SRSG_to_TRE,2050,full-base-200-retire,SRSG,TRE,452.75
SPPC_to_SPPN,2050,full-base-200-retire,SPPC,SPPN,22.666666666666668
PJMD_to_SRCA,2050,full-base-200-retire,PJMD,SRCA,145.0
PJMD_to_PJMW,2050,full-base-200-retire,PJMD,PJMW,132.25
SPPC_to_SPPS,2050,full-base-200-retire,SPPC,SPPS,142.0
PJMD_to_PJME,2050,full-base-200-retire,PJMD,PJME,664.0
PJME_to_PJMW,2050,full-base-200-retire,PJME,PJMW,1247.3333333333333
PJMW_to_SRCE,2050,full-base-200-retire,PJMW,SRCE,236.75
RMRG_to_SPPN,2050,full-base-200-retire,RMRG,SPPN,129.25
PJMW_to_SRCA,2050,full-base-200-retire,PJMW,SRCA,0.0
RMRG_to_SRSG,2050,full-base-200-retire,RMRG,SRSG,74.33333333333333
NWPP_to_CASO,2050,full-base-200-retire,NWPP,CASO,6.0
RMRG_to_SPPC,2050,full-base-200-retire,RMRG,SPPC,517.6666666666666
NWPP_to_SPPN,2050,full-base-200-retire,NWPP,SPPN,507.5
SPPS_to_TRE,2050,full-base-200-retire,SPPS,TRE,36.333333333333336
NWPP_to_RMRG,2050,full-base-200-retire,NWPP,RMRG,828.3333333333334
SPPS_to_TREW,2050,full-base-200-retire,SPPS,TREW,378.75
NYCW_to_NYUP,2050,full-base-200-retire,NYCW,NYUP,6.666666666666667
SPPS_to_SRSG,2050,full-base-200-retire,SPPS,SRSG,1028.6666666666667
PJMC_to_PJMW,2050,full-base-200-retire,PJMC,PJMW,29.666666666666668
NYUP_to_PJME,2050,full-base-200-retire,NYUP,PJME,20.0
SPPN_to_SPPS,2050,full-base-200-retire,SPPN,SPPS,27.333333333333332
NYCW_to_PJME,2050,full-base-200-retire,NYCW,PJME,239.5
MISC_to_MISS,2050,full-base-200-retire,MISC,MISS,3.3333333333333335
ISNE_to_NYCW,2050,full-base-200-retire,ISNE,NYCW,3.3333333333333335
MISE_to_MISW,2050,full-base-200-retire,MISE,MISW,6.333333333333333
MISC_to_SPPC,2050,full-base-200-retire,MISC,SPPC,586.0
BASN_to_CASO,2050,full-base-200-retire,BASN,CASO,3.3333333333333335
MISC_to_SPPN,2050,full-base-200-retire,MISC,SPPN,57.666666666666664
MISC_to_MISE,2050,full-base-200-retire,MISC,MISE,143.33333333333334
CANO_to_CASO,2050,full-base-200-retire,CANO,CASO,5.0
MISC_to_SPPS,2050,full-base-200-retire,MISC,SPPS,65.5
MISC_to_SRCE,2050,full-base-200-retire,MISC,SRCE,4.666666666666667
ISNE_to_NYUP,2050,full-base-200-retire,ISNE,NYUP,13.666666666666666
MISE_to_PJMW,2050,full-base-200-retire,MISE,PJMW,3.6666666666666665
CASO_to_SRSG,2050,full-base-200-retire,CASO,SRSG,370.0
MISC_to_PJMW,2050,full-base-200-retire,MISC,PJMW,199.66666666666666
MISS_to_SPPC,2050,full-base-200-retire,MISS,SPPC,211.75
MISC_to_PJMC,2050,full-base-200-retire,MISC,PJMC,13.0
MISS_to_SPPS,2050,full-base-200-retire,MISS,SPPS,87.66666666666667
BASN_to_RMRG,2050,full-base-200-retire,BASN,RMRG,251.5
FRCC_to_SRSE,2050,full-base-200-retire,FRCC,SRSE,81.5
CANO_to_NWPP,2050,full-base-200-retire,CANO,NWPP,5.0
BASN_to_CANO,2050,full-base-200-retire,BASN,CANO,3.6666666666666665
PJMD_to_PJMW,2027,full-current-policies,PJMD,PJMW,0.0
MISC_to_PJMW,2027,full-current-policies,MISC,PJMW,1.0
MISC_to_MISS,2027,full-current-policies,MISC,MISS,0.0
PJME_to_PJMW,2027,full-current-policies,PJME,PJMW,0.5
MISC_to_MISW,2027,full-current-policies,MISC,MISW,0.0
PJMD_to_SRCA,2027,full-current-policies,PJMD,SRCA,1.0
SPPS_to_TREW,2027,full-current-policies,SPPS,TREW,498.0
CANO_to_CASO,2027,full-current-policies,CANO,CASO,0.0
SRCA_to_SRCE,2027,full-current-policies,SRCA,SRCE,0.0
PJMD_to_PJME,2027,full-current-policies,PJMD,PJME,0.5
MISC_to_PJMC,2027,full-current-policies,MISC,PJMC,1.5
CASO_to_NWPP,2027,full-current-policies,CASO,NWPP,0.0
RMRG_to_SRSG,2027,full-current-policies,RMRG,SRSG,1.0
ISNE_to_NYCW,2027,full-current-policies,ISNE,NYCW,0.0
RMRG_to_SPPN,2027,full-current-policies,RMRG,SPPN,184.5
CASO_to_SRSG,2027,full-current-policies,CASO,SRSG,0.5
SPPC_to_SPPS,2027,full-current-policies,SPPC,SPPS,0.0
FRCC_to_SRSE,2027,full-current-policies,FRCC,SRSE,3.0
SPPN_to_SPPS,2027,full-current-policies,SPPN,SPPS,23.5
SPPC_to_SPPN,2027,full-current-policies,SPPC,SPPN,127.25
SPPS_to_TRE,2027,full-current-policies,SPPS,TRE,8.0
MISC_to_MISE,2027,full-current-policies,MISC,MISE,4.5
CANO_to_NWPP,2027,full-current-policies,CANO,NWPP,0.0
PJMW_to_SRCA,2027,full-current-policies,PJMW,SRCA,0.0
PJMW_to_SRCE,2027,full-current-policies,PJMW,SRCE,0.0
SPPS_to_SRSG,2027,full-current-policies,SPPS,SRSG,0.0
RMRG_to_SPPC,2027,full-current-policies,RMRG,SPPC,1.5
ISNE_to_NYUP,2027,full-current-policies,ISNE,NYUP,514.25
BASN_to_SRSG,2027,full-current-policies,BASN,SRSG,0.0
MISW_to_SPPN,2027,full-current-policies,MISW,SPPN,0.0
SRSG_to_TRE,2027,full-current-policies,SRSG,TRE,5.0
MISE_to_PJMW,2027,full-current-policies,MISE,PJMW,0.5
MISW_to_SPPC,2027,full-current-policies,MISW,SPPC,4.5
MISE_to_MISW,2027,full-current-policies,MISE,MISW,3.5
NWPP_to_RMRG,2027,full-current-policies,NWPP,RMRG,0.0
MISC_to_SRCE,2027,full-current-policies,MISC,SRCE,0.0
BASN_to_NWPP,2027,full-current-policies,BASN,NWPP,0.0
BASN_to_CASO,2027,full-current-policies,BASN,CASO,0.0
MISS_to_SRSE,2027,full-current-policies,MISS,SRSE,0.0
MISS_to_SRCE,2027,full-current-policies,MISS,SRCE,1.5
BASN_to_CANO,2027,full-current-policies,BASN,CANO,0.0
MISS_to_SPPS,2027,full-current-policies,MISS,SPPS,7.0
TREW_to_TRE,2027,full-current-policies,TREW,TRE,0.0
MISW_to_PJMC,2027,full-current-policies,MISW,PJMC,0.0
MISS_to_SPPC,2027,full-current-policies,MISS,SPPC,7.5
MISW_to_NWPP,2027,full-current-policies,MISW,NWPP,0.0
MISC_to_SPPN,2027,full-current-policies,MISC,SPPN,6.5
NYUP_to_PJME,2027,full-current-policies,NYUP,PJME,0.5
SRCA_to_SRSE,2027,full-current-policies,SRCA,SRSE,0.5
MISC_to_SPPC,2027,full-current-policies,MISC,SPPC,0.5
NYCW_to_PJME,2027,full-current-policies,NYCW,PJME,376.75
BASN_to_RMRG,2027,full-current-policies,BASN,RMRG,0.0
NYCW_to_NYUP,2027,full-current-policies,NYCW,NYUP,4036.0
SRCE_to_SRSE,2027,full-current-policies,SRCE,SRSE,0.0
NWPP_to_SPPN,2027,full-current-policies,NWPP,SPPN,3.0
MISC_to_SPPS,2027,full-current-policies,MISC,SPPS,0.0
PJMC_to_PJMW,2027,full-current-policies,PJMC,PJMW,0.0
BASN_to_SRSG,2030,full-current-policies,BASN,SRSG,0.0
MISC_to_PJMC,2030,full-current-policies,MISC,PJMC,0.0
PJME_to_PJMW,2030,full-current-policies,PJME,PJMW,0.0
SRCA_to_SRCE,2030,full-current-policies,SRCA,SRCE,0.0
MISC_to_MISS,2030,full-current-policies,MISC,MISS,0.0
PJMD_to_PJMW,2030,full-current-policies,PJMD,PJMW,0.0
SPPS_to_TREW,2030,full-current-policies,SPPS,TREW,1118.0
MISC_to_MISW,2030,full-current-policies,MISC,MISW,0.0
CANO_to_CASO,2030,full-current-policies,CANO,CASO,0.0
PJMD_to_PJME,2030,full-current-policies,PJMD,PJME,0.0
PJMD_to_SRCA,2030,full-current-policies,PJMD,SRCA,0.0
FRCC_to_SRSE,2030,full-current-policies,FRCC,SRSE,0.0
RMRG_to_SRSG,2030,full-current-policies,RMRG,SRSG,0.0
RMRG_to_SPPN,2030,full-current-policies,RMRG,SPPN,1261.25
SPPN_to_SPPS,2030,full-current-policies,SPPN,SPPS,142.75
SPPC_to_SPPS,2030,full-current-policies,SPPC,SPPS,0.5
CASO_to_SRSG,2030,full-current-policies,CASO,SRSG,0.5
SPPC_to_SPPN,2030,full-current-policies,SPPC,SPPN,698.75
CASO_to_NWPP,2030,full-current-policies,CASO,NWPP,0.0
ISNE_to_NYCW,2030,full-current-policies,ISNE,NYCW,0.0
PJMW_to_SRCA,2030,full-current-policies,PJMW,SRCA,0.0
MISC_to_MISE,2030,full-current-policies,MISC,MISE,0.5
SPPS_to_TRE,2030,full-current-policies,SPPS,TRE,629.25
SPPS_to_SRSG,2030,full-current-policies,SPPS,SRSG,8.666666666666666
RMRG_to_SPPC,2030,full-current-policies,RMRG,SPPC,246.0
CANO_to_NWPP,2030,full-current-policies,CANO,NWPP,0.0
ISNE_to_NYUP,2030,full-current-policies,ISNE,NYUP,3176.5
PJMW_to_SRCE,2030,full-current-policies,PJMW,SRCE,0.0
MISE_to_MISW,2030,full-current-policies,MISE,MISW,0.0
MISW_to_SPPN,2030,full-current-policies,MISW,SPPN,0.5
BASN_to_CASO,2030,full-current-policies,BASN,CASO,0.0
MISW_to_SPPC,2030,full-current-policies,MISW,SPPC,0.0
MISE_to_PJMW,2030,full-current-policies,MISE,PJMW,0.0
SRSG_to_TRE,2030,full-current-policies,SRSG,TRE,0.5
NWPP_to_RMRG,2030,full-current-policies,NWPP,RMRG,0.0
BASN_to_NWPP,2030,full-current-policies,BASN,NWPP,0.0
MISC_to_SRCE,2030,full-current-policies,MISC,SRCE,0.0
PJMC_to_PJMW,2030,full-current-policies,PJMC,PJMW,0.0
MISS_to_SPPS,2030,full-current-policies,MISS,SPPS,2929.75
TREW_to_TRE,2030,full-current-policies,TREW,TRE,0.0
BASN_to_CANO,2030,full-current-policies,BASN,CANO,0.0
MISS_to_SRSE,2030,full-current-policies,MISS,SRSE,0.5
MISS_to_SRCE,2030,full-current-policies,MISS,SRCE,0.0
MISW_to_PJMC,2030,full-current-policies,MISW,PJMC,0.0
MISC_to_SPPS,2030,full-current-policies,MISC,SPPS,0.0
MISS_to_SPPC,2030,full-current-policies,MISS,SPPC,2.5
MISW_to_NWPP,2030,full-current-policies,MISW,NWPP,0.0
BASN_to_RMRG,2030,full-current-policies,BASN,RMRG,0.0
NYUP_to_PJME,2030,full-current-policies,NYUP,PJME,3688.5
NYCW_to_NYUP,2030,full-current-policies,NYCW,NYUP,0.0
MISC_to_SPPN,2030,full-current-policies,MISC,SPPN,0.5
NYCW_to_PJME,2030,full-current-policies,NYCW,PJME,1097.75
SRCA_to_SRSE,2030,full-current-policies,SRCA,SRSE,0.0
NWPP_to_SPPN,2030,full-current-policies,NWPP,SPPN,0.0
MISC_to_PJMW,2030,full-current-policies,MISC,PJMW,0.0
SRCE_to_SRSE,2030,full-current-policies,SRCE,SRSE,0.0
MISC_to_SPPC,2030,full-current-policies,MISC,SPPC,0.0
MISC_to_MISS,2035,full-current-policies,MISC,MISS,3.3333333333333335
CANO_to_CASO,2035,full-current-policies,CANO,CASO,0.0
PJME_to_PJMW,2035,full-current-policies,PJME,PJMW,4.666666666666667
PJMD_to_PJMW,2035,full-current-policies,PJMD,PJMW,0.5
PJMC_to_PJMW,2035,full-current-policies,PJMC,PJMW,1958.75
PJMD_to_PJME,2035,full-current-policies,PJMD,PJME,6280.5
MISC_to_MISW,2035,full-current-policies,MISC,MISW,0.0
SPPS_to_TREW,2035,full-current-policies,SPPS,TREW,1272.0
PJMD_to_SRCA,2035,full-current-policies,PJMD,SRCA,15.666666666666666
BASN_to_SRSG,2035,full-current-policies,BASN,SRSG,0.5
MISC_to_PJMC,2035,full-current-policies,MISC,PJMC,3.6666666666666665
MISS_to_SRCE,2035,full-current-policies,MISS,SRCE,0.0
SPPN_to_SPPS,2035,full-current-policies,SPPN,SPPS,2650.5
RMRG_to_SRSG,2035,full-current-policies,RMRG,SRSG,9.0
FRCC_to_SRSE,2035,full-current-policies,FRCC,SRSE,0.5
RMRG_to_SPPN,2035,full-current-policies,RMRG,SPPN,1088.75
SPPC_to_SPPS,2035,full-current-policies,SPPC,SPPS,15.333333333333334
CASO_to_SRSG,2035,full-current-policies,CASO,SRSG,0.0
SPPC_to_SPPN,2035,full-current-policies,SPPC,SPPN,36.0
CASO_to_NWPP,2035,full-current-policies,CASO,NWPP,0.0
PJMW_to_SRCA,2035,full-current-policies,PJMW,SRCA,3.6666666666666665
MISC_to_MISE,2035,full-current-policies,MISC,MISE,18.333333333333332
SPPS_to_TRE,2035,full-current-policies,SPPS,TRE,1886.0
ISNE_to_NYCW,2035,full-current-policies,ISNE,NYCW,0.5
RMRG_to_SPPC,2035,full-current-policies,RMRG,SPPC,718.75
CANO_to_NWPP,2035,full-current-policies,CANO,NWPP,0.0
SPPS_to_SRSG,2035,full-current-policies,SPPS,SRSG,5432.5
PJMW_to_SRCE,2035,full-current-policies,PJMW,SRCE,0.0
ISNE_to_NYUP,2035,full-current-policies,ISNE,NYUP,260.6666666666667
MISC_to_PJMW,2035,full-current-policies,MISC,PJMW,0.0
SRCA_to_SRCE,2035,full-current-policies,SRCA,SRCE,0.0
MISW_to_SPPN,2035,full-current-policies,MISW,SPPN,16.333333333333332
MISE_to_MISW,2035,full-current-policies,MISE,MISW,434.25
BASN_to_CASO,2035,full-current-policies,BASN,CASO,0.0
MISW_to_SPPC,2035,full-current-policies,MISW,SPPC,49.5
SRCE_to_SRSE,2035,full-current-policies,SRCE,SRSE,5.0
NWPP_to_RMRG,2035,full-current-policies,NWPP,RMRG,17.666666666666668
MISC_to_SPPS,2035,full-current-policies,MISC,SPPS,775.0
BASN_to_NWPP,2035,full-current-policies,BASN,NWPP,0.0
MISC_to_SRCE,2035,full-current-policies,MISC,SRCE,0.0
MISE_to_PJMW,2035,full-current-policies,MISE,PJMW,0.0
BASN_to_CANO,2035,full-current-policies,BASN,CANO,0.0
MISS_to_SPPS,2035,full-current-policies,MISS,SPPS,2656.0
TREW_to_TRE,2035,full-current-policies,TREW,TRE,7.333333333333333
MISS_to_SRSE,2035,full-current-policies,MISS,SRSE,3.6666666666666665
SRSG_to_TRE,2035,full-current-policies,SRSG,TRE,34.666666666666664
MISW_to_PJMC,2035,full-current-policies,MISW,PJMC,3532.5
MISW_to_NWPP,2035,full-current-policies,MISW,NWPP,7.333333333333333
MISS_to_SPPC,2035,full-current-policies,MISS,SPPC,833.75
NYCW_to_NYUP,2035,full-current-policies,NYCW,NYUP,422.5
NYUP_to_PJME,2035,full-current-policies,NYUP,PJME,1593.5
NYCW_to_PJME,2035,full-current-policies,NYCW,PJME,341.3333333333333
MISC_to_SPPC,2035,full-current-policies,MISC,SPPC,2685.0
MISC_to_SPPN,2035,full-current-policies,MISC,SPPN,43.25
BASN_to_RMRG,2035,full-current-policies,BASN,RMRG,0.0
SRCA_to_SRSE,2035,full-current-policies,SRCA,SRSE,0.0
NWPP_to_SPPN,2035,full-current-policies,NWPP,SPPN,123.33333333333333
MISC_to_MISW,2040,full-current-policies,MISC,MISW,0.0
SPPS_to_TREW,2040,full-current-policies,SPPS,TREW,2828.5
PJMC_to_PJMW,2040,full-current-policies,PJMC,PJMW,2591.25
SPPS_to_TRE,2040,full-current-policies,SPPS,TRE,1252.0
BASN_to_SRSG,2040,full-current-policies,BASN,SRSG,0.0
PJMD_to_PJME,2040,full-current-policies,PJMD,PJME,17.333333333333332
PJMD_to_PJMW,2040,full-current-policies,PJMD,PJMW,1.0
MISC_to_PJMC,2040,full-current-policies,MISC,PJMC,0.0
PJMD_to_SRCA,2040,full-current-policies,PJMD,SRCA,258.75
MISC_to_MISS,2040,full-current-policies,MISC,MISS,3.3333333333333335
RMRG_to_SRSG,2040,full-current-policies,RMRG,SRSG,877.75
FRCC_to_SRSE,2040,full-current-policies,FRCC,SRSE,0.0
SPPN_to_SPPS,2040,full-current-policies,SPPN,SPPS,206.5
RMRG_to_SPPN,2040,full-current-policies,RMRG,SPPN,1982.0
CASO_to_NWPP,2040,full-current-policies,CASO,NWPP,0.0
SPPC_to_SPPN,2040,full-current-policies,SPPC,SPPN,21.666666666666668
CASO_to_SRSG,2040,full-current-policies,CASO,SRSG,6.0
CANO_to_NWPP,2040,full-current-policies,CANO,NWPP,0.0
PJMW_to_SRCA,2040,full-current-policies,PJMW,SRCA,17.333333333333332
MISC_to_MISE,2040,full-current-policies,MISC,MISE,417.5
PJME_to_PJMW,2040,full-current-policies,PJME,PJMW,833.0
ISNE_to_NYUP,2040,full-current-policies,ISNE,NYUP,2110.5
RMRG_to_SPPC,2040,full-current-policies,RMRG,SPPC,3865.75
ISNE_to_NYCW,2040,full-current-policies,ISNE,NYCW,0.0
SPPS_to_SRSG,2040,full-current-policies,SPPS,SRSG,2468.5
PJMW_to_SRCE,2040,full-current-policies,PJMW,SRCE,10.0
CANO_to_CASO,2040,full-current-policies,CANO,CASO,0.0
BASN_to_CASO,2040,full-current-policies,BASN,CASO,0.0
MISE_to_MISW,2040,full-current-policies,MISE,MISW,7.333333333333333
MISW_to_SPPC,2040,full-current-policies,MISW,SPPC,3.5
MISW_to_SPPN,2040,full-current-policies,MISW,SPPN,3.3333333333333335
BASN_to_NWPP,2040,full-current-policies,BASN,NWPP,0.0
MISC_to_SPPS,2040,full-current-policies,MISC,SPPS,1240.75
SRCE_to_SRSE,2040,full-current-policies,SRCE,SRSE,57.0
MISC_to_SRCE,2040,full-current-policies,MISC,SRCE,0.0
MISS_to_SRSE,2040,full-current-policies,MISS,SRSE,4924.75
MISS_to_SPPS,2040,full-current-policies,MISS,SPPS,2994.75
TREW_to_TRE,2040,full-current-policies,TREW,TRE,3.6666666666666665
MISS_to_SRCE,2040,full-current-policies,MISS,SRCE,0.5
MISW_to_PJMC,2040,full-current-policies,MISW,PJMC,7.666666666666667
MISE_to_PJMW,2040,full-current-policies,MISE,PJMW,0.0
SRSG_to_TRE,2040,full-current-policies,SRSG,TRE,2160.0
MISW_to_NWPP,2040,full-current-policies,MISW,NWPP,0.0
BASN_to_CANO,2040,full-current-policies,BASN,CANO,0.0
MISS_to_SPPC,2040,full-current-policies,MISS,SPPC,1472.5
NWPP_to_RMRG,2040,full-current-policies,NWPP,RMRG,468.25
MISC_to_SPPC,2040,full-current-policies,MISC,SPPC,3207.0
SRCA_to_SRSE,2040,full-current-policies,SRCA,SRSE,13.0
NYCW_to_PJME,2040,full-current-policies,NYCW,PJME,673.0
MISC_to_PJMW,2040,full-current-policies,MISC,PJMW,13.666666666666666
NYCW_to_NYUP,2040,full-current-policies,NYCW,NYUP,732.25
BASN_to_RMRG,2040,full-current-policies,BASN,RMRG,261.3333333333333
NYUP_to_PJME,2040,full-current-policies,NYUP,PJME,759.6666666666666
SPPC_to_SPPS,2040,full-current-policies,SPPC,SPPS,21.666666666666668
NWPP_to_SPPN,2040,full-current-policies,NWPP,SPPN,276.0
SRCA_to_SRCE,2040,full-current-policies,SRCA,SRCE,305.5
MISC_to_SPPN,2040,full-current-policies,MISC,SPPN,129.5
PJMC_to_PJMW,2045,full-current-policies,PJMC,PJMW,1053.75
PJMD_to_SRCA,2045,full-current-policies,PJMD,SRCA,20.666666666666668
MISC_to_PJMC,2045,full-current-policies,MISC,PJMC,5.333333333333333
SPPS_to_TRE,2045,full-current-policies,SPPS,TRE,10.666666666666666
BASN_to_SRSG,2045,full-current-policies,BASN,SRSG,5.0
MISC_to_MISW,2045,full-current-policies,MISC,MISW,0.0
PJMD_to_PJMW,2045,full-current-policies,PJMD,PJMW,5.0
PJMD_to_PJME,2045,full-current-policies,PJMD,PJME,9.0
SPPS_to_TREW,2045,full-current-policies,SPPS,TREW,35.666666666666664
MISC_to_MISS,2045,full-current-policies,MISC,MISS,7.0
RMRG_to_SRSG,2045,full-current-policies,RMRG,SRSG,580.5
FRCC_to_SRSE,2045,full-current-policies,FRCC,SRSE,7.666666666666667
RMRG_to_SPPN,2045,full-current-policies,RMRG,SPPN,24.0
SPPN_to_SPPS,2045,full-current-policies,SPPN,SPPS,50.333333333333336
CANO_to_NWPP,2045,full-current-policies,CANO,NWPP,0.0
CASO_to_NWPP,2045,full-current-policies,CASO,NWPP,0.5
SPPC_to_SPPS,2045,full-current-policies,SPPC,SPPS,62.0
SPPC_to_SPPN,2045,full-current-policies,SPPC,SPPN,16.0
CASO_to_SRSG,2045,full-current-policies,CASO,SRSG,7.0
ISNE_to_NYUP,2045,full-current-policies,ISNE,NYUP,539.75
PJMW_to_SRCA,2045,full-current-policies,PJMW,SRCA,7.0
CANO_to_CASO,2045,full-current-policies,CANO,CASO,0.0
MISC_to_MISE,2045,full-current-policies,MISC,MISE,68.0
PJME_to_PJMW,2045,full-current-policies,PJME,PJMW,189.5
SPPS_to_SRSG,2045,full-current-policies,SPPS,SRSG,486.75
RMRG_to_SPPC,2045,full-current-policies,RMRG,SPPC,16.333333333333332
ISNE_to_NYCW,2045,full-current-policies,ISNE,NYCW,0.0
PJMW_to_SRCE,2045,full-current-policies,PJMW,SRCE,8.333333333333334
BASN_to_CASO,2045,full-current-policies,BASN,CASO,0.0
MISW_to_SPPC,2045,full-current-policies,MISW,SPPC,13.666666666666666
MISE_to_MISW,2045,full-current-policies,MISE,MISW,4.666666666666667
MISC_to_SPPS,2045,full-current-policies,MISC,SPPS,755.25
SRCE_to_SRSE,2045,full-current-policies,SRCE,SRSE,4.333333333333333
MISC_to_SRCE,2045,full-current-policies,MISC,SRCE,0.0
MISW_to_SPPN,2045,full-current-policies,MISW,SPPN,9.666666666666666
MISW_to_PJMC,2045,full-current-policies,MISW,PJMC,0.5
MISS_to_SRSE,2045,full-current-policies,MISS,SRSE,387.3333333333333
MISS_to_SPPS,2045,full-current-policies,MISS,SPPS,10.666666666666666
TREW_to_TRE,2045,full-current-policies,TREW,TRE,0.0
MISS_to_SRCE,2045,full-current-policies,MISS,SRCE,4.666666666666667
MISS_to_SPPC,2045,full-current-policies,MISS,SPPC,21.666666666666668
MISE_to_PJMW,2045,full-current-policies,MISE,PJMW,0.0
SRSG_to_TRE,2045,full-current-policies,SRSG,TRE,13.666666666666666
BASN_to_CANO,2045,full-current-policies,BASN,CANO,0.0
MISW_to_NWPP,2045,full-current-policies,MISW,NWPP,3.3333333333333335
MISC_to_PJMW,2045,full-current-policies,MISC,PJMW,24.666666666666668
SRCA_to_SRCE,2045,full-current-policies,SRCA,SRCE,35.333333333333336
SRCA_to_SRSE,2045,full-current-policies,SRCA,SRSE,27.333333333333332
BASN_to_RMRG,2045,full-current-policies,BASN,RMRG,91.5
NYCW_to_NYUP,2045,full-current-policies,NYCW,NYUP,56.666666666666664
NYCW_to_PJME,2045,full-current-policies,NYCW,PJME,29.333333333333332
MISC_to_SPPC,2045,full-current-policies,MISC,SPPC,29.0
NWPP_to_SPPN,2045,full-current-policies,NWPP,SPPN,986.75
BASN_to_NWPP,2045,full-current-policies,BASN,NWPP,0.5
NWPP_to_RMRG,2045,full-current-policies,NWPP,RMRG,340.5
MISC_to_SPPN,2045,full-current-policies,MISC,SPPN,18.666666666666668
NYUP_to_PJME,2045,full-current-policies,NYUP,PJME,3207.75
PJMD_to_PJME,2050,full-current-policies,PJMD,PJME,7.333333333333333
PJMD_to_SRCA,2050,full-current-policies,PJMD,SRCA,83.0
BASN_to_SRSG,2050,full-current-policies,BASN,SRSG,0.5
MISC_to_PJMC,2050,full-current-policies,MISC,PJMC,4.333333333333333
PJMC_to_PJMW,2050,full-current-policies,PJMC,PJMW,10.666666666666666
PJMD_to_PJMW,2050,full-current-policies,PJMD,PJMW,6.333333333333333
MISC_to_MISS,2050,full-current-policies,MISC,MISS,3.6666666666666665
SPPS_to_TREW,2050,full-current-policies,SPPS,TREW,35.666666666666664
MISC_to_MISW,2050,full-current-policies,MISC,MISW,0.0
SPPS_to_TRE,2050,full-current-policies,SPPS,TRE,12.0
MISC_to_MISE,2050,full-current-policies,MISC,MISE,10.666666666666666
CANO_to_NWPP,2050,full-current-policies,CANO,NWPP,0.5
FRCC_to_SRSE,2050,full-current-policies,FRCC,SRSE,8.0
SPPN_to_SPPS,2050,full-current-policies,SPPN,SPPS,10.0
RMRG_to_SPPN,2050,full-current-policies,RMRG,SPPN,549.25
RMRG_to_SRSG,2050,full-current-policies,RMRG,SRSG,8.333333333333334
SPPC_to_SPPN,2050,full-current-policies,SPPC,SPPN,10.666666666666666
CASO_to_SRSG,2050,full-current-policies,CASO,SRSG,6.333333333333333
SPPC_to_SPPS,2050,full-current-policies,SPPC,SPPS,13.666666666666666
RMRG_to_SPPC,2050,full-current-policies,RMRG,SPPC,21.666666666666668
PJMW_to_SRCA,2050,full-current-policies,PJMW,SRCA,7.0
SPPS_to_SRSG,2050,full-current-policies,SPPS,SRSG,941.5
ISNE_to_NYUP,2050,full-current-policies,ISNE,NYUP,9.333333333333334
CANO_to_CASO,2050,full-current-policies,CANO,CASO,1.0
PJME_to_PJMW,2050,full-current-policies,PJME,PJMW,10.333333333333334
ISNE_to_NYCW,2050,full-current-policies,ISNE,NYCW,0.0
PJMW_to_SRCE,2050,full-current-policies,PJMW,SRCE,8.666666666666666
TREW_to_TRE,2050,full-current-policies,TREW,TRE,0.5
MISW_to_SPPC,2050,full-current-policies,MISW,SPPC,15.0
MISE_to_MISW,2050,full-current-policies,MISE,MISW,0.0
MISW_to_PJMC,2050,full-current-policies,MISW,PJMC,0.5
BASN_to_CASO,2050,full-current-policies,BASN,CASO,1.0
MISC_to_SPPS,2050,full-current-policies,MISC,SPPS,29.666666666666668
MISC_to_SRCE,2050,full-current-policies,MISC,SRCE,0.0
SRCE_to_SRSE,2050,full-current-policies,SRCE,SRSE,5.0
MISW_to_SPPN,2050,full-current-policies,MISW,SPPN,4.666666666666667
MISS_to_SRSE,2050,full-current-policies,MISS,SRSE,11.333333333333334
MISS_to_SPPS,2050,full-current-policies,MISS,SPPS,5.666666666666667
MISS_to_SRCE,2050,full-current-policies,MISS,SRCE,5.0
MISS_to_SPPC,2050,full-current-policies,MISS,SPPC,5.333333333333333
BASN_to_CANO,2050,full-current-policies,BASN,CANO,0.0
MISE_to_PJMW,2050,full-current-policies,MISE,PJMW,0.0
MISW_to_NWPP,2050,full-current-policies,MISW,NWPP,0.0
SRSG_to_TRE,2050,full-current-policies,SRSG,TRE,9.333333333333334
CASO_to_NWPP,2050,full-current-policies,CASO,NWPP,0.0
MISC_to_SPPC,2050,full-current-policies,MISC,SPPC,38.333333333333336
NWPP_to_SPPN,2050,full-current-policies,NWPP,SPPN,9.666666666666666
NYCW_to_PJME,2050,full-current-policies,NYCW,PJME,9.666666666666666
NYCW_to_NYUP,2050,full-current-policies,NYCW,NYUP,16.0
SRCA_to_SRCE,2050,full-current-policies,SRCA,SRCE,13.666666666666666
MISC_to_PJMW,2050,full-current-policies,MISC,PJMW,6.333333333333333
BASN_to_NWPP,2050,full-current-policies,BASN,NWPP,1.5
NYUP_to_PJME,2050,full-current-policies,NYUP,PJME,3110.75
BASN_to_RMRG,2050,full-current-policies,BASN,RMRG,6.333333333333333
MISC_to_SPPN,2050,full-current-policies,MISC,SPPN,12.333333333333334
NWPP_to_RMRG,2050,full-current-policies,NWPP,RMRG,5.333333333333333
SRCA_to_SRSE,2050,full-current-policies,SRCA,SRSE,178.0
SRCA_to_SRCE,2027,full-current-policies-retire,SRCA,SRCE,0.0
SPPN_to_SPPS,2027,full-current-policies-retire,SPPN,SPPS,1099.0
CASO_to_NWPP,2027,full-current-policies-retire,CASO,NWPP,0.5
BASN_to_CANO,2027,full-current-policies-retire,BASN,CANO,0.0
BASN_to_SRSG,2027,full-current-policies-retire,BASN,SRSG,3.0
TREW_to_TRE,2027,full-current-policies-retire,TREW,TRE,0.0
CANO_to_NWPP,2027,full-current-policies-retire,CANO,NWPP,6.5
SRCE_to_SRSE,2027,full-current-policies-retire,SRCE,SRSE,0.0
SPPS_to_TRE,2027,full-current-policies-retire,SPPS,TRE,1281.3333333333333
SRCA_to_SRSE,2027,full-current-policies-retire,SRCA,SRSE,0.0
BASN_to_RMRG,2027,full-current-policies-retire,BASN,RMRG,0.0
SPPS_to_SRSG,2027,full-current-policies-retire,SPPS,SRSG,1155.6666666666667
BASN_to_CASO,2027,full-current-policies-retire,BASN,CASO,3.0
SRSG_to_TRE,2027,full-current-policies-retire,SRSG,TRE,17.5
CANO_to_CASO,2027,full-current-policies-retire,CANO,CASO,0.5
SPPS_to_TREW,2027,full-current-policies-retire,SPPS,TREW,3139.3333333333335
BASN_to_NWPP,2027,full-current-policies-retire,BASN,NWPP,0.0
NWPP_to_SPPN,2027,full-current-policies-retire,NWPP,SPPN,11.0
MISC_to_SPPS,2027,full-current-policies-retire,MISC,SPPS,4.333333333333333
NWPP_to_RMRG,2027,full-current-policies-retire,NWPP,RMRG,0.0
MISC_to_SRCE,2027,full-current-policies-retire,MISC,SRCE,2.5
NYCW_to_NYUP,2027,full-current-policies-retire,NYCW,NYUP,1784.6666666666667
NYUP_to_PJME,2027,full-current-policies-retire,NYUP,PJME,3204.0
MISC_to_SPPC,2027,full-current-policies-retire,MISC,SPPC,29.333333333333332
NYCW_to_PJME,2027,full-current-policies-retire,NYCW,PJME,4.333333333333333
MISC_to_SPPN,2027,full-current-policies-retire,MISC,SPPN,26.333333333333332
MISE_to_MISW,2027,full-current-policies-retire,MISE,MISW,7.5
MISW_to_NWPP,2027,full-current-policies-retire,MISW,NWPP,0.0
MISS_to_SPPS,2027,full-current-policies-retire,MISS,SPPS,2960.6666666666665
MISS_to_SPPC,2027,full-current-policies-retire,MISS,SPPC,112.0
MISS_to_SRSE,2027,full-current-policies-retire,MISS,SRSE,0.0
MISS_to_SRCE,2027,full-current-policies-retire,MISS,SRCE,6.0
MISW_to_SPPN,2027,full-current-policies-retire,MISW,SPPN,0.5
MISE_to_PJMW,2027,full-current-policies-retire,MISE,PJMW,1.0
MISW_to_SPPC,2027,full-current-policies-retire,MISW,SPPC,7.5
MISW_to_PJMC,2027,full-current-policies-retire,MISW,PJMC,0.0
PJMC_to_PJMW,2027,full-current-policies-retire,PJMC,PJMW,0.0
ISNE_to_NYCW,2027,full-current-policies-retire,ISNE,NYCW,0.0
RMRG_to_SPPN,2027,full-current-policies-retire,RMRG,SPPN,2248.6666666666665
RMRG_to_SPPC,2027,full-current-policies-retire,RMRG,SPPC,809.0
ISNE_to_NYUP,2027,full-current-policies-retire,ISNE,NYUP,376.0
PJMW_to_SRCE,2027,full-current-policies-retire,PJMW,SRCE,0.5
CASO_to_SRSG,2027,full-current-policies-retire,CASO,SRSG,0.0
SPPC_to_SPPS,2027,full-current-policies-retire,SPPC,SPPS,0.0
SPPC_to_SPPN,2027,full-current-policies-retire,SPPC,SPPN,1189.6666666666667
FRCC_to_SRSE,2027,full-current-policies-retire,FRCC,SRSE,0.5
RMRG_to_SRSG,2027,full-current-policies-retire,RMRG,SRSG,0.0
PJMD_to_PJMW,2027,full-current-policies-retire,PJMD,PJMW,0.0
MISC_to_PJMC,2027,full-current-policies-retire,MISC,PJMC,0.0
PJMD_to_PJME,2027,full-current-policies-retire,PJMD,PJME,282.3333333333333
MISC_to_PJMW,2027,full-current-policies-retire,MISC,PJMW,0.0
MISC_to_MISE,2027,full-current-policies-retire,MISC,MISE,7.5
PJMW_to_SRCA,2027,full-current-policies-retire,PJMW,SRCA,0.0
MISC_to_MISW,2027,full-current-policies-retire,MISC,MISW,0.0
PJME_to_PJMW,2027,full-current-policies-retire,PJME,PJMW,0.5
PJMD_to_SRCA,2027,full-current-policies-retire,PJMD,SRCA,0.0
MISC_to_MISS,2027,full-current-policies-retire,MISC,MISS,0.0
CASO_to_NWPP,2030,full-current-policies-retire,CASO,NWPP,0.0
BASN_to_CANO,2030,full-current-policies-retire,BASN,CANO,0.0
TREW_to_TRE,2030,full-current-policies-retire,TREW,TRE,1.0
BASN_to_SRSG,2030,full-current-policies-retire,BASN,SRSG,0.0
SPPN_to_SPPS,2030,full-current-policies-retire,SPPN,SPPS,1135.6666666666667
SRCA_to_SRCE,2030,full-current-policies-retire,SRCA,SRCE,0.0
CANO_to_CASO,2030,full-current-policies-retire,CANO,CASO,0.0
BASN_to_NWPP,2030,full-current-policies-retire,BASN,NWPP,1.0
SPPS_to_TRE,2030,full-current-policies-retire,SPPS,TRE,889.0
SRCE_to_SRSE,2030,full-current-policies-retire,SRCE,SRSE,0.5
SRCA_to_SRSE,2030,full-current-policies-retire,SRCA,SRSE,0.0
CANO_to_NWPP,2030,full-current-policies-retire,CANO,NWPP,0.0
BASN_to_RMRG,2030,full-current-policies-retire,BASN,RMRG,0.0
SPPS_to_TREW,2030,full-current-policies-retire,SPPS,TREW,164.0
SPPS_to_SRSG,2030,full-current-policies-retire,SPPS,SRSG,1559.6666666666667
BASN_to_CASO,2030,full-current-policies-retire,BASN,CASO,0.5
SRSG_to_TRE,2030,full-current-policies-retire,SRSG,TRE,68.66666666666667
NWPP_to_SPPN,2030,full-current-policies-retire,NWPP,SPPN,5.0
MISC_to_SPPS,2030,full-current-policies-retire,MISC,SPPS,120.0
NWPP_to_RMRG,2030,full-current-policies-retire,NWPP,RMRG,0.0
MISC_to_SRCE,2030,full-current-policies-retire,MISC,SRCE,0.5
MISC_to_SPPN,2030,full-current-policies-retire,MISC,SPPN,98.66666666666667
NYUP_to_PJME,2030,full-current-policies-retire,NYUP,PJME,2317.0
MISC_to_SPPC,2030,full-current-policies-retire,MISC,SPPC,2288.0
NYCW_to_PJME,2030,full-current-policies-retire,NYCW,PJME,251.0
NYCW_to_NYUP,2030,full-current-policies-retire,NYCW,NYUP,1287.5
MISS_to_SPPC,2030,full-current-policies-retire,MISS,SPPC,847.3333333333334
MISW_to_NWPP,2030,full-current-policies-retire,MISW,NWPP,0.0
MISS_to_SPPS,2030,full-current-policies-retire,MISS,SPPS,2931.3333333333335
MISS_to_SRSE,2030,full-current-policies-retire,MISS,SRSE,0.0
MISE_to_MISW,2030,full-current-policies-retire,MISE,MISW,2.5
MISW_to_SPPN,2030,full-current-policies-retire,MISW,SPPN,0.5
MISE_to_PJMW,2030,full-current-policies-retire,MISE,PJMW,0.0
MISW_to_PJMC,2030,full-current-policies-retire,MISW,PJMC,0.0
MISW_to_SPPC,2030,full-current-policies-retire,MISW,SPPC,0.5
MISC_to_PJMW,2030,full-current-policies-retire,MISC,PJMW,0.0
RMRG_to_SPPN,2030,full-current-policies-retire,RMRG,SPPN,277.0
ISNE_to_NYCW,2030,full-current-policies-retire,ISNE,NYCW,0.0
RMRG_to_SPPC,2030,full-current-policies-retire,RMRG,SPPC,367.3333333333333
ISNE_to_NYUP,2030,full-current-policies-retire,ISNE,NYUP,3179.3333333333335
PJMW_to_SRCE,2030,full-current-policies-retire,PJMW,SRCE,0.0
SPPC_to_SPPS,2030,full-current-policies-retire,SPPC,SPPS,0.0
CASO_to_SRSG,2030,full-current-policies-retire,CASO,SRSG,0.0
SPPC_to_SPPN,2030,full-current-policies-retire,SPPC,SPPN,11.666666666666666
FRCC_to_SRSE,2030,full-current-policies-retire,FRCC,SRSE,0.0
RMRG_to_SRSG,2030,full-current-policies-retire,RMRG,SRSG,0.0
PJMD_to_PJMW,2030,full-current-policies-retire,PJMD,PJMW,3.5
MISC_to_MISW,2030,full-current-policies-retire,MISC,MISW,0.0
MISC_to_PJMC,2030,full-current-policies-retire,MISC,PJMC,0.0
PJMD_to_PJME,2030,full-current-policies-retire,PJMD,PJME,655.6666666666666
PJMC_to_PJMW,2030,full-current-policies-retire,PJMC,PJMW,0.0
PJMW_to_SRCA,2030,full-current-policies-retire,PJMW,SRCA,0.0
MISC_to_MISE,2030,full-current-policies-retire,MISC,MISE,1.0
MISS_to_SRCE,2030,full-current-policies-retire,MISS,SRCE,0.0
PJME_to_PJMW,2030,full-current-policies-retire,PJME,PJMW,0.0
MISC_to_MISS,2030,full-current-policies-retire,MISC,MISS,0.0
PJMD_to_SRCA,2030,full-current-policies-retire,PJMD,SRCA,0.0
SPPN_to_SPPS,2035,full-current-policies-retire,SPPN,SPPS,436.3333333333333
CASO_to_NWPP,2035,full-current-policies-retire,CASO,NWPP,0.5
SRCA_to_SRCE,2035,full-current-policies-retire,SRCA,SRCE,261.3333333333333
TREW_to_TRE,2035,full-current-policies-retire,TREW,TRE,7.333333333333333
BASN_to_SRSG,2035,full-current-policies-retire,BASN,SRSG,0.5
BASN_to_CANO,2035,full-current-policies-retire,BASN,CANO,0.0
SPPS_to_TRE,2035,full-current-policies-retire,SPPS,TRE,656.6666666666666
CANO_to_CASO,2035,full-current-policies-retire,CANO,CASO,0.5
BASN_to_NWPP,2035,full-current-policies-retire,BASN,NWPP,1.0
SRCE_to_SRSE,2035,full-current-policies-retire,SRCE,SRSE,1328.6666666666667
BASN_to_RMRG,2035,full-current-policies-retire,BASN,RMRG,28.0
SRSG_to_TRE,2035,full-current-policies-retire,SRSG,TRE,1168.0
SPPS_to_TREW,2035,full-current-policies-retire,SPPS,TREW,1837.0
SRCA_to_SRSE,2035,full-current-policies-retire,SRCA,SRSE,8.0
CANO_to_NWPP,2035,full-current-policies-retire,CANO,NWPP,0.0
SPPS_to_SRSG,2035,full-current-policies-retire,SPPS,SRSG,5710.0
BASN_to_CASO,2035,full-current-policies-retire,BASN,CASO,0.5
SPPC_to_SPPS,2035,full-current-policies-retire,SPPC,SPPS,27.666666666666668
MISC_to_SPPN,2035,full-current-policies-retire,MISC,SPPN,136.66666666666666
NWPP_to_SPPN,2035,full-current-policies-retire,NWPP,SPPN,1319.3333333333333
NWPP_to_RMRG,2035,full-current-policies-retire,NWPP,RMRG,1449.3333333333333
MISC_to_SPPS,2035,full-current-policies-retire,MISC,SPPS,1347.6666666666667
MISC_to_SRCE,2035,full-current-policies-retire,MISC,SRCE,3.6666666666666665
MISC_to_PJMW,2035,full-current-policies-retire,MISC,PJMW,18.666666666666668
NYUP_to_PJME,2035,full-current-policies-retire,NYUP,PJME,237.0
MISC_to_SPPC,2035,full-current-policies-retire,MISC,SPPC,2175.3333333333335
NYCW_to_NYUP,2035,full-current-policies-retire,NYCW,NYUP,126.0
NYCW_to_PJME,2035,full-current-policies-retire,NYCW,PJME,1254.0
MISW_to_NWPP,2035,full-current-policies-retire,MISW,NWPP,0.0
MISS_to_SPPC,2035,full-current-policies-retire,MISS,SPPC,913.6666666666666
MISS_to_SRSE,2035,full-current-policies-retire,MISS,SRSE,4751.666666666667
MISS_to_SRCE,2035,full-current-policies-retire,MISS,SRCE,5.666666666666667
MISS_to_SPPS,2035,full-current-policies-retire,MISS,SPPS,3357.6666666666665
MISW_to_SPPN,2035,full-current-policies-retire,MISW,SPPN,5.0
MISE_to_MISW,2035,full-current-policies-retire,MISE,MISW,81.33333333333333
MISW_to_SPPC,2035,full-current-policies-retire,MISW,SPPC,6.666666666666667
MISE_to_PJMW,2035,full-current-policies-retire,MISE,PJMW,0.0
MISW_to_PJMC,2035,full-current-policies-retire,MISW,PJMC,24.333333333333332
ISNE_to_NYCW,2035,full-current-policies-retire,ISNE,NYCW,3.6666666666666665
RMRG_to_SPPC,2035,full-current-policies-retire,RMRG,SPPC,2538.6666666666665
RMRG_to_SPPN,2035,full-current-policies-retire,RMRG,SPPN,1348.6666666666667
PJMW_to_SRCE,2035,full-current-policies-retire,PJMW,SRCE,23.666666666666668
ISNE_to_NYUP,2035,full-current-policies-retire,ISNE,NYUP,747.3333333333334
CASO_to_SRSG,2035,full-current-policies-retire,CASO,SRSG,20.0
SPPC_to_SPPN,2035,full-current-policies-retire,SPPC,SPPN,42.666666666666664
RMRG_to_SRSG,2035,full-current-policies-retire,RMRG,SRSG,988.0
FRCC_to_SRSE,2035,full-current-policies-retire,FRCC,SRSE,3.6666666666666665
PJMW_to_SRCA,2035,full-current-policies-retire,PJMW,SRCA,19.666666666666668
MISC_to_MISW,2035,full-current-policies-retire,MISC,MISW,0.0
PJMD_to_PJMW,2035,full-current-policies-retire,PJMD,PJMW,4.0
MISC_to_PJMC,2035,full-current-policies-retire,MISC,PJMC,5.0
PJMC_to_PJMW,2035,full-current-policies-retire,PJMC,PJMW,3212.0
PJMD_to_PJME,2035,full-current-policies-retire,PJMD,PJME,4767.0
MISC_to_MISE,2035,full-current-policies-retire,MISC,MISE,1060.0
PJME_to_PJMW,2035,full-current-policies-retire,PJME,PJMW,37.333333333333336
MISC_to_MISS,2035,full-current-policies-retire,MISC,MISS,5.0
PJMD_to_SRCA,2035,full-current-policies-retire,PJMD,SRCA,1382.6666666666667
BASN_to_SRSG,2040,full-current-policies-retire,BASN,SRSG,0.0
SPPC_to_SPPS,2040,full-current-policies-retire,SPPC,SPPS,16.666666666666668
BASN_to_RMRG,2040,full-current-policies-retire,BASN,RMRG,0.0
BASN_to_CANO,2040,full-current-policies-retire,BASN,CANO,0.0
SPPN_to_SPPS,2040,full-current-policies-retire,SPPN,SPPS,31.666666666666668
TREW_to_TRE,2040,full-current-policies-retire,TREW,TRE,5.333333333333333
CASO_to_NWPP,2040,full-current-policies-retire,CASO,NWPP,0.0
SRCA_to_SRCE,2040,full-current-policies-retire,SRCA,SRCE,594.6666666666666
SPPS_to_SRSG,2040,full-current-policies-retire,SPPS,SRSG,21.333333333333332
BASN_to_CASO,2040,full-current-policies-retire,BASN,CASO,0.5
SRCE_to_SRSE,2040,full-current-policies-retire,SRCE,SRSE,0.0
SPPS_to_TRE,2040,full-current-policies-retire,SPPS,TRE,45.333333333333336
CANO_to_CASO,2040,full-current-policies-retire,CANO,CASO,0.0
SRCA_to_SRSE,2040,full-current-policies-retire,SRCA,SRSE,133.0
SRSG_to_TRE,2040,full-current-policies-retire,SRSG,TRE,8.333333333333334
SPPS_to_TREW,2040,full-current-policies-retire,SPPS,TREW,56.666666666666664
BASN_to_NWPP,2040,full-current-policies-retire,BASN,NWPP,0.0
CANO_to_NWPP,2040,full-current-policies-retire,CANO,NWPP,0.0
NWPP_to_SPPN,2040,full-current-policies-retire,NWPP,SPPN,4.0
MISC_to_SPPN,2040,full-current-policies-retire,MISC,SPPN,185.0
NWPP_to_RMRG,2040,full-current-policies-retire,NWPP,RMRG,4.333333333333333
MISC_to_SPPS,2040,full-current-policies-retire,MISC,SPPS,57.0
MISC_to_SRCE,2040,full-current-policies-retire,MISC,SRCE,0.0
NYUP_to_PJME,2040,full-current-policies-retire,NYUP,PJME,880.0
MISC_to_PJMW,2040,full-current-policies-retire,MISC,PJMW,26.666666666666668
NYCW_to_PJME,2040,full-current-policies-retire,NYCW,PJME,150.66666666666666
MISC_to_SPPC,2040,full-current-policies-retire,MISC,SPPC,2858.3333333333335
NYCW_to_NYUP,2040,full-current-policies-retire,NYCW,NYUP,582.3333333333334
MISW_to_NWPP,2040,full-current-policies-retire,MISW,NWPP,0.0
MISS_to_SPPC,2040,full-current-policies-retire,MISS,SPPC,25.0
MISS_to_SRSE,2040,full-current-policies-retire,MISS,SRSE,17.333333333333332
MISS_to_SPPS,2040,full-current-policies-retire,MISS,SPPS,1975.0
MISS_to_SRCE,2040,full-current-policies-retire,MISS,SRCE,0.0
MISW_to_SPPN,2040,full-current-policies-retire,MISW,SPPN,0.0
MISE_to_MISW,2040,full-current-policies-retire,MISE,MISW,104.66666666666667
MISW_to_SPPC,2040,full-current-policies-retire,MISW,SPPC,4.666666666666667
MISW_to_PJMC,2040,full-current-policies-retire,MISW,PJMC,98.0
MISE_to_PJMW,2040,full-current-policies-retire,MISE,PJMW,0.0
RMRG_to_SPPC,2040,full-current-policies-retire,RMRG,SPPC,2317.6666666666665
ISNE_to_NYCW,2040,full-current-policies-retire,ISNE,NYCW,0.0
PJMW_to_SRCE,2040,full-current-policies-retire,PJMW,SRCE,7.666666666666667
ISNE_to_NYUP,2040,full-current-policies-retire,ISNE,NYUP,2065.6666666666665
SPPC_to_SPPN,2040,full-current-policies-retire,SPPC,SPPN,28.666666666666668
CASO_to_SRSG,2040,full-current-policies-retire,CASO,SRSG,6.333333333333333
RMRG_to_SPPN,2040,full-current-policies-retire,RMRG,SPPN,818.6666666666666
RMRG_to_SRSG,2040,full-current-policies-retire,RMRG,SRSG,9.333333333333334
FRCC_to_SRSE,2040,full-current-policies-retire,FRCC,SRSE,45.333333333333336
PJMW_to_SRCA,2040,full-current-policies-retire,PJMW,SRCA,4.333333333333333
PJMD_to_PJMW,2040,full-current-policies-retire,PJMD,PJMW,0.5
MISC_to_MISW,2040,full-current-policies-retire,MISC,MISW,0.0
PJMD_to_PJME,2040,full-current-policies-retire,PJMD,PJME,140.33333333333334
MISC_to_PJMC,2040,full-current-policies-retire,MISC,PJMC,0.0
PJMC_to_PJMW,2040,full-current-policies-retire,PJMC,PJMW,1638.6666666666667
MISC_to_MISE,2040,full-current-policies-retire,MISC,MISE,60.333333333333336
PJME_to_PJMW,2040,full-current-policies-retire,PJME,PJMW,2045.0
PJMD_to_SRCA,2040,full-current-policies-retire,PJMD,SRCA,5.666666666666667
MISC_to_MISS,2040,full-current-policies-retire,MISC,MISS,0.0
TREW_to_TRE,2045,full-current-policies-retire,TREW,TRE,7.0
SPPS_to_TREW,2045,full-current-policies-retire,SPPS,TREW,829.6666666666666
SRSG_to_TRE,2045,full-current-policies-retire,SRSG,TRE,10.666666666666666
CASO_to_NWPP,2045,full-current-policies-retire,CASO,NWPP,0.0
SRCA_to_SRCE,2045,full-current-policies-retire,SRCA,SRCE,8.333333333333334
SPPC_to_SPPS,2045,full-current-policies-retire,SPPC,SPPS,87.33333333333333
BASN_to_RMRG,2045,full-current-policies-retire,BASN,RMRG,85.33333333333333
BASN_to_CANO,2045,full-current-policies-retire,BASN,CANO,0.0
SRCA_to_SRSE,2045,full-current-policies-retire,SRCA,SRSE,5.666666666666667
BASN_to_CASO,2045,full-current-policies-retire,BASN,CASO,0.5
SPPS_to_SRSG,2045,full-current-policies-retire,SPPS,SRSG,1460.0
SPPS_to_TRE,2045,full-current-policies-retire,SPPS,TRE,23.333333333333332
CANO_to_CASO,2045,full-current-policies-retire,CANO,CASO,0.5
BASN_to_NWPP,2045,full-current-policies-retire,BASN,NWPP,0.5
SRCE_to_SRSE,2045,full-current-policies-retire,SRCE,SRSE,0.5
CANO_to_NWPP,2045,full-current-policies-retire,CANO,NWPP,0.0
BASN_to_SRSG,2045,full-current-policies-retire,BASN,SRSG,4.0
SPPN_to_SPPS,2045,full-current-policies-retire,SPPN,SPPS,218.0
PJME_to_PJMW,2045,full-current-policies-retire,PJME,PJMW,18.666666666666668
MISC_to_SPPN,2045,full-current-policies-retire,MISC,SPPN,18.0
NWPP_to_RMRG,2045,full-current-policies-retire,NWPP,RMRG,33.0
MISC_to_SPPS,2045,full-current-policies-retire,MISC,SPPS,577.6666666666666
MISC_to_SRCE,2045,full-current-policies-retire,MISC,SRCE,0.0
NWPP_to_SPPN,2045,full-current-policies-retire,NWPP,SPPN,26.333333333333332
MISC_to_PJMW,2045,full-current-policies-retire,MISC,PJMW,34.333333333333336
NYCW_to_PJME,2045,full-current-policies-retire,NYCW,PJME,130.0
NYCW_to_NYUP,2045,full-current-policies-retire,NYCW,NYUP,56.666666666666664
MISC_to_SPPC,2045,full-current-policies-retire,MISC,SPPC,255.66666666666666
MISW_to_SPPN,2045,full-current-policies-retire,MISW,SPPN,4.333333333333333
MISS_to_SPPC,2045,full-current-policies-retire,MISS,SPPC,16.333333333333332
MISS_to_SRSE,2045,full-current-policies-retire,MISS,SRSE,46.0
MISS_to_SPPS,2045,full-current-policies-retire,MISS,SPPS,11.666666666666666
MISS_to_SRCE,2045,full-current-policies-retire,MISS,SRCE,5.0
NYUP_to_PJME,2045,full-current-policies-retire,NYUP,PJME,4364.333333333333
MISW_to_NWPP,2045,full-current-policies-retire,MISW,NWPP,3.6666666666666665
MISW_to_SPPC,2045,full-current-policies-retire,MISW,SPPC,5.666666666666667
MISE_to_MISW,2045,full-current-policies-retire,MISE,MISW,11.666666666666666
MISW_to_PJMC,2045,full-current-policies-retire,MISW,PJMC,9.666666666666666
MISE_to_PJMW,2045,full-current-policies-retire,MISE,PJMW,0.5
RMRG_to_SPPC,2045,full-current-policies-retire,RMRG,SPPC,27.333333333333332
ISNE_to_NYCW,2045,full-current-policies-retire,ISNE,NYCW,4.0
PJMW_to_SRCE,2045,full-current-policies-retire,PJMW,SRCE,178.66666666666666
PJMW_to_SRCA,2045,full-current-policies-retire,PJMW,SRCA,0.0
ISNE_to_NYUP,2045,full-current-policies-retire,ISNE,NYUP,43.333333333333336
FRCC_to_SRSE,2045,full-current-policies-retire,FRCC,SRSE,16.0
SPPC_to_SPPN,2045,full-current-policies-retire,SPPC,SPPN,18.666666666666668
CASO_to_SRSG,2045,full-current-policies-retire,CASO,SRSG,8.0
RMRG_to_SRSG,2045,full-current-policies-retire,RMRG,SRSG,151.33333333333334
RMRG_to_SPPN,2045,full-current-policies-retire,RMRG,SPPN,61.666666666666664
MISC_to_MISW,2045,full-current-policies-retire,MISC,MISW,0.0
PJMD_to_PJME,2045,full-current-policies-retire,PJMD,PJME,15.0
PJMC_to_PJMW,2045,full-current-policies-retire,PJMC,PJMW,919.3333333333334
MISC_to_PJMC,2045,full-current-policies-retire,MISC,PJMC,6.0
PJMD_to_PJMW,2045,full-current-policies-retire,PJMD,PJMW,6.0
MISC_to_MISE,2045,full-current-policies-retire,MISC,MISE,192.33333333333334
PJMD_to_SRCA,2045,full-current-policies-retire,PJMD,SRCA,5.333333333333333
MISC_to_MISS,2045,full-current-policies-retire,MISC,MISS,4.666666666666667
SRSG_to_TRE,2050,full-current-policies-retire,SRSG,TRE,11.333333333333334
CANO_to_NWPP,2050,full-current-policies-retire,CANO,NWPP,7.5
SPPC_to_SPPS,2050,full-current-policies-retire,SPPC,SPPS,77.66666666666667
SPPS_to_TREW,2050,full-current-policies-retire,SPPS,TREW,339.0
BASN_to_RMRG,2050,full-current-policies-retire,BASN,RMRG,20.333333333333332
SRCA_to_SRCE,2050,full-current-policies-retire,SRCA,SRCE,8.666666666666666
SPPS_to_TRE,2050,full-current-policies-retire,SPPS,TRE,8.0
BASN_to_CASO,2050,full-current-policies-retire,BASN,CASO,3.0
SRCE_to_SRSE,2050,full-current-policies-retire,SRCE,SRSE,0.0
SRCA_to_SRSE,2050,full-current-policies-retire,SRCA,SRSE,8.666666666666666
BASN_to_NWPP,2050,full-current-policies-retire,BASN,NWPP,0.0
SPPS_to_SRSG,2050,full-current-policies-retire,SPPS,SRSG,2208.6666666666665
CANO_to_CASO,2050,full-current-policies-retire,CANO,CASO,0.5
BASN_to_CANO,2050,full-current-policies-retire,BASN,CANO,0.0
BASN_to_SRSG,2050,full-current-policies-retire,BASN,SRSG,3.5
SPPN_to_SPPS,2050,full-current-policies-retire,SPPN,SPPS,14.666666666666666
MISC_to_SPPN,2050,full-current-policies-retire,MISC,SPPN,12.333333333333334
NWPP_to_RMRG,2050,full-current-policies-retire,NWPP,RMRG,22.666666666666668
MISC_to_SPPS,2050,full-current-policies-retire,MISC,SPPS,12.333333333333334
NWPP_to_SPPN,2050,full-current-policies-retire,NWPP,SPPN,523.6666666666666
MISC_to_PJMW,2050,full-current-policies-retire,MISC,PJMW,14.0
NYCW_to_PJME,2050,full-current-policies-retire,NYCW,PJME,5.666666666666667
MISC_to_SRCE,2050,full-current-policies-retire,MISC,SRCE,0.0
NYCW_to_NYUP,2050,full-current-policies-retire,NYCW,NYUP,278.6666666666667
MISC_to_SPPC,2050,full-current-policies-retire,MISC,SPPC,20.333333333333332
MISW_to_SPPN,2050,full-current-policies-retire,MISW,SPPN,0.5
MISS_to_SPPC,2050,full-current-policies-retire,MISS,SPPC,4.0
MISS_to_SRSE,2050,full-current-policies-retire,MISS,SRSE,105.66666666666667
MISS_to_SRCE,2050,full-current-policies-retire,MISS,SRCE,4.333333333333333
MISS_to_SPPS,2050,full-current-policies-retire,MISS,SPPS,4.0
MISW_to_NWPP,2050,full-current-policies-retire,MISW,NWPP,0.0
MISW_to_SPPC,2050,full-current-policies-retire,MISW,SPPC,15.5
MISE_to_PJMW,2050,full-current-policies-retire,MISE,PJMW,0.0
MISE_to_MISW,2050,full-current-policies-retire,MISE,MISW,5.333333333333333
MISW_to_PJMC,2050,full-current-policies-retire,MISW,PJMC,6.333333333333333
NYUP_to_PJME,2050,full-current-policies-retire,NYUP,PJME,3541.0
RMRG_to_SPPC,2050,full-current-policies-retire,RMRG,SPPC,8.0
PJMW_to_SRCE,2050,full-current-policies-retire,PJMW,SRCE,347.3333333333333
PJMW_to_SRCA,2050,full-current-policies-retire,PJMW,SRCA,0.0
ISNE_to_NYCW,2050,full-current-policies-retire,ISNE,NYCW,0.0
FRCC_to_SRSE,2050,full-current-policies-retire,FRCC,SRSE,80.0
SPPC_to_SPPN,2050,full-current-policies-retire,SPPC,SPPN,5.666666666666667
RMRG_to_SRSG,2050,full-current-policies-retire,RMRG,SRSG,183.33333333333334
RMRG_to_SPPN,2050,full-current-policies-retire,RMRG,SPPN,262.0
CASO_to_SRSG,2050,full-current-policies-retire,CASO,SRSG,227.0
CASO_to_NWPP,2050,full-current-policies-retire,CASO,NWPP,1.0
MISC_to_MISW,2050,full-current-policies-retire,MISC,MISW,0.0
PJMD_to_PJME,2050,full-current-policies-retire,PJMD,PJME,4.0
PJMC_to_PJMW,2050,full-current-policies-retire,PJMC,PJMW,13.666666666666666
MISC_to_PJMC,2050,full-current-policies-retire,MISC,PJMC,0.0
ISNE_to_NYUP,2050,full-current-policies-retire,ISNE,NYUP,4.0
PJMD_to_PJMW,2050,full-current-policies-retire,PJMD,PJMW,1.5
PJME_to_PJMW,2050,full-current-policies-retire,PJME,PJMW,12.333333333333334
MISC_to_MISE,2050,full-current-policies-retire,MISC,MISE,9.333333333333334
PJMD_to_SRCA,2050,full-current-policies-retire,PJMD,SRCA,4.0
MISC_to_MISS,2050,full-current-policies-retire,MISC,MISS,0.0
TREW_to_TRE,2050,full-current-policies-retire,TREW,TRE,0.0
